timestamp,server_id,cpu,memory,temperature,power,scenario,label
2026-09-10T00:00:00+00:00,server01,47.3,66.26,49.38,197.8,normal,0
2026-09-10T00:00:10+00:00,server01,74.7,50.26,81.08,267.53,cooling_fault,1
2026-09-10T00:00:20+00:00,server01,88.78,55.99,64.45,313.6,normal,0
2026-09-10T00:00:30+00:00,server01,57.14,40.62,52.63,228.92,normal,0
2026-09-10T00:00:40+00:00,server01,40.13,73.34,43.58,194.9,normal,0
2026-09-10T00:00:50+00:00,server01,49.67,60.48,48.62,220.8,normal,0
2026-09-10T00:01:00+00:00,server01,92.24,47.32,59.84,320.49,normal,0
2026-09-10T00:01:10+00:00,server01,21.04,42.4,34.89,148.43,normal,0
2026-09-10T00:01:20+00:00,server01,80.78,37.43,59.9,279.77,normal,0
2026-09-10T00:01:30+00:00,server01,96.35,95.66,66.34,341.73,overload,1
2026-09-10T00:01:40+00:00,server01,10.63,59.34,35.61,111.65,normal,0
2026-09-10T00:01:50+00:00,server01,49.01,45.42,46.33,223.2,normal,0
2026-09-10T00:02:00+00:00,server01,50.04,29.76,46.51,210.33,normal,0
2026-09-10T00:02:10+00:00,server01,57.53,66.9,49.09,234.45,normal,0
2026-09-10T00:02:20+00:00,server01,44.72,35.86,42.25,190.74,normal,0
2026-09-10T00:02:30+00:00,server01,34.96,65.36,40.95,184.77,normal,0
2026-09-10T00:02:40+00:00,server01,44.54,61.85,43.6,202.55,normal,0
2026-09-10T00:02:50+00:00,server01,71.4,62.3,53.58,270.15,normal,0
2026-09-10T00:03:00+00:00,server01,69.19,64.98,53.92,262.16,normal,0
2026-09-10T00:03:10+00:00,server01,40.75,33.29,40.3,179.82,normal,0
2026-09-10T00:03:20+00:00,server01,69.48,49.33,84.51,258.69,cooling_fault,1
2026-09-10T00:03:30+00:00,server01,48.2,51.92,44.02,208.53,normal,0
2026-09-10T00:03:40+00:00,server01,27.2,61.52,40.23,158.98,normal,0
2026-09-10T00:03:50+00:00,server01,96.22,93.41,64.37,339.12,overload,1
2026-09-10T00:04:00+00:00,server01,65.24,39.65,53.37,250.22,normal,0
2026-09-10T00:04:10+00:00,server01,38.04,60.35,47.7,179.89,normal,0
2026-09-10T00:04:20+00:00,server01,88.64,49.15,56.89,312.55,normal,0
2026-09-10T00:04:30+00:00,server01,91.48,39.77,62.96,318.18,normal,0
2026-09-10T00:04:40+00:00,server01,51.71,61.22,45.13,205.41,normal,0
2026-09-10T00:04:50+00:00,server01,38.18,48.77,41.53,185.14,normal,0
2026-09-10T00:05:00+00:00,server01,96.47,94.52,60.66,326.49,overload,1
2026-09-10T00:05:10+00:00,server01,33.9,59.21,47.17,180.18,normal,0
2026-09-10T00:05:20+00:00,server01,87.86,37.23,57.86,296.23,normal,0
2026-09-10T00:05:30+00:00,server01,80.53,67.58,55.48,301.0,normal,0
2026-09-10T00:05:40+00:00,server01,53.78,54.39,46.86,228.96,normal,0
2026-09-10T00:05:50+00:00,server01,46.98,35.83,46.96,216.14,normal,0
2026-09-10T00:06:00+00:00,server01,95.64,95.86,67.39,340.06,overload,1
2026-09-10T00:06:10+00:00,server01,41.76,61.43,49.22,200.12,normal,0
2026-09-10T00:06:20+00:00,server01,30.48,79.76,72.56,175.65,cooling_fault,1
2026-09-10T00:06:30+00:00,server01,60.95,38.39,48.65,242.94,normal,0
2026-09-10T00:06:40+00:00,server01,52.56,52.55,74.75,233.18,cooling_fault,1
2026-09-10T00:06:50+00:00,server01,67.6,24.25,53.51,242.77,normal,0
2026-09-10T00:07:00+00:00,server01,26.98,49.99,42.19,149.14,normal,0
2026-09-10T00:07:10+00:00,server01,20.52,62.33,35.73,145.32,normal,0
2026-09-10T00:07:20+00:00,server01,66.34,75.06,52.76,256.18,normal,0
2026-09-10T00:07:30+00:00,server01,57.19,57.65,46.76,235.28,normal,0
2026-09-10T00:07:40+00:00,server01,92.13,83.15,59.69,323.76,normal,0
2026-09-10T00:07:50+00:00,server01,76.7,59.73,60.46,276.18,normal,0
2026-09-10T00:08:00+00:00,server01,29.77,52.56,37.23,162.99,normal,0
2026-09-10T00:08:10+00:00,server01,46.2,53.59,40.9,195.22,normal,0
2026-09-10T00:08:20+00:00,server01,30.12,38.55,46.05,187.08,normal,0
2026-09-10T00:08:30+00:00,server01,60.53,60.12,56.37,235.41,normal,0
2026-09-10T00:08:40+00:00,server01,88.28,61.52,59.77,309.26,normal,0
2026-09-10T00:08:50+00:00,server01,11.8,51.0,34.83,119.17,normal,0
2026-09-10T00:09:00+00:00,server01,67.86,57.33,54.81,260.49,normal,0
2026-09-10T00:09:10+00:00,server01,93.84,95.95,62.55,350.73,overload,1
2026-09-10T00:09:20+00:00,server01,45.38,43.55,42.55,211.51,normal,0
2026-09-10T00:09:30+00:00,server01,88.61,28.83,63.8,304.95,normal,0
2026-09-10T00:09:40+00:00,server01,78.17,58.96,82.57,282.96,cooling_fault,1
2026-09-10T00:09:50+00:00,server01,55.57,57.29,53.86,210.01,normal,0
2026-09-10T00:10:00+00:00,server01,64.36,59.44,51.41,238.25,normal,0
2026-09-10T00:10:10+00:00,server01,29.77,31.99,43.01,158.41,normal,0
2026-09-10T00:10:20+00:00,server01,68.29,49.98,57.8,263.55,normal,0
2026-09-10T00:10:30+00:00,server01,37.91,61.59,48.5,192.97,normal,0
2026-09-10T00:10:40+00:00,server01,95.11,95.2,61.2,344.74,overload,1
2026-09-10T00:10:50+00:00,server01,69.06,52.14,57.68,267.39,normal,0
2026-09-10T00:11:00+00:00,server01,17.18,31.42,35.81,121.29,normal,0
2026-09-10T00:11:10+00:00,server01,100.0,96.91,63.09,340.96,overload,1
2026-09-10T00:11:20+00:00,server01,60.16,44.93,51.99,247.1,normal,0
2026-09-10T00:11:30+00:00,server01,49.61,59.57,47.58,220.24,normal,0
2026-09-10T00:11:40+00:00,server01,60.97,46.13,53.11,227.5,normal,0
2026-09-10T00:11:50+00:00,server01,65.92,67.7,51.36,265.02,normal,0
2026-09-10T00:12:00+00:00,server01,86.36,58.52,61.04,297.91,normal,0
2026-09-10T00:12:10+00:00,server01,23.4,60.75,41.19,145.91,normal,0
2026-09-10T00:12:20+00:00,server01,72.02,43.85,52.74,267.63,normal,0
2026-09-10T00:12:30+00:00,server01,41.99,74.93,47.27,209.99,normal,0
2026-09-10T00:12:40+00:00,server01,82.3,51.92,52.79,305.92,normal,0
2026-09-10T00:12:50+00:00,server01,11.05,74.64,29.06,118.89,normal,0
2026-09-10T00:13:00+00:00,server01,47.6,61.59,48.23,214.92,normal,0
2026-09-10T00:13:10+00:00,server01,94.75,55.82,61.75,327.81,normal,0
2026-09-10T00:13:20+00:00,server01,94.92,45.06,63.64,327.42,normal,0
2026-09-10T00:13:30+00:00,server01,97.59,92.89,63.62,343.66,overload,1
2026-09-10T00:13:40+00:00,server01,87.4,62.82,59.79,307.68,normal,0
2026-09-10T00:13:50+00:00,server01,61.5,35.55,47.08,219.61,normal,0
2026-09-10T00:14:00+00:00,server01,78.08,50.73,57.92,291.33,normal,0
2026-09-10T00:14:10+00:00,server01,95.79,99.06,63.8,332.92,overload,1
2026-09-10T00:14:20+00:00,server01,72.44,41.68,54.28,272.79,normal,0
2026-09-10T00:14:30+00:00,server01,61.98,60.89,72.53,250.82,cooling_fault,1
2026-09-10T00:14:40+00:00,server01,90.51,97.78,59.86,322.28,overload,1
2026-09-10T00:14:50+00:00,server01,48.98,61.42,71.39,218.6,cooling_fault,1
2026-09-10T00:15:00+00:00,server01,90.41,49.86,57.21,320.48,normal,0
2026-09-10T00:15:10+00:00,server01,89.95,60.75,61.09,316.9,normal,0
2026-09-10T00:15:20+00:00,server01,20.13,56.04,37.53,153.74,normal,0
2026-09-10T00:15:30+00:00,server01,61.93,54.61,52.62,238.36,normal,0
2026-09-10T00:15:40+00:00,server01,60.01,38.24,49.63,233.14,normal,0
2026-09-10T00:15:50+00:00,server01,29.18,40.57,41.25,158.93,normal,0
2026-09-10T00:16:00+00:00,server01,65.46,64.29,51.89,264.89,normal,0
2026-09-10T00:16:10+00:00,server01,63.21,93.97,52.79,271.36,normal,0
2026-09-10T00:16:20+00:00,server01,97.74,94.83,63.7,336.79,overload,1
2026-09-10T00:16:30+00:00,server01,81.18,64.98,61.67,297.25,normal,0
2026-09-10T00:16:40+00:00,server01,38.4,50.37,46.25,172.62,normal,0
2026-09-10T00:16:50+00:00,server01,80.31,32.57,62.2,289.68,normal,0
2026-09-10T00:17:00+00:00,server01,20.17,10.53,35.43,150.94,normal,0
2026-09-10T00:17:10+00:00,server01,36.43,61.98,38.07,183.65,normal,0
2026-09-10T00:17:20+00:00,server01,10.91,66.86,34.85,131.59,normal,0
2026-09-10T00:17:30+00:00,server01,81.09,79.43,55.47,291.33,normal,0
2026-09-10T00:17:40+00:00,server01,22.04,76.06,60.94,167.34,cooling_fault,1
2026-09-10T00:17:50+00:00,server01,46.87,78.47,45.32,208.5,normal,0
2026-09-10T00:18:00+00:00,server01,13.8,31.51,62.38,118.25,cooling_fault,1
2026-09-10T00:18:10+00:00,server01,51.93,43.2,43.12,210.98,normal,0
2026-09-10T00:18:20+00:00,server01,65.18,51.2,52.33,253.41,normal,0
2026-09-10T00:18:30+00:00,server01,55.86,64.94,50.71,238.0,normal,0
2026-09-10T00:18:40+00:00,server01,82.42,53.69,57.93,287.89,normal,0
2026-09-10T00:18:50+00:00,server01,92.27,92.33,62.08,331.81,overload,1
2026-09-10T00:19:00+00:00,server01,25.09,68.5,41.0,159.48,normal,0
2026-09-10T00:19:10+00:00,server01,48.1,57.82,66.04,212.24,cooling_fault,1
2026-09-10T00:19:20+00:00,server01,69.76,57.85,50.05,275.46,normal,0
2026-09-10T00:19:30+00:00,server01,74.72,60.45,48.92,268.22,normal,0
2026-09-10T00:19:40+00:00,server01,83.68,65.72,65.28,291.13,normal,0
2026-09-10T00:19:50+00:00,server01,65.6,79.17,49.29,263.18,normal,0
2026-09-10T00:20:00+00:00,server01,73.75,48.64,50.86,261.34,normal,0
2026-09-10T00:20:10+00:00,server01,51.62,67.19,48.79,209.86,normal,0
2026-09-10T00:20:20+00:00,server01,77.46,74.12,55.23,283.05,normal,0
2026-09-10T00:20:30+00:00,server01,79.92,61.72,76.23,294.63,cooling_fault,1
2026-09-10T00:20:40+00:00,server01,67.4,33.64,54.93,245.4,normal,0
2026-09-10T00:20:50+00:00,server01,78.07,58.62,55.48,296.57,normal,0
2026-09-10T00:21:00+00:00,server01,96.1,95.81,61.77,343.14,overload,1
2026-09-10T00:21:10+00:00,server01,86.13,75.44,57.02,290.04,normal,0
2026-09-10T00:21:20+00:00,server01,82.53,48.92,53.08,290.27,normal,0
2026-09-10T00:21:30+00:00,server01,85.36,38.3,61.61,300.54,normal,0
2026-09-10T00:21:40+00:00,server01,78.63,85.79,58.04,291.75,normal,0
2026-09-10T00:21:50+00:00,server01,58.86,29.04,51.1,226.86,normal,0
2026-09-10T00:22:00+00:00,server01,21.42,80.02,34.19,160.11,normal,0
2026-09-10T00:22:10+00:00,server01,48.53,57.66,50.62,211.18,normal,0
2026-09-10T00:22:20+00:00,server01,73.92,41.46,79.5,269.19,cooling_fault,1
2026-09-10T00:22:30+00:00,server01,37.65,62.23,41.61,168.52,normal,0
2026-09-10T00:22:40+00:00,server01,65.54,44.29,48.99,257.28,normal,0
2026-09-10T00:22:50+00:00,server01,84.32,60.78,60.77,303.69,normal,0
2026-09-10T00:23:00+00:00,server01,47.26,64.38,50.3,208.57,normal,0
2026-09-10T00:23:10+00:00,server01,94.5,93.69,61.64,341.23,overload,1
2026-09-10T00:23:20+00:00,server01,65.5,48.63,53.87,249.82,normal,0
2026-09-10T00:23:30+00:00,server01,91.58,42.6,59.71,294.01,normal,0
2026-09-10T00:23:40+00:00,server01,48.69,51.98,50.38,210.48,normal,0
2026-09-10T00:23:50+00:00,server01,42.68,70.74,42.01,196.38,normal,0
2026-09-10T00:24:00+00:00,server01,43.5,64.71,45.18,209.43,normal,0
2026-09-10T00:24:10+00:00,server01,95.96,94.37,59.94,326.12,overload,1
2026-09-10T00:24:20+00:00,server01,76.35,39.67,56.43,284.16,normal,0
2026-09-10T00:24:30+00:00,server01,50.79,41.16,52.16,216.5,normal,0
2026-09-10T00:24:40+00:00,server01,14.13,38.21,61.74,125.84,cooling_fault,1
2026-09-10T00:24:50+00:00,server01,21.75,59.17,38.09,156.17,normal,0
2026-09-10T00:25:00+00:00,server01,19.4,21.29,39.8,142.46,normal,0
2026-09-10T00:25:10+00:00,server01,82.2,56.49,61.56,308.61,normal,0
2026-09-10T00:25:20+00:00,server01,75.7,41.6,56.53,271.77,normal,0
2026-09-10T00:25:30+00:00,server01,61.29,81.78,54.86,244.27,normal,0
2026-09-10T00:25:40+00:00,server01,77.93,61.64,61.03,290.61,normal,0
2026-09-10T00:25:50+00:00,server01,16.64,60.11,30.47,138.64,normal,0
2026-09-10T00:26:00+00:00,server01,71.64,80.23,60.26,286.88,normal,0
2026-09-10T00:26:10+00:00,server01,100.0,95.04,65.63,339.76,overload,1
2026-09-10T00:26:20+00:00,server01,53.12,35.46,48.44,217.49,normal,0
2026-09-10T00:26:30+00:00,server01,59.69,55.17,76.89,240.17,cooling_fault,1
2026-09-10T00:26:40+00:00,server01,62.85,52.73,49.76,236.66,normal,0
2026-09-10T00:26:50+00:00,server01,66.41,28.2,52.87,255.8,normal,0
2026-09-10T00:27:00+00:00,server01,84.28,55.58,56.96,290.28,normal,0
2026-09-10T00:27:10+00:00,server01,67.6,74.31,56.96,263.47,normal,0
2026-09-10T00:27:20+00:00,server01,45.64,58.26,70.17,202.39,cooling_fault,1
2026-09-10T00:27:30+00:00,server01,44.68,45.58,46.57,197.68,normal,0
2026-09-10T00:27:40+00:00,server01,22.7,37.91,36.5,157.35,normal,0
2026-09-10T00:27:50+00:00,server01,96.95,91.51,57.58,325.25,overload,1
2026-09-10T00:28:00+00:00,server01,96.09,94.65,67.28,317.63,overload,1
2026-09-10T00:28:10+00:00,server01,58.44,38.08,49.32,225.67,normal,0
2026-09-10T00:28:20+00:00,server01,18.49,76.41,41.98,144.61,normal,0
2026-09-10T00:28:30+00:00,server01,42.06,81.31,69.35,206.38,cooling_fault,1
2026-09-10T00:28:40+00:00,server01,61.74,67.77,49.49,256.27,normal,0
2026-09-10T00:28:50+00:00,server01,49.75,68.63,72.54,222.22,cooling_fault,1
2026-09-10T00:29:00+00:00,server01,23.84,61.37,32.53,160.97,normal,0
2026-09-10T00:29:10+00:00,server01,18.41,54.12,36.69,134.87,normal,0
2026-09-10T00:29:20+00:00,server01,25.79,48.9,37.27,156.19,normal,0
2026-09-10T00:29:30+00:00,server01,50.93,65.86,48.01,206.85,normal,0
2026-09-10T00:29:40+00:00,server01,31.46,51.69,40.7,170.78,normal,0
2026-09-10T00:29:50+00:00,server01,93.69,38.33,83.1,307.61,cooling_fault,1
2026-09-10T00:30:00+00:00,server01,35.88,48.53,35.05,167.04,normal,0
2026-09-10T00:30:10+00:00,server01,56.1,48.87,49.75,226.81,normal,0
2026-09-10T00:30:20+00:00,server01,93.97,92.41,64.33,320.97,overload,1
2026-09-10T00:30:30+00:00,server01,74.6,52.79,60.88,269.9,normal,0
2026-09-10T00:30:40+00:00,server01,86.17,35.84,60.37,288.95,normal,0
2026-09-10T00:30:50+00:00,server01,45.15,63.33,43.94,215.27,normal,0
2026-09-10T00:31:00+00:00,server01,100.0,96.59,69.2,333.93,overload,1
2026-09-10T00:31:10+00:00,server01,89.9,56.79,59.75,311.47,normal,0
2026-09-10T00:31:20+00:00,server01,55.03,61.21,48.56,231.04,normal,0
2026-09-10T00:31:30+00:00,server01,90.94,72.48,66.77,322.48,normal,0
2026-09-10T00:31:40+00:00,server01,27.66,53.68,42.5,169.41,normal,0
2026-09-10T00:31:50+00:00,server01,37.33,62.36,72.87,190.62,cooling_fault,1
2026-09-10T00:32:00+00:00,server01,25.92,11.04,40.22,116.32,normal,0
2026-09-10T00:32:10+00:00,server01,22.99,62.16,34.56,148.14,normal,0
2026-09-10T00:32:20+00:00,server01,77.53,88.64,57.13,295.93,normal,0
2026-09-10T00:32:30+00:00,server01,88.52,39.96,60.65,304.16,normal,0
2026-09-10T00:32:40+00:00,server01,33.88,43.87,70.55,174.74,cooling_fault,1
2026-09-10T00:32:50+00:00,server01,63.74,58.35,54.16,242.49,normal,0
2026-09-10T00:33:00+00:00,server01,49.19,48.81,42.97,216.26,normal,0
2026-09-10T00:33:10+00:00,server01,39.13,58.44,71.64,194.44,cooling_fault,1
2026-09-10T00:33:20+00:00,server01,48.22,59.97,45.97,209.85,normal,0
2026-09-10T00:33:30+00:00,server01,90.54,81.92,65.63,320.99,normal,0
2026-09-10T00:33:40+00:00,server01,71.18,56.82,55.31,274.47,normal,0
2026-09-10T00:33:50+00:00,server01,39.1,48.78,45.59,188.5,normal,0
2026-09-10T00:34:00+00:00,server01,66.74,49.38,55.63,258.01,normal,0
2026-09-10T00:34:10+00:00,server01,26.81,47.49,34.42,150.24,normal,0
2026-09-10T00:34:20+00:00,server01,21.0,50.89,36.34,150.62,normal,0
2026-09-10T00:34:30+00:00,server01,87.38,61.15,62.43,291.19,normal,0
2026-09-10T00:34:40+00:00,server01,61.86,55.54,76.63,253.48,cooling_fault,1
2026-09-10T00:34:50+00:00,server01,43.97,47.49,72.33,195.56,cooling_fault,1
2026-09-10T00:35:00+00:00,server01,98.96,93.33,67.05,350.92,overload,1
2026-09-10T00:35:10+00:00,server01,56.29,65.48,50.01,228.63,normal,0
2026-09-10T00:35:20+00:00,server01,87.58,63.14,57.79,312.63,normal,0
2026-09-10T00:35:30+00:00,server01,75.0,56.64,63.58,265.97,normal,0
2026-09-10T00:35:40+00:00,server01,64.81,61.17,53.04,257.45,normal,0
2026-09-10T00:35:50+00:00,server01,28.6,48.15,43.41,157.94,normal,0
2026-09-10T00:36:00+00:00,server01,38.57,61.83,47.84,190.5,normal,0
2026-09-10T00:36:10+00:00,server01,19.83,51.56,32.16,135.77,normal,0
2026-09-10T00:36:20+00:00,server01,45.94,97.14,44.32,230.88,normal,0
2026-09-10T00:36:30+00:00,server01,21.73,61.49,37.79,151.48,normal,0
2026-09-10T00:36:40+00:00,server01,19.51,31.85,38.79,134.16,normal,0
2026-09-10T00:36:50+00:00,server01,52.57,66.92,48.94,220.99,normal,0
2026-09-10T00:37:00+00:00,server01,53.9,78.69,75.84,240.75,cooling_fault,1
2026-09-10T00:37:10+00:00,server01,49.2,64.21,49.02,221.51,normal,0
2026-09-10T00:37:20+00:00,server01,76.93,34.66,54.54,285.47,normal,0
2026-09-10T00:37:30+00:00,server01,73.65,50.92,52.32,270.11,normal,0
2026-09-10T00:37:40+00:00,server01,84.72,72.01,58.57,307.75,normal,0
2026-09-10T00:37:50+00:00,server01,14.49,55.05,32.82,129.4,normal,0
2026-09-10T00:38:00+00:00,server01,65.44,81.57,52.61,259.58,normal,0
2026-09-10T00:38:10+00:00,server01,93.32,94.21,60.6,343.28,overload,1
2026-09-10T00:38:20+00:00,server01,72.71,55.93,55.56,270.58,normal,0
2026-09-10T00:38:30+00:00,server01,49.5,20.21,41.32,200.51,normal,0
2026-09-10T00:38:40+00:00,server01,20.11,62.1,35.88,155.04,normal,0
2026-09-10T00:38:50+00:00,server01,96.55,97.89,64.61,336.6,overload,1
2026-09-10T00:39:00+00:00,server01,43.4,55.02,49.61,181.05,normal,0
2026-09-10T00:39:10+00:00,server01,28.77,49.55,39.3,151.85,normal,0
2026-09-10T00:39:20+00:00,server01,56.83,91.86,55.29,240.65,normal,0
2026-09-10T00:39:30+00:00,server01,61.13,26.38,51.05,226.65,normal,0
2026-09-10T00:39:40+00:00,server01,80.26,43.57,58.54,288.63,normal,0
2026-09-10T00:39:50+00:00,server01,36.75,67.82,40.46,193.62,normal,0
2026-09-10T00:40:00+00:00,server01,28.04,50.26,40.91,167.29,normal,0
2026-09-10T00:40:10+00:00,server01,100.0,98.02,64.44,355.41,overload,1
2026-09-10T00:40:20+00:00,server01,59.79,36.58,48.15,246.35,normal,0
2026-09-10T00:40:30+00:00,server01,27.59,47.71,40.92,159.72,normal,0
2026-09-10T00:40:40+00:00,server01,93.98,92.86,60.25,351.66,overload,1
2026-09-10T00:40:50+00:00,server01,61.89,47.66,51.1,237.13,normal,0
2026-09-10T00:41:00+00:00,server01,19.13,27.84,29.95,124.7,normal,0
2026-09-10T00:41:10+00:00,server01,95.87,98.87,64.79,346.0,overload,1
2026-09-10T00:41:20+00:00,server01,44.11,65.93,43.71,210.11,normal,0
2026-09-10T00:41:30+00:00,server01,94.35,91.63,59.47,334.62,overload,1
2026-09-10T00:41:40+00:00,server01,59.7,55.4,52.61,244.85,normal,0
2026-09-10T00:41:50+00:00,server01,83.62,39.98,64.32,288.44,normal,0
2026-09-10T00:42:00+00:00,server01,63.82,48.82,46.91,246.44,normal,0
2026-09-10T00:42:10+00:00,server01,48.34,77.75,44.53,221.75,normal,0
2026-09-10T00:42:20+00:00,server01,37.26,66.62,42.93,203.33,normal,0
2026-09-10T00:42:30+00:00,server01,71.46,56.46,57.4,264.88,normal,0
2026-09-10T00:42:40+00:00,server01,31.88,42.46,43.14,174.45,normal,0
2026-09-10T00:42:50+00:00,server01,14.47,76.74,33.94,140.73,normal,0
2026-09-10T00:43:00+00:00,server01,10.39,46.0,38.5,121.65,normal,0
2026-09-10T00:43:10+00:00,server01,73.19,22.44,49.58,268.76,normal,0
2026-09-10T00:43:20+00:00,server01,76.87,35.1,56.83,291.04,normal,0
2026-09-10T00:43:30+00:00,server01,32.98,48.41,40.36,156.64,normal,0
2026-09-10T00:43:40+00:00,server01,92.06,31.37,60.24,301.09,normal,0
2026-09-10T00:43:50+00:00,server01,84.64,23.73,61.47,296.29,normal,0
2026-09-10T00:44:00+00:00,server01,93.48,40.05,66.42,294.15,normal,0
2026-09-10T00:44:10+00:00,server01,20.06,67.07,35.0,151.51,normal,0
2026-09-10T00:44:20+00:00,server01,84.32,51.96,60.64,286.07,normal,0
2026-09-10T00:44:30+00:00,server01,23.89,46.59,38.29,138.81,normal,0
2026-09-10T00:44:40+00:00,server01,49.25,59.39,42.47,215.02,normal,0
2026-09-10T00:44:50+00:00,server01,39.25,38.88,46.37,188.03,normal,0
2026-09-10T00:45:00+00:00,server01,100.0,96.41,67.53,370.61,overload,1
2026-09-10T00:45:10+00:00,server01,46.47,61.42,47.58,205.73,normal,0
2026-09-10T00:45:20+00:00,server01,91.49,59.9,84.09,324.87,cooling_fault,1
2026-09-10T00:45:30+00:00,server01,13.83,63.43,54.67,135.05,cooling_fault,1
2026-09-10T00:45:40+00:00,server01,97.4,93.87,62.57,338.64,overload,1
2026-09-10T00:45:50+00:00,server01,47.83,68.74,41.54,222.3,normal,0
2026-09-10T00:46:00+00:00,server01,34.31,38.1,46.0,183.75,normal,0
2026-09-10T00:46:10+00:00,server01,80.55,67.44,59.41,280.71,normal,0
2026-09-10T00:46:20+00:00,server01,77.64,63.34,57.71,287.67,normal,0
2026-09-10T00:46:30+00:00,server01,69.91,11.99,78.2,250.07,cooling_fault,1
2026-09-10T00:46:40+00:00,server01,43.28,73.73,41.89,208.68,normal,0
2026-09-10T00:46:50+00:00,server01,89.11,77.16,59.56,320.71,normal,0
2026-09-10T00:47:00+00:00,server01,92.94,64.04,61.98,326.87,normal,0
2026-09-10T00:47:10+00:00,server01,30.09,50.14,64.72,163.33,cooling_fault,1
2026-09-10T00:47:20+00:00,server01,58.33,58.84,52.37,237.57,normal,0
2026-09-10T00:47:30+00:00,server01,78.05,88.45,52.61,303.94,normal,0
2026-09-10T00:47:40+00:00,server01,17.7,88.44,39.18,156.78,normal,0
2026-09-10T00:47:50+00:00,server01,75.52,51.86,57.6,288.0,normal,0
2026-09-10T00:48:00+00:00,server01,67.19,67.37,56.28,266.71,normal,0
2026-09-10T00:48:10+00:00,server01,89.62,41.07,58.76,294.32,normal,0
2026-09-10T00:48:20+00:00,server01,53.2,48.4,39.75,212.21,normal,0
2026-09-10T00:48:30+00:00,server01,45.85,60.41,41.88,219.67,normal,0
2026-09-10T00:48:40+00:00,server01,14.32,89.89,39.56,138.88,normal,0
2026-09-10T00:48:50+00:00,server01,15.13,62.65,34.98,131.94,normal,0
2026-09-10T00:49:00+00:00,server01,64.22,89.49,52.75,275.27,normal,0
2026-09-10T00:49:10+00:00,server01,67.11,44.13,50.93,257.98,normal,0
2026-09-10T00:49:20+00:00,server01,96.12,91.14,59.56,326.62,overload,1
2026-09-10T00:49:30+00:00,server01,21.15,71.88,37.36,134.24,normal,0
2026-09-10T00:49:40+00:00,server01,95.51,100.0,59.06,336.1,overload,1
2026-09-10T00:49:50+00:00,server01,34.76,63.45,42.51,185.11,normal,0
2026-09-10T00:50:00+00:00,server01,24.89,68.17,34.59,162.82,normal,0
2026-09-10T00:50:10+00:00,server01,36.21,54.66,40.81,174.72,normal,0
2026-09-10T00:50:20+00:00,server01,50.9,59.84,44.36,225.8,normal,0
2026-09-10T00:50:30+00:00,server01,79.75,45.63,61.89,287.73,normal,0
2026-09-10T00:50:40+00:00,server01,43.33,23.39,45.03,206.98,normal,0
2026-09-10T00:50:50+00:00,server01,21.13,63.22,40.08,133.69,normal,0
2026-09-10T00:51:00+00:00,server01,74.87,44.28,60.14,270.45,normal,0
2026-09-10T00:51:10+00:00,server01,92.2,86.75,61.57,325.79,overload,1
2026-09-10T00:51:20+00:00,server01,49.18,72.98,46.7,202.85,normal,0
2026-09-10T00:51:30+00:00,server01,44.63,59.64,48.56,195.68,normal,0
2026-09-10T00:51:40+00:00,server01,29.14,66.24,35.14,162.37,normal,0
2026-09-10T00:51:50+00:00,server01,95.22,97.52,64.04,336.94,overload,1
2026-09-10T00:52:00+00:00,server01,89.8,28.29,59.02,308.41,normal,0
2026-09-10T00:52:10+00:00,server01,26.59,44.13,37.56,154.13,normal,0
2026-09-10T00:52:20+00:00,server01,94.11,92.81,65.25,340.19,overload,1
2026-09-10T00:52:30+00:00,server01,87.63,57.1,58.22,298.27,normal,0
2026-09-10T00:52:40+00:00,server01,33.48,37.55,42.2,177.45,normal,0
2026-09-10T00:52:50+00:00,server01,31.51,51.7,42.05,171.03,normal,0
2026-09-10T00:53:00+00:00,server01,92.21,95.09,65.36,312.12,overload,1
2026-09-10T00:53:10+00:00,server01,27.68,52.7,41.34,156.62,normal,0
2026-09-10T00:53:20+00:00,server01,73.5,19.83,58.55,254.47,normal,0
2026-09-10T00:53:30+00:00,server01,50.75,33.85,47.24,206.12,normal,0
2026-09-10T00:53:40+00:00,server01,45.01,59.81,71.71,218.58,cooling_fault,1
2026-09-10T00:53:50+00:00,server01,74.14,71.99,59.74,268.16,normal,0
2026-09-10T00:54:00+00:00,server01,49.43,62.62,47.88,215.67,normal,0
2026-09-10T00:54:10+00:00,server01,96.86,94.24,63.77,341.38,overload,1
2026-09-10T00:54:20+00:00,server01,44.17,98.71,63.35,218.22,cooling_fault,1
2026-09-10T00:54:30+00:00,server01,23.77,55.7,40.6,163.15,normal,0
2026-09-10T00:54:40+00:00,server01,82.33,19.84,90.18,286.55,cooling_fault,1
2026-09-10T00:54:50+00:00,server01,92.34,92.51,62.76,329.23,overload,1
2026-09-10T00:55:00+00:00,server01,89.77,28.52,64.34,304.08,normal,0
2026-09-10T00:55:10+00:00,server01,73.31,62.55,48.41,279.88,normal,0
2026-09-10T00:55:20+00:00,server01,52.74,53.21,51.97,221.12,normal,0
2026-09-10T00:55:30+00:00,server01,87.62,74.09,62.28,309.43,normal,0
2026-09-10T00:55:40+00:00,server01,26.03,60.83,33.83,166.72,normal,0
2026-09-10T00:55:50+00:00,server01,93.66,38.5,87.37,330.71,cooling_fault,1
2026-09-10T00:56:00+00:00,server01,17.97,58.36,61.3,142.9,cooling_fault,1
2026-09-10T00:56:10+00:00,server01,42.54,31.03,45.29,195.0,normal,0
2026-09-10T00:56:20+00:00,server01,38.63,69.83,44.62,187.86,normal,0
2026-09-10T00:56:30+00:00,server01,28.71,39.62,38.44,170.63,normal,0
2026-09-10T00:56:40+00:00,server01,39.6,46.93,44.61,187.99,normal,0
2026-09-10T00:56:50+00:00,server01,14.32,31.41,54.49,119.55,cooling_fault,1
2026-09-10T00:57:00+00:00,server01,55.16,48.01,56.43,212.89,normal,0
2026-09-10T00:57:10+00:00,server01,91.47,47.6,62.44,295.21,normal,0
2026-09-10T00:57:20+00:00,server01,50.47,48.2,48.44,223.79,normal,0
2026-09-10T00:57:30+00:00,server01,94.26,88.17,64.91,331.76,overload,1
2026-09-10T00:57:40+00:00,server01,86.75,46.24,83.25,306.91,cooling_fault,1
2026-09-10T00:57:50+00:00,server01,17.65,34.03,34.19,147.95,normal,0
2026-09-10T00:58:00+00:00,server01,21.27,40.89,35.86,143.89,normal,0
2026-09-10T00:58:10+00:00,server01,84.98,54.54,59.1,288.79,normal,0
2026-09-10T00:58:20+00:00,server01,39.42,34.47,43.23,178.38,normal,0
2026-09-10T00:58:30+00:00,server01,23.05,77.16,39.59,147.97,normal,0
2026-09-10T00:58:40+00:00,server01,82.79,46.35,59.92,288.68,normal,0
2026-09-10T00:58:50+00:00,server01,68.56,45.72,52.03,253.73,normal,0
2026-09-10T00:59:00+00:00,server01,57.11,80.65,56.79,233.02,normal,0
2026-09-10T00:59:10+00:00,server01,68.95,43.34,52.24,250.03,normal,0
2026-09-10T00:59:20+00:00,server01,44.77,36.75,48.2,191.13,normal,0
2026-09-10T00:59:30+00:00,server01,30.15,50.34,39.2,168.04,normal,0
2026-09-10T00:59:40+00:00,server01,52.43,71.79,49.24,216.6,normal,0
2026-09-10T00:59:50+00:00,server01,61.17,76.94,53.84,250.65,normal,0
2026-09-10T01:00:00+00:00,server01,88.34,65.32,64.56,320.49,normal,0
2026-09-10T01:00:10+00:00,server01,25.38,70.23,33.91,161.91,normal,0
2026-09-10T01:00:20+00:00,server01,75.39,27.22,55.41,266.47,normal,0
2026-09-10T01:00:30+00:00,server01,89.99,48.35,61.38,314.03,normal,0
2026-09-10T01:00:40+00:00,server01,45.04,56.39,40.0,208.83,normal,0
2026-09-10T01:00:50+00:00,server01,74.27,69.41,50.14,263.28,normal,0
2026-09-10T01:01:00+00:00,server01,31.29,57.55,39.56,177.67,normal,0
2026-09-10T01:01:10+00:00,server01,54.78,51.09,65.74,232.94,cooling_fault,1
2026-09-10T01:01:20+00:00,server01,54.93,41.81,51.25,231.25,normal,0
2026-09-10T01:01:30+00:00,server01,93.73,51.6,90.79,320.89,cooling_fault,1
2026-09-10T01:01:40+00:00,server01,56.52,63.68,50.05,236.51,normal,0
2026-09-10T01:01:50+00:00,server01,73.68,41.49,54.03,269.37,normal,0
2026-09-10T01:02:00+00:00,server01,82.29,35.35,52.69,288.37,normal,0
2026-09-10T01:02:10+00:00,server01,11.8,64.92,32.2,129.64,normal,0
2026-09-10T01:02:20+00:00,server01,15.52,62.13,33.36,134.54,normal,0
2026-09-10T01:02:30+00:00,server01,97.18,90.81,65.98,331.8,overload,1
2026-09-10T01:02:40+00:00,server01,78.23,59.35,57.85,283.89,normal,0
2026-09-10T01:02:50+00:00,server01,56.71,58.53,78.34,229.16,cooling_fault,1
2026-09-10T01:03:00+00:00,server01,60.95,39.03,45.85,243.83,normal,0
2026-09-10T01:03:10+00:00,server01,40.57,30.61,46.37,197.93,normal,0
2026-09-10T01:03:20+00:00,server01,11.57,24.88,34.85,106.72,normal,0
2026-09-10T01:03:30+00:00,server01,78.89,63.14,60.69,282.02,normal,0
2026-09-10T01:03:40+00:00,server01,30.87,51.0,39.06,156.99,normal,0
2026-09-10T01:03:50+00:00,server01,25.02,38.86,37.09,160.27,normal,0
2026-09-10T01:04:00+00:00,server01,11.52,64.29,54.39,127.19,cooling_fault,1
2026-09-10T01:04:10+00:00,server01,92.47,61.53,60.02,324.46,normal,0
2026-09-10T01:04:20+00:00,server01,82.23,72.85,49.64,294.28,normal,0
2026-09-10T01:04:30+00:00,server01,23.05,33.01,34.79,153.45,normal,0
2026-09-10T01:04:40+00:00,server01,99.39,94.83,61.21,342.31,overload,1
2026-09-10T01:04:50+00:00,server01,41.36,65.99,39.32,195.84,normal,0
2026-09-10T01:05:00+00:00,server01,72.4,34.75,86.76,263.92,cooling_fault,1
2026-09-10T01:05:10+00:00,server01,93.97,92.6,59.07,334.06,overload,1
2026-09-10T01:05:20+00:00,server01,93.92,49.3,57.46,314.19,normal,0
2026-09-10T01:05:30+00:00,server01,16.06,85.01,35.79,146.0,normal,0
2026-09-10T01:05:40+00:00,server01,81.88,58.23,55.59,301.26,normal,0
2026-09-10T01:05:50+00:00,server01,65.32,46.21,78.52,245.5,cooling_fault,1
2026-09-10T01:06:00+00:00,server01,22.98,43.98,39.5,150.25,normal,0
2026-09-10T01:06:10+00:00,server01,47.49,66.95,45.91,211.61,normal,0
2026-09-10T01:06:20+00:00,server01,62.22,34.89,54.09,224.66,normal,0
2026-09-10T01:06:30+00:00,server01,31.11,62.33,41.4,168.87,normal,0
2026-09-10T01:06:40+00:00,server01,55.09,43.21,48.41,226.76,normal,0
2026-09-10T01:06:50+00:00,server01,45.81,34.6,47.21,204.68,normal,0
2026-09-10T01:07:00+00:00,server01,61.12,56.32,52.57,246.01,normal,0
2026-09-10T01:07:10+00:00,server01,88.98,88.21,59.79,314.69,normal,0
2026-09-10T01:07:20+00:00,server01,22.47,33.93,41.23,143.36,normal,0
2026-09-10T01:07:30+00:00,server01,81.63,64.39,54.78,309.43,normal,0
2026-09-10T01:07:40+00:00,server01,21.13,57.39,37.31,142.64,normal,0
2026-09-10T01:07:50+00:00,server01,89.06,55.22,58.8,311.35,normal,0
2026-09-10T01:08:00+00:00,server01,83.06,32.92,60.77,268.41,normal,0
2026-09-10T01:08:10+00:00,server01,55.11,74.62,47.81,239.93,normal,0
2026-09-10T01:08:20+00:00,server01,43.31,66.05,43.77,211.72,normal,0
2026-09-10T01:08:30+00:00,server01,32.4,68.84,43.32,193.73,normal,0
2026-09-10T01:08:40+00:00,server01,40.71,40.08,46.23,193.71,normal,0
2026-09-10T01:08:50+00:00,server01,39.13,66.5,63.8,203.12,cooling_fault,1
2026-09-10T01:09:00+00:00,server01,73.5,55.81,57.48,269.21,normal,0
2026-09-10T01:09:10+00:00,server01,70.38,38.61,50.29,274.27,normal,0
2026-09-10T01:09:20+00:00,server01,54.13,50.36,48.43,232.74,normal,0
2026-09-10T01:09:30+00:00,server01,88.85,52.06,60.07,297.61,normal,0
2026-09-10T01:09:40+00:00,server01,33.28,55.85,37.79,176.36,normal,0
2026-09-10T01:09:50+00:00,server01,38.82,41.27,44.81,188.64,normal,0
2026-09-10T01:10:00+00:00,server01,74.32,70.34,58.34,278.7,normal,0
2026-09-10T01:10:10+00:00,server01,36.74,62.02,43.44,191.82,normal,0
2026-09-10T01:10:20+00:00,server01,98.46,95.28,66.81,351.85,overload,1
2026-09-10T01:10:30+00:00,server01,18.02,78.15,62.33,132.98,cooling_fault,1
2026-09-10T01:10:40+00:00,server01,12.91,50.8,32.98,137.42,normal,0
2026-09-10T01:10:50+00:00,server01,93.61,95.63,63.93,337.31,overload,1
2026-09-10T01:11:00+00:00,server01,32.54,62.34,40.61,177.31,normal,0
2026-09-10T01:11:10+00:00,server01,85.97,66.59,61.75,306.65,normal,0
2026-09-10T01:11:20+00:00,server01,31.88,54.58,41.74,190.53,normal,0
2026-09-10T01:11:30+00:00,server01,45.14,71.03,46.09,228.35,normal,0
2026-09-10T01:11:40+00:00,server01,92.25,43.02,61.23,316.29,normal,0
2026-09-10T01:11:50+00:00,server01,79.55,73.89,57.56,290.43,normal,0
2026-09-10T01:12:00+00:00,server01,57.93,44.21,48.19,224.75,normal,0
2026-09-10T01:12:10+00:00,server01,94.91,95.38,63.03,342.24,overload,1
2026-09-10T01:12:20+00:00,server01,89.65,58.36,63.18,315.33,normal,0
2026-09-10T01:12:30+00:00,server01,71.04,43.84,53.3,256.09,normal,0
2026-09-10T01:12:40+00:00,server01,48.7,74.52,74.58,224.09,cooling_fault,1
2026-09-10T01:12:50+00:00,server01,19.69,29.36,34.68,131.14,normal,0
2026-09-10T01:13:00+00:00,server01,48.46,50.51,43.31,214.13,normal,0
2026-09-10T01:13:10+00:00,server01,69.95,62.62,56.29,263.67,normal,0
2026-09-10T01:13:20+00:00,server01,65.71,27.06,49.99,231.91,normal,0
2026-09-10T01:13:30+00:00,server01,95.63,93.59,69.5,341.99,overload,1
2026-09-10T01:13:40+00:00,server01,15.15,40.01,35.41,129.76,normal,0
2026-09-10T01:13:50+00:00,server01,32.26,55.21,40.65,167.48,normal,0
2026-09-10T01:14:00+00:00,server01,75.61,56.36,58.28,287.02,normal,0
2026-09-10T01:14:10+00:00,server01,87.33,61.56,62.4,304.59,normal,0
2026-09-10T01:14:20+00:00,server01,93.87,74.38,68.19,320.67,normal,0
2026-09-10T01:14:30+00:00,server01,73.88,53.53,53.91,261.48,normal,0
2026-09-10T01:14:40+00:00,server01,62.06,56.29,49.34,237.03,normal,0
2026-09-10T01:14:50+00:00,server01,57.28,63.69,56.6,238.79,normal,0
2026-09-10T01:15:00+00:00,server01,25.99,35.7,43.84,145.69,normal,0
2026-09-10T01:15:10+00:00,server01,85.48,53.65,57.21,298.81,normal,0
2026-09-10T01:15:20+00:00,server01,70.2,34.09,83.34,262.64,cooling_fault,1
2026-09-10T01:15:30+00:00,server01,71.92,43.83,55.01,275.08,normal,0
2026-09-10T01:15:40+00:00,server01,74.3,65.13,71.48,286.14,cooling_fault,1
2026-09-10T01:15:50+00:00,server01,54.35,58.7,52.27,232.45,normal,0
2026-09-10T01:16:00+00:00,server01,16.69,57.07,60.06,141.01,cooling_fault,1
2026-09-10T01:16:10+00:00,server01,24.84,51.79,33.15,151.5,normal,0
2026-09-10T01:16:20+00:00,server01,15.69,64.47,38.22,138.02,normal,0
2026-09-10T01:16:30+00:00,server01,27.76,83.29,62.53,155.74,cooling_fault,1
2026-09-10T01:16:40+00:00,server01,42.02,71.57,45.54,205.99,normal,0
2026-09-10T01:16:50+00:00,server01,83.8,89.16,62.24,295.23,normal,0
2026-09-10T01:17:00+00:00,server01,15.88,73.04,34.28,149.34,normal,0
2026-09-10T01:17:10+00:00,server01,83.32,43.75,57.64,290.64,normal,0
2026-09-10T01:17:20+00:00,server01,82.56,13.56,57.59,285.16,normal,0
2026-09-10T01:17:30+00:00,server01,51.56,55.2,51.92,222.39,normal,0
2026-09-10T01:17:40+00:00,server01,96.84,99.11,64.06,346.11,overload,1
2026-09-10T01:17:50+00:00,server01,32.38,61.07,48.04,173.88,normal,0
2026-09-10T01:18:00+00:00,server01,37.79,72.1,43.26,173.25,normal,0
2026-09-10T01:18:10+00:00,server01,84.13,77.05,59.95,313.02,normal,0
2026-09-10T01:18:20+00:00,server01,91.34,95.78,61.87,324.02,overload,1
2026-09-10T01:18:30+00:00,server01,93.91,67.52,66.02,332.39,normal,0
2026-09-10T01:18:40+00:00,server01,74.27,24.18,55.43,271.99,normal,0
2026-09-10T01:18:50+00:00,server01,31.9,44.62,72.17,175.94,cooling_fault,1
2026-09-10T01:19:00+00:00,server01,77.34,54.44,57.66,272.47,normal,0
2026-09-10T01:19:10+00:00,server01,57.25,59.86,53.67,247.93,normal,0
2026-09-10T01:19:20+00:00,server01,92.84,49.72,63.94,337.99,normal,0
2026-09-10T01:19:30+00:00,server01,30.12,49.18,37.89,173.35,normal,0
2026-09-10T01:19:40+00:00,server01,26.83,53.28,44.17,157.53,normal,0
2026-09-10T01:19:50+00:00,server01,15.83,44.51,35.67,130.66,normal,0
2026-09-10T01:20:00+00:00,server01,98.37,90.4,62.88,348.68,overload,1
2026-09-10T01:20:10+00:00,server01,59.94,65.03,80.47,243.0,cooling_fault,1
2026-09-10T01:20:20+00:00,server01,23.63,30.1,64.51,138.65,cooling_fault,1
2026-09-10T01:20:30+00:00,server01,14.17,52.25,33.03,134.4,normal,0
2026-09-10T01:20:40+00:00,server01,71.22,59.22,52.83,261.76,normal,0
2026-09-10T01:20:50+00:00,server01,33.22,49.68,34.51,170.34,normal,0
2026-09-10T01:21:00+00:00,server01,60.34,29.46,46.8,242.54,normal,0
2026-09-10T01:21:10+00:00,server01,60.27,45.52,52.94,219.68,normal,0
2026-09-10T01:21:20+00:00,server01,54.18,78.25,47.66,234.31,normal,0
2026-09-10T01:21:30+00:00,server01,41.74,46.35,44.56,208.65,normal,0
2026-09-10T01:21:40+00:00,server01,38.76,39.73,43.87,182.99,normal,0
2026-09-10T01:21:50+00:00,server01,93.05,95.83,65.55,331.03,overload,1
2026-09-10T01:22:00+00:00,server01,97.71,92.09,66.42,348.69,overload,1
2026-09-10T01:22:10+00:00,server01,12.88,48.13,36.81,131.9,normal,0
2026-09-10T01:22:20+00:00,server01,14.53,63.12,32.6,130.53,normal,0
2026-09-10T01:22:30+00:00,server01,49.32,45.93,41.74,196.82,normal,0
2026-09-10T01:22:40+00:00,server01,81.11,52.68,54.82,284.86,normal,0
2026-09-10T01:22:50+00:00,server01,23.87,74.84,40.34,159.87,normal,0
2026-09-10T01:23:00+00:00,server01,22.83,59.92,65.33,145.52,cooling_fault,1
2026-09-10T01:23:10+00:00,server01,62.71,58.18,54.24,245.72,normal,0
2026-09-10T01:23:20+00:00,server01,59.78,58.26,75.78,240.14,cooling_fault,1
2026-09-10T01:23:30+00:00,server01,53.11,67.72,52.72,227.76,normal,0
2026-09-10T01:23:40+00:00,server01,24.7,66.49,60.6,167.95,cooling_fault,1
2026-09-10T01:23:50+00:00,server01,64.72,22.11,51.01,251.81,normal,0
2026-09-10T01:24:00+00:00,server01,32.3,70.13,42.76,188.31,normal,0
2026-09-10T01:24:10+00:00,server01,73.47,60.38,58.43,271.99,normal,0
2026-09-10T01:24:20+00:00,server01,18.5,58.24,38.89,142.85,normal,0
2026-09-10T01:24:30+00:00,server01,73.84,76.54,57.51,266.48,normal,0
2026-09-10T01:24:40+00:00,server01,83.01,51.79,53.65,309.91,normal,0
2026-09-10T01:24:50+00:00,server01,10.33,49.43,36.86,115.29,normal,0
2026-09-10T01:25:00+00:00,server01,44.2,58.67,45.91,202.28,normal,0
2026-09-10T01:25:10+00:00,server01,35.11,42.02,37.42,181.78,normal,0
2026-09-10T01:25:20+00:00,server01,90.81,61.12,85.5,322.57,cooling_fault,1
2026-09-10T01:25:30+00:00,server01,12.68,50.32,40.5,111.66,normal,0
2026-09-10T01:25:40+00:00,server01,39.85,53.38,42.65,174.98,normal,0
2026-09-10T01:25:50+00:00,server01,33.05,23.51,44.09,177.85,normal,0
2026-09-10T01:26:00+00:00,server01,97.08,95.14,67.96,354.99,overload,1
2026-09-10T01:26:10+00:00,server01,58.55,58.02,77.25,223.46,cooling_fault,1
2026-09-10T01:26:20+00:00,server01,30.51,64.6,45.1,174.07,normal,0
2026-09-10T01:26:30+00:00,server01,54.28,42.76,46.11,233.24,normal,0
2026-09-10T01:26:40+00:00,server01,93.03,97.9,62.3,335.35,overload,1
2026-09-10T01:26:50+00:00,server01,98.98,95.25,68.87,348.61,overload,1
2026-09-10T01:27:00+00:00,server01,81.94,87.38,60.09,308.57,normal,0
2026-09-10T01:27:10+00:00,server01,48.49,73.57,47.83,203.15,normal,0
2026-09-10T01:27:20+00:00,server01,29.19,76.17,39.95,174.55,normal,0
2026-09-10T01:27:30+00:00,server01,51.79,40.11,47.54,222.94,normal,0
2026-09-10T01:27:40+00:00,server01,49.72,67.36,45.59,216.39,normal,0
2026-09-10T01:27:50+00:00,server01,59.47,54.89,53.61,233.02,normal,0
2026-09-10T01:28:00+00:00,server01,39.02,44.75,48.27,188.76,normal,0
2026-09-10T01:28:10+00:00,server01,34.25,75.3,46.39,178.26,normal,0
2026-09-10T01:28:20+00:00,server01,53.45,40.21,48.54,220.38,normal,0
2026-09-10T01:28:30+00:00,server01,84.36,65.32,89.36,299.43,cooling_fault,1
2026-09-10T01:28:40+00:00,server01,84.01,46.22,61.17,294.79,normal,0
2026-09-10T01:28:50+00:00,server01,93.13,99.34,62.13,346.44,overload,1
2026-09-10T01:29:00+00:00,server01,64.64,90.89,49.45,247.22,normal,0
2026-09-10T01:29:10+00:00,server01,93.52,94.94,60.97,335.07,overload,1
2026-09-10T01:29:20+00:00,server01,53.54,61.75,45.72,221.43,normal,0
2026-09-10T01:29:30+00:00,server01,72.97,48.66,55.9,266.53,normal,0
2026-09-10T01:29:40+00:00,server01,95.94,93.03,65.65,349.65,overload,1
2026-09-10T01:29:50+00:00,server01,49.1,51.41,48.28,225.8,normal,0
2026-09-10T01:30:00+00:00,server01,17.91,61.81,39.97,139.76,normal,0
2026-09-10T01:30:10+00:00,server01,76.53,32.72,57.21,259.45,normal,0
2026-09-10T01:30:20+00:00,server01,29.15,26.35,36.36,149.61,normal,0
2026-09-10T01:30:30+00:00,server01,94.9,99.2,66.08,341.49,overload,1
2026-09-10T01:30:40+00:00,server01,65.49,42.07,55.49,240.89,normal,0
2026-09-10T01:30:50+00:00,server01,90.31,58.16,61.08,317.39,normal,0
2026-09-10T01:31:00+00:00,server01,23.75,53.3,63.11,158.65,cooling_fault,1
2026-09-10T01:31:10+00:00,server01,40.15,52.88,44.26,193.15,normal,0
2026-09-10T01:31:20+00:00,server01,19.94,38.71,37.51,149.79,normal,0
2026-09-10T01:31:30+00:00,server01,68.81,46.22,52.97,251.77,normal,0
2026-09-10T01:31:40+00:00,server01,81.05,36.03,54.86,274.91,normal,0
2026-09-10T01:31:50+00:00,server01,94.61,94.92,61.91,327.99,overload,1
2026-09-10T01:32:00+00:00,server01,94.85,75.88,60.64,335.58,normal,0
2026-09-10T01:32:10+00:00,server01,30.81,70.29,44.26,183.39,normal,0
2026-09-10T01:32:20+00:00,server01,13.82,66.25,36.01,129.9,normal,0
2026-09-10T01:32:30+00:00,server01,34.02,71.19,38.31,188.1,normal,0
2026-09-10T01:32:40+00:00,server01,67.73,68.08,51.62,250.03,normal,0
2026-09-10T01:32:50+00:00,server01,49.54,46.87,45.26,198.39,normal,0
2026-09-10T01:33:00+00:00,server01,48.35,66.55,49.83,220.63,normal,0
2026-09-10T01:33:10+00:00,server01,65.24,48.59,60.74,255.59,normal,0
2026-09-10T01:33:20+00:00,server01,46.8,39.84,50.9,198.99,normal,0
2026-09-10T01:33:30+00:00,server01,29.77,60.77,40.7,169.76,normal,0
2026-09-10T01:33:40+00:00,server01,46.66,48.26,50.77,205.6,normal,0
2026-09-10T01:33:50+00:00,server01,66.17,71.51,80.86,264.75,cooling_fault,1
2026-09-10T01:34:00+00:00,server01,37.01,45.35,42.17,190.18,normal,0
2026-09-10T01:34:10+00:00,server01,57.34,42.17,50.39,244.07,normal,0
2026-09-10T01:34:20+00:00,server01,11.72,34.36,32.2,115.53,normal,0
2026-09-10T01:34:30+00:00,server01,54.97,55.11,47.63,216.76,normal,0
2026-09-10T01:34:40+00:00,server01,37.97,67.65,38.67,193.82,normal,0
2026-09-10T01:34:50+00:00,server01,19.21,55.14,61.26,157.37,cooling_fault,1
2026-09-10T01:35:00+00:00,server01,61.87,92.41,48.91,264.07,normal,0
2026-09-10T01:35:10+00:00,server01,62.96,62.4,51.71,254.26,normal,0
2026-09-10T01:35:20+00:00,server01,94.75,56.13,62.66,333.01,normal,0
2026-09-10T01:35:30+00:00,server01,88.44,45.03,57.82,301.23,normal,0
2026-09-10T01:35:40+00:00,server01,67.25,69.64,53.07,273.74,normal,0
2026-09-10T01:35:50+00:00,server01,96.73,92.53,68.58,339.42,overload,1
2026-09-10T01:36:00+00:00,server01,67.3,41.65,49.15,259.08,normal,0
2026-09-10T01:36:10+00:00,server01,41.04,38.71,40.59,194.19,normal,0
2026-09-10T01:36:20+00:00,server01,84.96,63.58,54.21,297.56,normal,0
2026-09-10T01:36:30+00:00,server01,30.79,56.75,34.05,160.35,normal,0
2026-09-10T01:36:40+00:00,server01,93.51,96.19,63.64,340.42,overload,1
2026-09-10T01:36:50+00:00,server01,91.4,54.97,62.9,319.95,normal,0
2026-09-10T01:37:00+00:00,server01,87.64,50.01,58.22,308.71,normal,0
2026-09-10T01:37:10+00:00,server01,31.08,45.43,38.89,162.91,normal,0
2026-09-10T01:37:20+00:00,server01,60.34,56.18,48.53,248.13,normal,0
2026-09-10T01:37:30+00:00,server01,58.78,70.32,48.96,238.89,normal,0
2026-09-10T01:37:40+00:00,server01,89.1,55.3,57.59,314.78,normal,0
2026-09-10T01:37:50+00:00,server01,70.87,54.98,48.1,269.44,normal,0
2026-09-10T01:38:00+00:00,server01,61.53,82.46,48.48,259.71,normal,0
2026-09-10T01:38:10+00:00,server01,23.63,35.91,36.34,142.07,normal,0
2026-09-10T01:38:20+00:00,server01,56.66,59.15,45.78,231.24,normal,0
2026-09-10T01:38:30+00:00,server01,93.24,72.67,65.8,319.53,normal,0
2026-09-10T01:38:40+00:00,server01,73.38,76.32,54.48,273.01,normal,0
2026-09-10T01:38:50+00:00,server01,16.76,55.37,34.99,135.77,normal,0
2026-09-10T01:39:00+00:00,server01,69.35,61.34,56.45,274.19,normal,0
2026-09-10T01:39:10+00:00,server01,37.72,50.58,35.66,168.69,normal,0
2026-09-10T01:39:20+00:00,server01,36.7,56.71,43.4,200.71,normal,0
2026-09-10T01:39:30+00:00,server01,42.13,59.57,42.54,199.21,normal,0
2026-09-10T01:39:40+00:00,server01,93.76,44.78,68.91,318.19,normal,0
2026-09-10T01:39:50+00:00,server01,64.02,54.54,50.66,250.97,normal,0
2026-09-10T01:40:00+00:00,server01,73.71,34.83,53.45,266.35,normal,0
2026-09-10T01:40:10+00:00,server01,31.14,53.65,72.08,169.26,cooling_fault,1
2026-09-10T01:40:20+00:00,server01,62.24,48.29,52.42,256.56,normal,0
2026-09-10T01:40:30+00:00,server01,60.81,64.61,56.17,244.86,normal,0
2026-09-10T01:40:40+00:00,server01,47.91,43.5,43.14,226.69,normal,0
2026-09-10T01:40:50+00:00,server01,11.38,73.74,36.05,145.17,normal,0
2026-09-10T01:41:00+00:00,server01,95.2,93.61,57.4,345.06,overload,1
2026-09-10T01:41:10+00:00,server01,28.87,90.4,39.04,173.03,normal,0
2026-09-10T01:41:20+00:00,server01,36.88,46.5,41.02,190.93,normal,0
2026-09-10T01:41:30+00:00,server01,84.36,47.03,76.35,286.77,cooling_fault,1
2026-09-10T01:41:40+00:00,server01,14.04,43.57,34.4,126.86,normal,0
2026-09-10T01:41:50+00:00,server01,26.61,42.39,65.41,155.78,cooling_fault,1
2026-09-10T01:42:00+00:00,server01,38.18,60.36,46.64,193.62,normal,0
2026-09-10T01:42:10+00:00,server01,31.69,42.48,40.88,178.88,normal,0
2026-09-10T01:42:20+00:00,server01,23.56,47.62,38.85,147.83,normal,0
2026-09-10T01:42:30+00:00,server01,38.25,68.33,47.66,200.27,normal,0
2026-09-10T01:42:40+00:00,server01,56.05,53.86,48.26,221.57,normal,0
2026-09-10T01:42:50+00:00,server01,86.59,44.92,59.36,310.73,normal,0
2026-09-10T01:43:00+00:00,server01,81.66,57.56,57.71,293.28,normal,0
2026-09-10T01:43:10+00:00,server01,24.71,86.15,36.11,172.01,normal,0
2026-09-10T01:43:20+00:00,server01,72.48,66.56,59.17,267.07,normal,0
2026-09-10T01:43:30+00:00,server01,60.87,36.12,54.45,233.2,normal,0
2026-09-10T01:43:40+00:00,server01,15.97,47.16,34.18,138.39,normal,0
2026-09-10T01:43:50+00:00,server01,91.97,57.31,91.07,327.83,cooling_fault,1
2026-09-10T01:44:00+00:00,server01,18.18,43.24,41.84,127.52,normal,0
2026-09-10T01:44:10+00:00,server01,67.12,85.2,80.86,258.52,cooling_fault,1
2026-09-10T01:44:20+00:00,server01,83.7,70.79,59.08,302.46,normal,0
2026-09-10T01:44:30+00:00,server01,31.87,35.6,62.9,169.06,cooling_fault,1
2026-09-10T01:44:40+00:00,server01,71.8,66.69,55.99,278.31,normal,0
2026-09-10T01:44:50+00:00,server01,12.28,42.64,30.55,124.94,normal,0
2026-09-10T01:45:00+00:00,server01,57.18,63.19,50.74,240.63,normal,0
2026-09-10T01:45:10+00:00,server01,88.43,44.11,62.06,310.82,normal,0
2026-09-10T01:45:20+00:00,server01,10.31,45.65,32.03,109.43,normal,0
2026-09-10T01:45:30+00:00,server01,69.61,63.06,60.28,264.46,normal,0
2026-09-10T01:45:40+00:00,server01,40.16,51.59,44.82,188.67,normal,0
2026-09-10T01:45:50+00:00,server01,79.01,53.29,62.98,287.52,normal,0
2026-09-10T01:46:00+00:00,server01,93.27,96.26,62.24,327.87,overload,1
2026-09-10T01:46:10+00:00,server01,19.53,51.05,32.46,136.6,normal,0
2026-09-10T01:46:20+00:00,server01,91.1,63.32,63.91,312.48,normal,0
2026-09-10T01:46:30+00:00,server01,93.37,93.14,59.93,322.53,overload,1
2026-09-10T01:46:40+00:00,server01,39.37,69.65,43.9,201.6,normal,0
2026-09-10T01:46:50+00:00,server01,57.01,57.66,77.46,237.15,cooling_fault,1
2026-09-10T01:47:00+00:00,server01,91.51,92.86,63.72,332.99,overload,1
2026-09-10T01:47:10+00:00,server01,69.17,44.15,53.14,248.36,normal,0
2026-09-10T01:47:20+00:00,server01,26.05,56.29,35.57,158.47,normal,0
2026-09-10T01:47:30+00:00,server01,60.55,51.9,80.29,237.56,cooling_fault,1
2026-09-10T01:47:40+00:00,server01,99.49,94.08,68.14,350.43,overload,1
2026-09-10T01:47:50+00:00,server01,12.86,59.81,37.56,124.41,normal,0
2026-09-10T01:48:00+00:00,server01,63.42,65.56,49.12,260.01,normal,0
2026-09-10T01:48:10+00:00,server01,71.24,73.12,61.64,280.93,normal,0
2026-09-10T01:48:20+00:00,server01,74.29,30.08,73.62,269.35,cooling_fault,1
2026-09-10T01:48:30+00:00,server01,37.13,54.06,70.46,173.71,cooling_fault,1
2026-09-10T01:48:40+00:00,server01,60.97,38.87,53.95,234.11,normal,0
2026-09-10T01:48:50+00:00,server01,62.41,66.12,54.57,240.42,normal,0
2026-09-10T01:49:00+00:00,server01,17.27,58.89,36.82,143.0,normal,0
2026-09-10T01:49:10+00:00,server01,78.11,34.75,59.96,279.39,normal,0
2026-09-10T01:49:20+00:00,server01,95.87,90.78,66.45,334.35,overload,1
2026-09-10T01:49:30+00:00,server01,30.63,79.66,38.09,174.71,normal,0
2026-09-10T01:49:40+00:00,server01,92.72,95.99,67.29,327.41,overload,1
2026-09-10T01:49:50+00:00,server01,18.8,54.42,35.64,134.89,normal,0
2026-09-10T01:50:00+00:00,server01,75.78,52.34,55.39,262.23,normal,0
2026-09-10T01:50:10+00:00,server01,37.96,23.35,40.99,174.91,normal,0
2026-09-10T01:50:20+00:00,server01,67.63,46.64,57.58,250.37,normal,0
2026-09-10T01:50:30+00:00,server01,60.7,71.1,50.03,238.77,normal,0
2026-09-10T01:50:40+00:00,server01,21.48,47.58,39.18,141.16,normal,0
2026-09-10T01:50:50+00:00,server01,97.33,94.82,62.74,343.24,overload,1
2026-09-10T01:51:00+00:00,server01,48.67,69.09,75.94,242.24,cooling_fault,1
2026-09-10T01:51:10+00:00,server01,57.33,65.56,71.03,233.71,cooling_fault,1
2026-09-10T01:51:20+00:00,server01,47.34,52.39,72.12,218.03,cooling_fault,1
2026-09-10T01:51:30+00:00,server01,12.41,44.95,63.88,129.46,cooling_fault,1
2026-09-10T01:51:40+00:00,server01,68.82,57.48,56.42,269.68,normal,0
2026-09-10T01:51:50+00:00,server01,87.11,55.96,58.47,303.77,normal,0
2026-09-10T01:52:00+00:00,server01,53.01,26.72,47.36,215.68,normal,0
2026-09-10T01:52:10+00:00,server01,14.62,62.32,31.88,120.77,normal,0
2026-09-10T01:52:20+00:00,server01,14.87,80.31,37.55,128.04,normal,0
2026-09-10T01:52:30+00:00,server01,44.22,57.66,47.1,196.1,normal,0
2026-09-10T01:52:40+00:00,server01,97.26,97.48,61.62,339.91,overload,1
2026-09-10T01:52:50+00:00,server01,31.07,73.9,63.78,168.58,cooling_fault,1
2026-09-10T01:53:00+00:00,server01,10.6,21.11,34.36,104.35,normal,0
2026-09-10T01:53:10+00:00,server01,40.97,55.45,43.49,197.39,normal,0
2026-09-10T01:53:20+00:00,server01,37.89,31.96,38.83,175.85,normal,0
2026-09-10T01:53:30+00:00,server01,12.98,64.38,33.71,122.75,normal,0
2026-09-10T01:53:40+00:00,server01,11.74,59.87,66.62,120.78,cooling_fault,1
2026-09-10T01:53:50+00:00,server01,34.5,54.65,40.57,166.79,normal,0
2026-09-10T01:54:00+00:00,server01,36.38,29.1,40.35,167.67,normal,0
2026-09-10T01:54:10+00:00,server01,44.81,41.44,44.9,185.11,normal,0
2026-09-10T01:54:20+00:00,server01,89.23,67.37,83.38,322.78,cooling_fault,1
2026-09-10T01:54:30+00:00,server01,92.26,97.13,67.3,334.5,overload,1
2026-09-10T01:54:40+00:00,server01,60.0,54.39,44.42,224.15,normal,0
2026-09-10T01:54:50+00:00,server01,79.39,38.41,57.98,282.98,normal,0
2026-09-10T01:55:00+00:00,server01,96.41,98.69,63.77,340.07,overload,1
2026-09-10T01:55:10+00:00,server01,58.2,97.22,51.5,251.9,normal,0
2026-09-10T01:55:20+00:00,server01,91.52,66.89,57.22,330.95,normal,0
2026-09-10T01:55:30+00:00,server01,74.21,35.81,83.08,263.63,cooling_fault,1
2026-09-10T01:55:40+00:00,server01,54.27,83.88,54.94,235.79,normal,0
2026-09-10T01:55:50+00:00,server01,46.75,71.59,45.37,210.3,normal,0
2026-09-10T01:56:00+00:00,server01,14.14,54.43,30.21,135.9,normal,0
2026-09-10T01:56:10+00:00,server01,77.6,76.93,54.62,291.21,normal,0
2026-09-10T01:56:20+00:00,server01,85.55,66.58,60.25,293.99,normal,0
2026-09-10T01:56:30+00:00,server01,50.03,62.37,53.7,229.69,normal,0
2026-09-10T01:56:40+00:00,server01,100.0,97.81,60.46,346.92,overload,1
2026-09-10T01:56:50+00:00,server01,77.92,35.36,59.11,260.53,normal,0
2026-09-10T01:57:00+00:00,server01,70.44,55.28,53.16,272.76,normal,0
2026-09-10T01:57:10+00:00,server01,79.04,68.12,86.99,295.98,cooling_fault,1
2026-09-10T01:57:20+00:00,server01,74.77,51.44,52.53,267.23,normal,0
2026-09-10T01:57:30+00:00,server01,42.9,76.61,44.89,213.96,normal,0
2026-09-10T01:57:40+00:00,server01,75.09,63.92,55.55,289.96,normal,0
2026-09-10T01:57:50+00:00,server01,78.06,57.42,88.91,283.12,cooling_fault,1
2026-09-10T01:58:00+00:00,server01,78.33,39.45,58.95,268.68,normal,0
2026-09-10T01:58:10+00:00,server01,94.8,60.35,62.27,329.2,normal,0
2026-09-10T01:58:20+00:00,server01,52.6,64.85,46.23,226.03,normal,0
2026-09-10T01:58:30+00:00,server01,30.95,41.19,45.54,169.72,normal,0
2026-09-10T01:58:40+00:00,server01,62.28,53.32,56.48,243.97,normal,0
2026-09-10T01:58:50+00:00,server01,23.58,62.07,34.25,162.71,normal,0
2026-09-10T01:59:00+00:00,server01,48.33,42.79,47.45,211.64,normal,0
2026-09-10T01:59:10+00:00,server01,97.21,94.2,62.08,354.42,overload,1
2026-09-10T01:59:20+00:00,server01,60.9,63.53,73.35,235.75,cooling_fault,1
2026-09-10T01:59:30+00:00,server01,90.89,97.78,61.05,325.77,overload,1
2026-09-10T01:59:40+00:00,server01,79.35,42.6,59.92,284.12,normal,0
2026-09-10T01:59:50+00:00,server01,43.09,75.72,50.11,211.88,normal,0
2026-09-10T02:00:00+00:00,server01,36.29,67.76,44.88,193.7,normal,0
2026-09-10T02:00:10+00:00,server01,45.45,54.32,44.08,190.19,normal,0
2026-09-10T02:00:20+00:00,server01,85.65,63.36,79.63,309.73,cooling_fault,1
2026-09-10T02:00:30+00:00,server01,20.93,54.08,38.25,162.71,normal,0
2026-09-10T02:00:40+00:00,server01,35.18,43.01,40.67,176.94,normal,0
2026-09-10T02:00:50+00:00,server01,58.58,61.72,49.37,259.05,normal,0
2026-09-10T02:01:00+00:00,server01,46.19,28.38,50.35,207.1,normal,0
2026-09-10T02:01:10+00:00,server01,90.94,76.87,62.04,327.78,normal,0
2026-09-10T02:01:20+00:00,server01,17.84,66.8,36.13,148.02,normal,0
2026-09-10T02:01:30+00:00,server01,14.03,48.05,29.35,134.97,normal,0
2026-09-10T02:01:40+00:00,server01,15.17,60.22,34.51,137.1,normal,0
2026-09-10T02:01:50+00:00,server01,72.41,70.78,55.15,291.19,normal,0
2026-09-10T02:02:00+00:00,server01,82.44,73.4,60.74,305.68,normal,0
2026-09-10T02:02:10+00:00,server01,50.39,53.09,71.95,206.54,cooling_fault,1
2026-09-10T02:02:20+00:00,server01,79.68,58.56,53.85,276.35,normal,0
2026-09-10T02:02:30+00:00,server01,74.34,45.29,55.2,260.18,normal,0
2026-09-10T02:02:40+00:00,server01,24.22,75.51,38.63,172.22,normal,0
2026-09-10T02:02:50+00:00,server01,47.5,65.79,48.5,216.53,normal,0
2026-09-10T02:03:00+00:00,server01,17.66,41.4,36.19,134.93,normal,0
2026-09-10T02:03:10+00:00,server01,27.02,59.72,38.95,150.12,normal,0
2026-09-10T02:03:20+00:00,server01,49.49,28.98,47.73,211.38,normal,0
2026-09-10T02:03:30+00:00,server01,24.03,26.01,57.97,161.27,cooling_fault,1
2026-09-10T02:03:40+00:00,server01,14.97,44.7,35.48,124.26,normal,0
2026-09-10T02:03:50+00:00,server01,63.6,48.28,49.11,249.28,normal,0
2026-09-10T02:04:00+00:00,server01,97.28,100.0,68.1,349.22,overload,1
2026-09-10T02:04:10+00:00,server01,91.76,35.17,65.96,304.45,normal,0
2026-09-10T02:04:20+00:00,server01,54.61,39.07,45.43,222.38,normal,0
2026-09-10T02:04:30+00:00,server01,69.34,43.28,55.84,257.55,normal,0
2026-09-10T02:04:40+00:00,server01,57.8,52.87,49.39,238.34,normal,0
2026-09-10T02:04:50+00:00,server01,33.25,56.21,39.29,169.77,normal,0
2026-09-10T02:05:00+00:00,server01,11.71,61.83,34.94,127.03,normal,0
2026-09-10T02:05:10+00:00,server01,77.84,68.67,81.84,298.52,cooling_fault,1
2026-09-10T02:05:20+00:00,server01,46.63,59.23,47.06,203.78,normal,0
2026-09-10T02:05:30+00:00,server01,81.48,49.38,58.73,286.8,normal,0
2026-09-10T02:05:40+00:00,server01,71.45,44.91,53.59,252.25,normal,0
2026-09-10T02:05:50+00:00,server01,63.07,64.48,88.27,247.78,cooling_fault,1
2026-09-10T02:06:00+00:00,server01,34.68,44.1,46.03,174.2,normal,0
2026-09-10T02:06:10+00:00,server01,34.05,66.37,41.24,177.66,normal,0
2026-09-10T02:06:20+00:00,server01,91.52,52.02,58.22,318.44,normal,0
2026-09-10T02:06:30+00:00,server01,34.08,66.39,42.84,186.43,normal,0
2026-09-10T02:06:40+00:00,server01,61.33,68.87,52.8,255.27,normal,0
2026-09-10T02:06:50+00:00,server01,16.92,34.84,37.18,135.44,normal,0
2026-09-10T02:07:00+00:00,server01,90.69,41.4,63.12,309.5,normal,0
2026-09-10T02:07:10+00:00,server01,49.7,27.21,44.56,218.25,normal,0
2026-09-10T02:07:20+00:00,server01,94.92,50.06,63.35,337.07,normal,0
2026-09-10T02:07:30+00:00,server01,45.58,78.23,44.83,218.64,normal,0
2026-09-10T02:07:40+00:00,server01,92.83,64.3,57.51,313.63,normal,0
2026-09-10T02:07:50+00:00,server01,31.66,50.21,63.08,169.27,cooling_fault,1
2026-09-10T02:08:00+00:00,server01,88.59,15.62,58.51,298.58,normal,0
2026-09-10T02:08:10+00:00,server01,26.35,59.01,38.31,156.72,normal,0
2026-09-10T02:08:20+00:00,server01,41.82,48.64,42.44,194.46,normal,0
2026-09-10T02:08:30+00:00,server01,79.69,50.5,60.77,296.26,normal,0
2026-09-10T02:08:40+00:00,server01,43.65,50.06,44.51,206.62,normal,0
2026-09-10T02:08:50+00:00,server01,46.59,38.12,43.4,220.41,normal,0
2026-09-10T02:09:00+00:00,server01,27.63,76.47,65.8,173.87,cooling_fault,1
2026-09-10T02:09:10+00:00,server01,87.34,52.46,56.42,304.66,normal,0
2026-09-10T02:09:20+00:00,server01,52.25,56.29,41.29,221.54,normal,0
2026-09-10T02:09:30+00:00,server01,17.92,42.84,38.05,129.93,normal,0
2026-09-10T02:09:40+00:00,server01,25.11,56.37,33.17,147.99,normal,0
2026-09-10T02:09:50+00:00,server01,94.78,96.18,59.53,342.03,overload,1
2026-09-10T02:10:00+00:00,server01,15.86,29.26,32.27,130.18,normal,0
2026-09-10T02:10:10+00:00,server01,43.66,63.44,45.33,195.6,normal,0
2026-09-10T02:10:20+00:00,server01,39.31,35.82,44.97,176.11,normal,0
2026-09-10T02:10:30+00:00,server01,91.08,59.45,60.41,327.67,normal,0
2026-09-10T02:10:40+00:00,server01,27.2,43.67,39.69,150.52,normal,0
2026-09-10T02:10:50+00:00,server01,17.42,44.11,32.45,123.74,normal,0
2026-09-10T02:11:00+00:00,server01,16.11,64.41,30.84,127.03,normal,0
2026-09-10T02:11:10+00:00,server01,93.27,59.82,90.21,327.09,cooling_fault,1
2026-09-10T02:11:20+00:00,server01,11.2,30.73,41.26,103.34,normal,0
2026-09-10T02:11:30+00:00,server01,70.87,32.55,58.86,279.23,normal,0
2026-09-10T02:11:40+00:00,server01,25.65,21.45,38.25,145.47,normal,0
2026-09-10T02:11:50+00:00,server01,32.42,60.93,42.32,173.56,normal,0
2026-09-10T02:12:00+00:00,server01,56.6,55.19,52.48,238.72,normal,0
2026-09-10T02:12:10+00:00,server01,28.84,43.67,36.93,168.37,normal,0
2026-09-10T02:12:20+00:00,server01,90.49,60.95,62.3,325.05,normal,0
2026-09-10T02:12:30+00:00,server01,53.42,77.21,74.16,228.95,cooling_fault,1
2026-09-10T02:12:40+00:00,server01,43.38,65.55,48.89,203.37,normal,0
2026-09-10T02:12:50+00:00,server01,90.09,94.83,61.41,318.85,overload,1
2026-09-10T02:13:00+00:00,server01,32.08,48.88,41.31,155.64,normal,0
2026-09-10T02:13:10+00:00,server01,66.87,45.57,75.09,264.63,cooling_fault,1
2026-09-10T02:13:20+00:00,server01,97.55,93.63,63.42,335.78,overload,1
2026-09-10T02:13:30+00:00,server01,69.81,45.73,75.29,248.76,cooling_fault,1
2026-09-10T02:13:40+00:00,server01,33.91,80.51,39.86,187.91,normal,0
2026-09-10T02:13:50+00:00,server01,65.01,66.17,55.08,258.48,normal,0
2026-09-10T02:14:00+00:00,server01,65.18,34.48,50.4,241.81,normal,0
2026-09-10T02:14:10+00:00,server01,33.31,72.95,38.93,184.09,normal,0
2026-09-10T02:14:20+00:00,server01,55.84,44.65,76.95,221.98,cooling_fault,1
2026-09-10T02:14:30+00:00,server01,75.01,45.26,52.49,275.62,normal,0
2026-09-10T02:14:40+00:00,server01,60.24,88.58,55.37,248.69,normal,0
2026-09-10T02:14:50+00:00,server01,65.99,42.43,56.6,254.01,normal,0
2026-09-10T02:15:00+00:00,server01,70.52,80.84,55.19,272.6,normal,0
2026-09-10T02:15:10+00:00,server01,80.36,50.19,58.14,289.48,normal,0
2026-09-10T02:15:20+00:00,server01,60.11,31.86,48.38,226.1,normal,0
2026-09-10T02:15:30+00:00,server01,77.85,52.47,83.03,272.78,cooling_fault,1
2026-09-10T02:15:40+00:00,server01,54.1,63.92,46.76,230.3,normal,0
2026-09-10T02:15:50+00:00,server01,63.28,44.6,51.63,245.99,normal,0
2026-09-10T02:16:00+00:00,server01,52.76,33.35,45.58,215.43,normal,0
2026-09-10T02:16:10+00:00,server01,54.96,52.34,49.42,234.73,normal,0
2026-09-10T02:16:20+00:00,server01,12.66,46.88,36.15,127.44,normal,0
2026-09-10T02:16:30+00:00,server01,55.72,67.99,51.64,238.82,normal,0
2026-09-10T02:16:40+00:00,server01,87.15,70.95,58.55,305.43,normal,0
2026-09-10T02:16:50+00:00,server01,33.82,42.64,41.61,173.21,normal,0
2026-09-10T02:17:00+00:00,server01,11.65,52.64,33.6,135.08,normal,0
2026-09-10T02:17:10+00:00,server01,70.08,15.82,77.6,249.78,cooling_fault,1
2026-09-10T02:17:20+00:00,server01,62.0,67.91,51.93,246.21,normal,0
2026-09-10T02:17:30+00:00,server01,20.83,42.73,32.14,139.27,normal,0
2026-09-10T02:17:40+00:00,server01,100.0,95.18,63.69,339.08,overload,1
2026-09-10T02:17:50+00:00,server01,71.51,63.26,57.48,274.1,normal,0
2026-09-10T02:18:00+00:00,server01,19.99,57.56,34.66,160.04,normal,0
2026-09-10T02:18:10+00:00,server01,78.53,18.72,61.31,285.84,normal,0
2026-09-10T02:18:20+00:00,server01,26.16,63.38,37.23,166.16,normal,0
2026-09-10T02:18:30+00:00,server01,40.32,71.9,47.04,192.69,normal,0
2026-09-10T02:18:40+00:00,server01,67.71,65.99,50.7,265.16,normal,0
2026-09-10T02:18:50+00:00,server01,11.2,70.15,33.01,126.21,normal,0
2026-09-10T02:19:00+00:00,server01,99.05,92.7,65.72,344.96,overload,1
2026-09-10T02:19:10+00:00,server01,12.78,75.74,60.28,125.33,cooling_fault,1
2026-09-10T02:19:20+00:00,server01,42.67,100.0,45.79,209.35,normal,0
2026-09-10T02:19:30+00:00,server01,90.48,95.28,67.65,324.8,overload,1
2026-09-10T02:19:40+00:00,server01,94.81,99.36,64.31,330.65,overload,1
2026-09-10T02:19:50+00:00,server01,25.87,60.42,43.07,168.64,normal,0
2026-09-10T02:20:00+00:00,server01,49.54,35.08,48.94,198.65,normal,0
2026-09-10T02:20:10+00:00,server01,96.91,91.59,60.85,339.31,overload,1
2026-09-10T02:20:20+00:00,server01,79.32,64.11,57.98,283.62,normal,0
2026-09-10T02:20:30+00:00,server01,94.47,96.23,64.07,318.79,overload,1
2026-09-10T02:20:40+00:00,server01,69.5,56.19,50.07,282.51,normal,0
2026-09-10T02:20:50+00:00,server01,86.21,60.99,59.07,299.39,normal,0
2026-09-10T02:21:00+00:00,server01,61.4,67.33,78.8,239.54,cooling_fault,1
2026-09-10T02:21:10+00:00,server01,78.81,59.25,52.67,270.6,normal,0
2026-09-10T02:21:20+00:00,server01,68.49,25.16,55.59,268.87,normal,0
2026-09-10T02:21:30+00:00,server01,11.04,55.13,36.53,132.01,normal,0
2026-09-10T02:21:40+00:00,server01,63.33,59.51,79.38,248.79,cooling_fault,1
2026-09-10T02:21:50+00:00,server01,96.15,99.14,67.28,344.33,overload,1
2026-09-10T02:22:00+00:00,server01,94.84,99.87,64.82,363.75,overload,1
2026-09-10T02:22:10+00:00,server01,27.13,61.28,40.69,179.1,normal,0
2026-09-10T02:22:20+00:00,server01,98.71,98.49,66.66,338.77,overload,1
2026-09-10T02:22:30+00:00,server01,81.42,63.99,59.11,296.42,normal,0
2026-09-10T02:22:40+00:00,server01,78.99,55.47,55.1,277.82,normal,0
2026-09-10T02:22:50+00:00,server01,75.11,54.6,82.15,280.66,cooling_fault,1
2026-09-10T02:23:00+00:00,server01,15.81,50.98,34.23,137.1,normal,0
2026-09-10T02:23:10+00:00,server01,90.94,69.72,56.62,328.1,normal,0
2026-09-10T02:23:20+00:00,server01,56.06,59.38,52.98,228.62,normal,0
2026-09-10T02:23:30+00:00,server01,60.05,47.84,48.62,241.2,normal,0
2026-09-10T02:23:40+00:00,server01,53.52,35.93,45.49,222.39,normal,0
2026-09-10T02:23:50+00:00,server01,26.6,49.2,41.61,156.67,normal,0
2026-09-10T02:24:00+00:00,server01,29.13,76.13,32.58,179.14,normal,0
2026-09-10T02:24:10+00:00,server01,23.11,80.38,35.95,154.14,normal,0
2026-09-10T02:24:20+00:00,server01,54.11,48.37,44.22,217.45,normal,0
2026-09-10T02:24:30+00:00,server01,74.3,61.77,55.22,271.58,normal,0
2026-09-10T02:24:40+00:00,server01,11.65,48.35,37.37,116.69,normal,0
2026-09-10T02:24:50+00:00,server01,41.93,55.0,70.71,213.86,cooling_fault,1
2026-09-10T02:25:00+00:00,server01,73.11,59.89,55.7,273.78,normal,0
2026-09-10T02:25:10+00:00,server01,10.19,54.21,35.41,116.38,normal,0
2026-09-10T02:25:20+00:00,server01,29.42,44.26,40.6,151.91,normal,0
2026-09-10T02:25:30+00:00,server01,30.13,48.36,43.68,170.6,normal,0
2026-09-10T02:25:40+00:00,server01,90.69,100.0,58.16,339.88,overload,1
2026-09-10T02:25:50+00:00,server01,35.19,42.18,42.77,173.35,normal,0
2026-09-10T02:26:00+00:00,server01,95.25,88.88,66.7,334.62,overload,1
2026-09-10T02:26:10+00:00,server01,57.15,60.38,47.32,217.23,normal,0
2026-09-10T02:26:20+00:00,server01,66.14,52.01,49.7,255.05,normal,0
2026-09-10T02:26:30+00:00,server01,13.82,43.74,37.37,123.39,normal,0
2026-09-10T02:26:40+00:00,server01,92.4,60.29,63.36,316.88,normal,0
2026-09-10T02:26:50+00:00,server01,94.31,69.53,64.35,325.77,normal,0
2026-09-10T02:27:00+00:00,server01,13.44,31.68,32.94,112.68,normal,0
2026-09-10T02:27:10+00:00,server01,80.42,21.96,53.61,278.54,normal,0
2026-09-10T02:27:20+00:00,server01,30.53,84.17,41.62,182.31,normal,0
2026-09-10T02:27:30+00:00,server01,34.51,49.29,41.23,182.51,normal,0
2026-09-10T02:27:40+00:00,server01,19.11,57.74,66.81,134.59,cooling_fault,1
2026-09-10T02:27:50+00:00,server01,82.78,58.75,59.17,292.57,normal,0
2026-09-10T02:28:00+00:00,server01,49.13,54.27,45.8,208.72,normal,0
2026-09-10T02:28:10+00:00,server01,74.29,74.05,54.4,282.46,normal,0
2026-09-10T02:28:20+00:00,server01,90.91,99.29,61.41,333.93,overload,1
2026-09-10T02:28:30+00:00,server01,74.87,42.0,59.91,274.78,normal,0
2026-09-10T02:28:40+00:00,server01,82.3,72.35,61.1,287.84,normal,0
2026-09-10T02:28:50+00:00,server01,29.92,65.91,40.98,160.46,normal,0
2026-09-10T02:29:00+00:00,server01,50.93,54.2,42.86,222.71,normal,0
2026-09-10T02:29:10+00:00,server01,96.54,100.0,66.33,338.32,overload,1
2026-09-10T02:29:20+00:00,server01,51.95,40.56,74.51,199.57,cooling_fault,1
2026-09-10T02:29:30+00:00,server01,71.69,56.52,51.86,272.39,normal,0
2026-09-10T02:29:40+00:00,server01,67.44,55.1,51.3,256.41,normal,0
2026-09-10T02:29:50+00:00,server01,12.08,63.85,41.64,123.17,normal,0
2026-09-10T02:30:00+00:00,server01,79.15,58.18,58.85,286.99,normal,0
2026-09-10T02:30:10+00:00,server01,57.07,69.79,51.59,237.81,normal,0
2026-09-10T02:30:20+00:00,server01,40.96,42.74,45.23,185.12,normal,0
2026-09-10T02:30:30+00:00,server01,51.58,44.82,49.59,219.31,normal,0
2026-09-10T02:30:40+00:00,server01,98.27,96.17,65.04,344.37,overload,1
2026-09-10T02:30:50+00:00,server01,64.72,55.89,75.09,265.64,cooling_fault,1
2026-09-10T02:31:00+00:00,server01,27.23,50.2,44.81,153.19,normal,0
2026-09-10T02:31:10+00:00,server01,38.17,59.85,39.24,185.75,normal,0
2026-09-10T02:31:20+00:00,server01,65.39,47.5,71.94,259.88,cooling_fault,1
2026-09-10T02:31:30+00:00,server01,19.04,44.48,41.47,145.04,normal,0
2026-09-10T02:31:40+00:00,server01,49.7,64.08,46.61,217.14,normal,0
2026-09-10T02:31:50+00:00,server01,47.96,56.37,49.65,218.49,normal,0
2026-09-10T02:32:00+00:00,server01,86.47,28.92,57.09,298.74,normal,0
2026-09-10T02:32:10+00:00,server01,33.2,70.59,38.06,178.97,normal,0
2026-09-10T02:32:20+00:00,server01,14.51,76.47,37.8,140.08,normal,0
2026-09-10T02:32:30+00:00,server01,27.06,54.88,40.57,154.08,normal,0
2026-09-10T02:32:40+00:00,server01,94.56,65.36,66.27,328.73,normal,0
2026-09-10T02:32:50+00:00,server01,81.78,63.47,58.68,273.75,normal,0
2026-09-10T02:33:00+00:00,server01,96.41,92.54,66.73,333.73,overload,1
2026-09-10T02:33:10+00:00,server01,87.9,81.72,65.63,318.34,normal,0
2026-09-10T02:33:20+00:00,server01,78.93,36.15,59.56,274.39,normal,0
2026-09-10T02:33:30+00:00,server01,33.91,62.52,42.22,155.55,normal,0
2026-09-10T02:33:40+00:00,server01,16.59,61.69,35.5,151.46,normal,0
2026-09-10T02:33:50+00:00,server01,39.57,59.67,70.6,201.22,cooling_fault,1
2026-09-10T02:34:00+00:00,server01,50.09,18.42,46.1,211.83,normal,0
2026-09-10T02:34:10+00:00,server01,66.83,57.23,57.25,255.2,normal,0
2026-09-10T02:34:20+00:00,server01,93.09,77.52,57.46,323.0,normal,0
2026-09-10T02:34:30+00:00,server01,17.35,58.6,35.19,145.27,normal,0
2026-09-10T02:34:40+00:00,server01,86.6,59.95,63.85,320.95,normal,0
2026-09-10T02:34:50+00:00,server01,53.06,54.19,50.24,222.68,normal,0
2026-09-10T02:35:00+00:00,server01,62.06,74.46,48.3,247.82,normal,0
2026-09-10T02:35:10+00:00,server01,61.44,48.66,49.51,237.65,normal,0
2026-09-10T02:35:20+00:00,server01,30.12,39.96,48.73,169.0,normal,0
2026-09-10T02:35:30+00:00,server01,21.15,56.01,39.94,162.29,normal,0
2026-09-10T02:35:40+00:00,server01,34.3,66.81,39.91,174.1,normal,0
2026-09-10T02:35:50+00:00,server01,83.86,41.55,55.82,296.22,normal,0
2026-09-10T02:36:00+00:00,server01,51.02,39.34,46.44,209.4,normal,0
2026-09-10T02:36:10+00:00,server01,15.54,68.21,60.36,137.43,cooling_fault,1
2026-09-10T02:36:20+00:00,server01,53.12,43.52,74.27,218.66,cooling_fault,1
2026-09-10T02:36:30+00:00,server01,28.22,61.4,38.53,167.31,normal,0
2026-09-10T02:36:40+00:00,server01,47.96,56.06,44.92,204.36,normal,0
2026-09-10T02:36:50+00:00,server01,33.43,63.5,39.62,199.45,normal,0
2026-09-10T02:37:00+00:00,server01,59.75,66.93,83.32,237.19,cooling_fault,1
2026-09-10T02:37:10+00:00,server01,21.63,48.31,39.25,147.62,normal,0
2026-09-10T02:37:20+00:00,server01,91.21,60.73,64.32,309.6,normal,0
2026-09-10T02:37:30+00:00,server01,81.63,56.51,56.7,287.88,normal,0
2026-09-10T02:37:40+00:00,server01,49.32,35.75,42.76,207.54,normal,0
2026-09-10T02:37:50+00:00,server01,47.08,59.4,47.27,204.87,normal,0
2026-09-10T02:38:00+00:00,server01,89.95,65.74,61.2,324.24,normal,0
2026-09-10T02:38:10+00:00,server01,55.95,47.65,44.14,230.72,normal,0
2026-09-10T02:38:20+00:00,server01,69.84,61.33,53.4,259.57,normal,0
2026-09-10T02:38:30+00:00,server01,76.88,46.59,60.24,271.42,normal,0
2026-09-10T02:38:40+00:00,server01,72.91,68.03,54.45,277.7,normal,0
2026-09-10T02:38:50+00:00,server01,20.45,41.4,37.01,138.65,normal,0
2026-09-10T02:39:00+00:00,server01,46.47,50.18,43.09,209.18,normal,0
2026-09-10T02:39:10+00:00,server01,21.61,50.62,44.29,129.13,normal,0
2026-09-10T02:39:20+00:00,server01,95.99,92.66,66.3,344.68,overload,1
2026-09-10T02:39:30+00:00,server01,11.98,53.32,33.88,124.11,normal,0
2026-09-10T02:39:40+00:00,server01,75.89,66.3,52.87,273.62,normal,0
2026-09-10T02:39:50+00:00,server01,47.61,58.75,48.18,200.47,normal,0
2026-09-10T02:40:00+00:00,server01,59.68,57.52,53.45,232.59,normal,0
2026-09-10T02:40:10+00:00,server01,42.94,97.86,45.93,225.26,normal,0
2026-09-10T02:40:20+00:00,server01,38.93,40.16,46.8,173.49,normal,0
2026-09-10T02:40:30+00:00,server01,43.48,15.25,44.2,194.15,normal,0
2026-09-10T02:40:40+00:00,server01,68.82,42.25,50.17,257.27,normal,0
2026-09-10T02:40:50+00:00,server01,94.95,98.68,60.68,340.0,overload,1
2026-09-10T02:41:00+00:00,server01,91.33,91.04,62.0,342.35,overload,1
2026-09-10T02:41:10+00:00,server01,28.42,8.34,42.15,149.94,normal,0
2026-09-10T02:41:20+00:00,server01,37.54,60.25,71.52,184.59,cooling_fault,1
2026-09-10T02:41:30+00:00,server01,43.12,61.13,46.72,201.72,normal,0
2026-09-10T02:41:40+00:00,server01,39.02,35.07,49.59,179.32,normal,0
2026-09-10T02:41:50+00:00,server01,74.41,56.01,54.88,275.24,normal,0
2026-09-10T02:42:00+00:00,server01,23.07,19.64,43.72,140.07,normal,0
2026-09-10T02:42:10+00:00,server01,82.96,47.93,57.02,305.24,normal,0
2026-09-10T02:42:20+00:00,server01,78.06,45.24,55.96,278.95,normal,0
2026-09-10T02:42:30+00:00,server01,29.36,35.27,34.44,152.35,normal,0
2026-09-10T02:42:40+00:00,server01,30.12,43.99,34.5,157.34,normal,0
2026-09-10T02:42:50+00:00,server01,23.49,57.81,35.21,141.44,normal,0
2026-09-10T02:43:00+00:00,server01,10.79,68.02,36.48,131.34,normal,0
2026-09-10T02:43:10+00:00,server01,63.27,50.18,51.54,263.19,normal,0
2026-09-10T02:43:20+00:00,server01,45.02,73.18,41.36,204.85,normal,0
2026-09-10T02:43:30+00:00,server01,87.41,31.06,87.97,304.42,cooling_fault,1
2026-09-10T02:43:40+00:00,server01,38.29,56.3,40.7,186.12,normal,0
2026-09-10T02:43:50+00:00,server01,10.58,37.19,34.25,105.74,normal,0
2026-09-10T02:44:00+00:00,server01,29.0,48.34,42.96,168.73,normal,0
2026-09-10T02:44:10+00:00,server01,28.54,46.88,40.81,157.54,normal,0
2026-09-10T02:44:20+00:00,server01,47.36,49.77,47.26,221.35,normal,0
2026-09-10T02:44:30+00:00,server01,29.97,63.39,36.09,162.13,normal,0
2026-09-10T02:44:40+00:00,server01,34.76,53.65,44.01,189.55,normal,0
2026-09-10T02:44:50+00:00,server01,88.16,23.77,61.07,298.91,normal,0
2026-09-10T02:45:00+00:00,server01,61.78,73.61,53.98,242.66,normal,0
2026-09-10T02:45:10+00:00,server01,10.63,43.37,35.22,121.39,normal,0
2026-09-10T02:45:20+00:00,server01,26.84,56.53,34.21,160.98,normal,0
2026-09-10T02:45:30+00:00,server01,30.46,49.94,43.15,169.59,normal,0
2026-09-10T02:45:40+00:00,server01,94.91,71.84,66.8,331.91,normal,0
2026-09-10T02:45:50+00:00,server01,29.17,65.25,61.56,183.43,cooling_fault,1
2026-09-10T02:46:00+00:00,server01,94.84,93.0,63.97,322.15,overload,1
2026-09-10T02:46:10+00:00,server01,24.33,60.56,36.95,154.45,normal,0
2026-09-10T02:46:20+00:00,server01,53.6,83.34,79.3,236.48,cooling_fault,1
2026-09-10T02:46:30+00:00,server01,35.02,71.95,39.77,185.01,normal,0
2026-09-10T00:00:00+00:00,server02,28.98,85.98,65.46,158.35,cooling_fault,1
2026-09-10T00:00:10+00:00,server02,24.83,45.05,40.57,155.14,normal,0
2026-09-10T00:00:20+00:00,server02,45.16,56.89,69.17,196.57,cooling_fault,1
2026-09-10T00:00:30+00:00,server02,45.04,52.33,41.52,211.71,normal,0
2026-09-10T00:00:40+00:00,server02,57.23,45.7,75.62,235.55,cooling_fault,1
2026-09-10T00:00:50+00:00,server02,93.86,96.76,63.44,320.61,overload,1
2026-09-10T00:01:00+00:00,server02,91.68,96.26,63.26,331.12,overload,1
2026-09-10T00:01:10+00:00,server02,98.48,90.32,64.27,338.94,overload,1
2026-09-10T00:01:20+00:00,server02,88.74,71.16,60.03,320.58,normal,0
2026-09-10T00:01:30+00:00,server02,62.92,51.13,51.12,240.78,normal,0
2026-09-10T00:01:40+00:00,server02,13.56,31.14,29.79,125.28,normal,0
2026-09-10T00:01:50+00:00,server02,35.47,66.71,62.33,173.85,cooling_fault,1
2026-09-10T00:02:00+00:00,server02,96.0,96.05,62.34,331.74,overload,1
2026-09-10T00:02:10+00:00,server02,92.43,97.65,60.02,339.87,overload,1
2026-09-10T00:02:20+00:00,server02,80.97,48.61,50.47,287.94,normal,0
2026-09-10T00:02:30+00:00,server02,65.97,26.71,56.57,252.9,normal,0
2026-09-10T00:02:40+00:00,server02,10.32,70.21,29.2,131.53,normal,0
2026-09-10T00:02:50+00:00,server02,94.25,38.14,63.0,311.05,normal,0
2026-09-10T00:03:00+00:00,server02,72.35,23.09,59.44,267.79,normal,0
2026-09-10T00:03:10+00:00,server02,63.18,70.29,53.37,253.91,normal,0
2026-09-10T00:03:20+00:00,server02,26.33,55.47,39.16,157.65,normal,0
2026-09-10T00:03:30+00:00,server02,42.72,55.52,41.81,205.59,normal,0
2026-09-10T00:03:40+00:00,server02,95.35,94.11,64.45,320.11,overload,1
2026-09-10T00:03:50+00:00,server02,67.94,73.3,52.34,264.65,normal,0
2026-09-10T00:04:00+00:00,server02,47.66,73.58,71.84,219.78,cooling_fault,1
2026-09-10T00:04:10+00:00,server02,24.63,44.72,35.67,147.43,normal,0
2026-09-10T00:04:20+00:00,server02,14.43,65.65,38.96,126.52,normal,0
2026-09-10T00:04:30+00:00,server02,30.83,85.46,41.71,183.48,normal,0
2026-09-10T00:04:40+00:00,server02,41.88,62.64,43.9,207.92,normal,0
2026-09-10T00:04:50+00:00,server02,57.67,39.67,47.55,243.17,normal,0
2026-09-10T00:05:00+00:00,server02,21.7,55.55,35.15,155.86,normal,0
2026-09-10T00:05:10+00:00,server02,95.22,96.83,62.76,335.7,overload,1
2026-09-10T00:05:20+00:00,server02,25.65,79.7,40.73,171.9,normal,0
2026-09-10T00:05:30+00:00,server02,34.93,64.81,42.74,171.89,normal,0
2026-09-10T00:05:40+00:00,server02,53.3,47.34,53.1,225.96,normal,0
2026-09-10T00:05:50+00:00,server02,15.28,56.22,32.54,133.64,normal,0
2026-09-10T00:06:00+00:00,server02,91.9,93.38,61.19,331.88,overload,1
2026-09-10T00:06:10+00:00,server02,59.73,62.03,50.36,219.01,normal,0
2026-09-10T00:06:20+00:00,server02,37.87,29.77,43.59,192.5,normal,0
2026-09-10T00:06:30+00:00,server02,84.4,35.44,91.05,292.51,cooling_fault,1
2026-09-10T00:06:40+00:00,server02,59.07,64.92,48.05,236.08,normal,0
2026-09-10T00:06:50+00:00,server02,35.73,23.24,67.29,160.87,cooling_fault,1
2026-09-10T00:07:00+00:00,server02,76.72,41.42,54.76,261.44,normal,0
2026-09-10T00:07:10+00:00,server02,48.11,88.48,49.02,221.27,normal,0
2026-09-10T00:07:20+00:00,server02,94.27,85.9,62.43,348.94,normal,0
2026-09-10T00:07:30+00:00,server02,62.14,45.01,49.74,241.99,normal,0
2026-09-10T00:07:40+00:00,server02,94.89,60.78,59.98,327.8,normal,0
2026-09-10T00:07:50+00:00,server02,31.33,66.29,41.3,166.72,normal,0
2026-09-10T00:08:00+00:00,server02,13.4,59.91,36.4,141.44,normal,0
2026-09-10T00:08:10+00:00,server02,63.91,37.42,50.57,242.84,normal,0
2026-09-10T00:08:20+00:00,server02,61.19,40.96,47.85,225.94,normal,0
2026-09-10T00:08:30+00:00,server02,73.12,39.99,54.41,256.79,normal,0
2026-09-10T00:08:40+00:00,server02,69.08,46.76,52.87,264.12,normal,0
2026-09-10T00:08:50+00:00,server02,13.6,72.95,37.41,139.33,normal,0
2026-09-10T00:09:00+00:00,server02,71.49,75.31,56.2,282.25,normal,0
2026-09-10T00:09:10+00:00,server02,74.02,50.87,82.38,270.41,cooling_fault,1
2026-09-10T00:09:20+00:00,server02,60.63,46.88,84.4,234.56,cooling_fault,1
2026-09-10T00:09:30+00:00,server02,16.57,60.04,33.59,136.29,normal,0
2026-09-10T00:09:40+00:00,server02,46.37,66.83,74.52,219.77,cooling_fault,1
2026-09-10T00:09:50+00:00,server02,94.75,51.54,66.33,325.45,normal,0
2026-09-10T00:10:00+00:00,server02,31.73,76.39,46.23,190.89,normal,0
2026-09-10T00:10:10+00:00,server02,69.22,62.31,50.5,252.92,normal,0
2026-09-10T00:10:20+00:00,server02,17.31,68.55,37.55,146.36,normal,0
2026-09-10T00:10:30+00:00,server02,42.95,32.39,39.02,198.73,normal,0
2026-09-10T00:10:40+00:00,server02,36.54,71.63,40.93,193.89,normal,0
2026-09-10T00:10:50+00:00,server02,27.1,56.85,38.07,158.58,normal,0
2026-09-10T00:11:00+00:00,server02,40.15,60.74,41.07,201.84,normal,0
2026-09-10T00:11:10+00:00,server02,75.85,40.83,54.25,281.71,normal,0
2026-09-10T00:11:20+00:00,server02,12.66,41.54,35.45,142.26,normal,0
2026-09-10T00:11:30+00:00,server02,51.6,43.9,47.93,221.97,normal,0
2026-09-10T00:11:40+00:00,server02,90.81,42.86,64.75,320.32,normal,0
2026-09-10T00:11:50+00:00,server02,47.65,57.02,45.74,222.27,normal,0
2026-09-10T00:12:00+00:00,server02,80.55,39.5,59.67,283.75,normal,0
2026-09-10T00:12:10+00:00,server02,79.01,66.39,61.64,274.09,normal,0
2026-09-10T00:12:20+00:00,server02,80.27,32.1,56.13,275.54,normal,0
2026-09-10T00:12:30+00:00,server02,58.83,85.34,48.15,251.0,normal,0
2026-09-10T00:12:40+00:00,server02,25.15,60.98,39.71,172.16,normal,0
2026-09-10T00:12:50+00:00,server02,19.41,66.94,39.47,149.18,normal,0
2026-09-10T00:13:00+00:00,server02,96.56,95.6,64.16,324.29,overload,1
2026-09-10T00:13:10+00:00,server02,15.35,37.2,39.67,132.03,normal,0
2026-09-10T00:13:20+00:00,server02,27.82,59.44,42.71,157.97,normal,0
2026-09-10T00:13:30+00:00,server02,39.78,25.96,43.75,179.83,normal,0
2026-09-10T00:13:40+00:00,server02,94.5,95.41,68.84,332.82,overload,1
2026-09-10T00:13:50+00:00,server02,30.16,46.75,46.0,166.44,normal,0
2026-09-10T00:14:00+00:00,server02,36.03,59.61,67.35,179.37,cooling_fault,1
2026-09-10T00:14:10+00:00,server02,19.58,54.8,35.9,141.43,normal,0
2026-09-10T00:14:20+00:00,server02,60.28,44.99,49.09,241.2,normal,0
2026-09-10T00:14:30+00:00,server02,19.36,36.22,35.99,129.89,normal,0
2026-09-10T00:14:40+00:00,server02,58.47,33.66,45.61,223.79,normal,0
2026-09-10T00:14:50+00:00,server02,87.8,61.56,64.26,295.07,normal,0
2026-09-10T00:15:00+00:00,server02,95.06,97.19,59.3,337.35,overload,1
2026-09-10T00:15:10+00:00,server02,61.57,31.22,51.64,228.45,normal,0
2026-09-10T00:15:20+00:00,server02,60.87,74.31,49.7,255.79,normal,0
2026-09-10T00:15:30+00:00,server02,62.84,64.19,80.83,248.01,cooling_fault,1
2026-09-10T00:15:40+00:00,server02,39.77,37.01,43.38,186.23,normal,0
2026-09-10T00:15:50+00:00,server02,38.3,44.73,43.7,193.38,normal,0
2026-09-10T00:16:00+00:00,server02,18.6,59.73,33.25,150.71,normal,0
2026-09-10T00:16:10+00:00,server02,23.27,46.16,37.92,152.29,normal,0
2026-09-10T00:16:20+00:00,server02,52.6,35.05,50.6,216.34,normal,0
2026-09-10T00:16:30+00:00,server02,67.52,30.97,78.5,261.71,cooling_fault,1
2026-09-10T00:16:40+00:00,server02,37.57,41.94,48.42,174.51,normal,0
2026-09-10T00:16:50+00:00,server02,35.04,27.16,46.09,177.24,normal,0
2026-09-10T00:17:00+00:00,server02,59.69,52.58,47.7,237.92,normal,0
2026-09-10T00:17:10+00:00,server02,45.17,67.1,76.72,211.5,cooling_fault,1
2026-09-10T00:17:20+00:00,server02,86.27,47.83,61.62,298.3,normal,0
2026-09-10T00:17:30+00:00,server02,60.83,41.78,53.2,245.61,normal,0
2026-09-10T00:17:40+00:00,server02,34.39,47.01,42.08,187.96,normal,0
2026-09-10T00:17:50+00:00,server02,81.03,83.63,56.25,291.67,normal,0
2026-09-10T00:18:00+00:00,server02,64.54,19.68,51.97,236.44,normal,0
2026-09-10T00:18:10+00:00,server02,75.34,45.99,58.14,280.4,normal,0
2026-09-10T00:18:20+00:00,server02,45.76,21.62,42.74,190.38,normal,0
2026-09-10T00:18:30+00:00,server02,70.47,47.3,50.99,264.69,normal,0
2026-09-10T00:18:40+00:00,server02,76.64,55.19,52.2,275.52,normal,0
2026-09-10T00:18:50+00:00,server02,25.53,56.12,43.21,164.61,normal,0
2026-09-10T00:19:00+00:00,server02,34.54,64.6,39.67,189.08,normal,0
2026-09-10T00:19:10+00:00,server02,73.47,61.83,56.37,273.06,normal,0
2026-09-10T00:19:20+00:00,server02,27.84,64.15,39.62,167.4,normal,0
2026-09-10T00:19:30+00:00,server02,80.74,41.59,51.63,290.78,normal,0
2026-09-10T00:19:40+00:00,server02,53.85,60.56,50.65,217.78,normal,0
2026-09-10T00:19:50+00:00,server02,41.45,80.71,47.47,206.4,normal,0
2026-09-10T00:20:00+00:00,server02,45.75,52.63,47.69,200.52,normal,0
2026-09-10T00:20:10+00:00,server02,85.82,58.69,61.52,298.95,normal,0
2026-09-10T00:20:20+00:00,server02,100.0,100.0,66.65,339.41,overload,1
2026-09-10T00:20:30+00:00,server02,80.01,75.12,54.37,293.57,normal,0
2026-09-10T00:20:40+00:00,server02,45.24,49.85,41.14,208.49,normal,0
2026-09-10T00:20:50+00:00,server02,75.64,61.08,55.05,273.1,normal,0
2026-09-10T00:21:00+00:00,server02,26.86,62.36,43.91,154.72,normal,0
2026-09-10T00:21:10+00:00,server02,74.89,46.54,58.56,272.19,normal,0
2026-09-10T00:21:20+00:00,server02,96.2,95.51,66.47,342.67,overload,1
2026-09-10T00:21:30+00:00,server02,33.42,52.18,39.55,178.17,normal,0
2026-09-10T00:21:40+00:00,server02,90.95,75.13,63.73,323.84,normal,0
2026-09-10T00:21:50+00:00,server02,71.16,51.76,55.21,268.16,normal,0
2026-09-10T00:22:00+00:00,server02,15.75,44.62,33.46,142.79,normal,0
2026-09-10T00:22:10+00:00,server02,13.13,53.39,59.18,127.78,cooling_fault,1
2026-09-10T00:22:20+00:00,server02,61.81,57.85,53.62,232.2,normal,0
2026-09-10T00:22:30+00:00,server02,16.8,61.03,22.71,144.03,normal,0
2026-09-10T00:22:40+00:00,server02,62.39,77.79,43.52,260.57,normal,0
2026-09-10T00:22:50+00:00,server02,88.95,96.34,64.59,325.29,overload,1
2026-09-10T00:23:00+00:00,server02,56.66,27.08,51.91,238.11,normal,0
2026-09-10T00:23:10+00:00,server02,49.52,32.28,68.95,195.8,cooling_fault,1
2026-09-10T00:23:20+00:00,server02,97.18,90.71,66.34,345.25,overload,1
2026-09-10T00:23:30+00:00,server02,21.26,25.75,36.44,138.81,normal,0
2026-09-10T00:23:40+00:00,server02,87.12,58.66,59.7,308.97,normal,0
2026-09-10T00:23:50+00:00,server02,74.62,59.76,55.56,271.85,normal,0
2026-09-10T00:24:00+00:00,server02,80.58,60.79,58.29,289.2,normal,0
2026-09-10T00:24:10+00:00,server02,67.72,30.31,54.85,253.46,normal,0
2026-09-10T00:24:20+00:00,server02,27.16,83.43,38.37,163.22,normal,0
2026-09-10T00:24:30+00:00,server02,90.8,99.6,65.89,332.6,overload,1
2026-09-10T00:24:40+00:00,server02,31.09,49.72,40.08,181.04,normal,0
2026-09-10T00:24:50+00:00,server02,38.29,58.73,42.21,184.63,normal,0
2026-09-10T00:25:00+00:00,server02,95.16,98.43,65.1,338.09,overload,1
2026-09-10T00:25:10+00:00,server02,33.01,70.19,42.85,181.62,normal,0
2026-09-10T00:25:20+00:00,server02,28.66,8.02,66.56,171.74,cooling_fault,1
2026-09-10T00:25:30+00:00,server02,95.28,94.98,61.96,345.45,overload,1
2026-09-10T00:25:40+00:00,server02,53.67,66.96,48.83,254.33,normal,0
2026-09-10T00:25:50+00:00,server02,64.91,29.34,51.09,253.77,normal,0
2026-09-10T00:26:00+00:00,server02,89.53,95.1,65.45,323.73,overload,1
2026-09-10T00:26:10+00:00,server02,20.15,61.78,39.04,132.65,normal,0
2026-09-10T00:26:20+00:00,server02,24.99,71.98,40.5,166.81,normal,0
2026-09-10T00:26:30+00:00,server02,76.74,27.72,52.36,266.61,normal,0
2026-09-10T00:26:40+00:00,server02,23.43,59.87,41.55,163.39,normal,0
2026-09-10T00:26:50+00:00,server02,54.01,42.28,48.34,224.88,normal,0
2026-09-10T00:27:00+00:00,server02,81.47,63.5,56.73,309.99,normal,0
2026-09-10T00:27:10+00:00,server02,21.76,47.69,42.57,145.7,normal,0
2026-09-10T00:27:20+00:00,server02,63.0,63.78,51.89,259.22,normal,0
2026-09-10T00:27:30+00:00,server02,54.97,56.75,49.75,239.43,normal,0
2026-09-10T00:27:40+00:00,server02,76.06,31.94,53.07,267.98,normal,0
2026-09-10T00:27:50+00:00,server02,73.48,63.04,52.98,269.45,normal,0
2026-09-10T00:28:00+00:00,server02,99.38,95.08,63.46,356.04,overload,1
2026-09-10T00:28:10+00:00,server02,36.3,89.09,43.32,187.65,normal,0
2026-09-10T00:28:20+00:00,server02,65.73,34.09,55.11,256.91,normal,0
2026-09-10T00:28:30+00:00,server02,79.37,40.58,57.33,278.16,normal,0
2026-09-10T00:28:40+00:00,server02,41.31,62.0,46.18,204.81,normal,0
2026-09-10T00:28:50+00:00,server02,13.87,59.09,34.05,134.53,normal,0
2026-09-10T00:29:00+00:00,server02,66.78,35.06,53.81,249.17,normal,0
2026-09-10T00:29:10+00:00,server02,36.38,69.48,50.32,185.04,normal,0
2026-09-10T00:29:20+00:00,server02,62.77,58.13,52.58,241.6,normal,0
2026-09-10T00:29:30+00:00,server02,94.61,68.9,60.8,327.45,normal,0
2026-09-10T00:29:40+00:00,server02,23.62,50.81,38.23,155.78,normal,0
2026-09-10T00:29:50+00:00,server02,98.2,97.89,68.71,349.6,overload,1
2026-09-10T00:30:00+00:00,server02,90.75,71.1,63.71,307.5,normal,0
2026-09-10T00:30:10+00:00,server02,87.18,66.69,85.43,318.32,cooling_fault,1
2026-09-10T00:30:20+00:00,server02,99.6,98.62,61.75,352.48,overload,1
2026-09-10T00:30:30+00:00,server02,52.39,50.69,52.31,224.62,normal,0
2026-09-10T00:30:40+00:00,server02,96.53,100.0,64.32,341.86,overload,1
2026-09-10T00:30:50+00:00,server02,14.99,47.47,33.3,140.46,normal,0
2026-09-10T00:31:00+00:00,server02,93.21,49.57,87.42,318.1,cooling_fault,1
2026-09-10T00:31:10+00:00,server02,100.0,96.1,71.16,356.01,overload,1
2026-09-10T00:31:20+00:00,server02,41.33,80.59,50.46,212.87,normal,0
2026-09-10T00:31:30+00:00,server02,95.35,96.73,68.39,341.33,overload,1
2026-09-10T00:31:40+00:00,server02,10.48,50.08,33.18,121.25,normal,0
2026-09-10T00:31:50+00:00,server02,32.62,55.79,38.82,180.77,normal,0
2026-09-10T00:32:00+00:00,server02,100.0,95.61,67.03,347.45,overload,1
2026-09-10T00:32:10+00:00,server02,78.7,55.87,57.96,289.25,normal,0
2026-09-10T00:32:20+00:00,server02,44.12,80.61,53.57,200.44,normal,0
2026-09-10T00:32:30+00:00,server02,34.55,53.45,44.78,183.68,normal,0
2026-09-10T00:32:40+00:00,server02,25.55,44.62,38.21,154.55,normal,0
2026-09-10T00:32:50+00:00,server02,15.84,38.18,37.84,131.43,normal,0
2026-09-10T00:33:00+00:00,server02,17.08,32.75,37.97,108.59,normal,0
2026-09-10T00:33:10+00:00,server02,39.63,67.65,41.21,203.81,normal,0
2026-09-10T00:33:20+00:00,server02,61.59,65.43,46.13,250.87,normal,0
2026-09-10T00:33:30+00:00,server02,21.87,41.32,39.99,133.29,normal,0
2026-09-10T00:33:40+00:00,server02,94.77,90.79,67.96,334.15,overload,1
2026-09-10T00:33:50+00:00,server02,61.03,43.03,51.1,240.34,normal,0
2026-09-10T00:34:00+00:00,server02,44.98,57.64,69.95,204.85,cooling_fault,1
2026-09-10T00:34:10+00:00,server02,96.01,93.82,61.91,334.14,overload,1
2026-09-10T00:34:20+00:00,server02,15.64,77.48,34.85,146.41,normal,0
2026-09-10T00:34:30+00:00,server02,34.44,52.58,40.61,179.87,normal,0
2026-09-10T00:34:40+00:00,server02,30.99,68.83,41.57,172.51,normal,0
2026-09-10T00:34:50+00:00,server02,26.09,58.36,43.97,161.75,normal,0
2026-09-10T00:35:00+00:00,server02,65.26,54.2,55.43,257.75,normal,0
2026-09-10T00:35:10+00:00,server02,78.4,39.95,53.17,278.64,normal,0
2026-09-10T00:35:20+00:00,server02,18.25,65.57,38.68,143.84,normal,0
2026-09-10T00:35:30+00:00,server02,68.59,70.39,72.96,274.26,cooling_fault,1
2026-09-10T00:35:40+00:00,server02,95.71,89.88,63.06,341.58,overload,1
2026-09-10T00:35:50+00:00,server02,46.1,56.34,68.56,214.39,cooling_fault,1
2026-09-10T00:36:00+00:00,server02,70.08,79.29,85.29,275.09,cooling_fault,1
2026-09-10T00:36:10+00:00,server02,54.86,50.46,50.83,220.35,normal,0
2026-09-10T00:36:20+00:00,server02,71.15,54.07,50.87,256.23,normal,0
2026-09-10T00:36:30+00:00,server02,95.82,97.63,61.94,345.9,overload,1
2026-09-10T00:36:40+00:00,server02,77.0,48.99,53.36,295.41,normal,0
2026-09-10T00:36:50+00:00,server02,52.36,64.32,50.26,220.66,normal,0
2026-09-10T00:37:00+00:00,server02,43.64,71.52,43.71,199.23,normal,0
2026-09-10T00:37:10+00:00,server02,73.75,56.35,57.31,287.04,normal,0
2026-09-10T00:37:20+00:00,server02,55.34,65.79,45.91,224.84,normal,0
2026-09-10T00:37:30+00:00,server02,28.36,66.93,40.8,168.78,normal,0
2026-09-10T00:37:40+00:00,server02,51.27,41.59,54.1,203.93,normal,0
2026-09-10T00:37:50+00:00,server02,51.64,60.43,68.67,213.49,cooling_fault,1
2026-09-10T00:38:00+00:00,server02,45.76,65.67,51.45,204.05,normal,0
2026-09-10T00:38:10+00:00,server02,25.07,49.97,37.22,158.87,normal,0
2026-09-10T00:38:20+00:00,server02,89.69,42.36,64.39,307.62,normal,0
2026-09-10T00:38:30+00:00,server02,93.87,93.32,68.08,335.75,overload,1
2026-09-10T00:38:40+00:00,server02,65.33,91.69,83.08,258.52,cooling_fault,1
2026-09-10T00:38:50+00:00,server02,95.36,95.44,61.27,341.0,overload,1
2026-09-10T00:39:00+00:00,server02,92.06,91.62,60.77,324.93,overload,1
2026-09-10T00:39:10+00:00,server02,28.81,69.16,39.29,167.6,normal,0
2026-09-10T00:39:20+00:00,server02,27.86,62.37,43.61,163.9,normal,0
2026-09-10T00:39:30+00:00,server02,43.11,68.38,40.68,209.87,normal,0
2026-09-10T00:39:40+00:00,server02,92.33,23.73,61.91,320.29,normal,0
2026-09-10T00:39:50+00:00,server02,87.16,84.43,85.34,322.15,cooling_fault,1
2026-09-10T00:40:00+00:00,server02,94.46,92.97,56.88,344.88,overload,1
2026-09-10T00:40:10+00:00,server02,54.33,45.38,46.61,214.56,normal,0
2026-09-10T00:40:20+00:00,server02,82.13,86.41,53.76,300.2,normal,0
2026-09-10T00:40:30+00:00,server02,98.97,95.86,62.73,346.85,overload,1
2026-09-10T00:40:40+00:00,server02,70.05,63.2,56.53,245.75,normal,0
2026-09-10T00:40:50+00:00,server02,83.55,74.89,53.7,300.47,normal,0
2026-09-10T00:41:00+00:00,server02,100.0,95.73,63.09,348.99,overload,1
2026-09-10T00:41:10+00:00,server02,73.43,55.55,58.24,257.37,normal,0
2026-09-10T00:41:20+00:00,server02,70.67,33.23,55.42,260.11,normal,0
2026-09-10T00:41:30+00:00,server02,34.15,52.43,44.52,167.07,normal,0
2026-09-10T00:41:40+00:00,server02,68.55,51.69,52.62,258.91,normal,0
2026-09-10T00:41:50+00:00,server02,33.26,43.77,42.05,184.87,normal,0
2026-09-10T00:42:00+00:00,server02,64.35,52.1,52.33,237.02,normal,0
2026-09-10T00:42:10+00:00,server02,46.77,70.39,44.51,208.36,normal,0
2026-09-10T00:42:20+00:00,server02,69.82,58.13,82.48,262.71,cooling_fault,1
2026-09-10T00:42:30+00:00,server02,94.02,97.71,60.83,346.83,overload,1
2026-09-10T00:42:40+00:00,server02,74.01,66.38,55.98,275.17,normal,0
2026-09-10T00:42:50+00:00,server02,92.98,45.06,62.16,316.75,normal,0
2026-09-10T00:43:00+00:00,server02,21.33,82.12,37.0,153.94,normal,0
2026-09-10T00:43:10+00:00,server02,57.33,39.45,48.47,238.52,normal,0
2026-09-10T00:43:20+00:00,server02,54.59,73.4,53.76,243.09,normal,0
2026-09-10T00:43:30+00:00,server02,65.17,82.21,53.53,258.94,normal,0
2026-09-10T00:43:40+00:00,server02,90.48,46.43,62.33,318.49,normal,0
2026-09-10T00:43:50+00:00,server02,84.63,38.28,56.67,290.1,normal,0
2026-09-10T00:44:00+00:00,server02,76.54,45.27,56.94,268.11,normal,0
2026-09-10T00:44:10+00:00,server02,49.67,53.81,46.78,218.34,normal,0
2026-09-10T00:44:20+00:00,server02,87.92,100.0,60.4,320.05,normal,0
2026-09-10T00:44:30+00:00,server02,82.62,69.62,52.45,303.68,normal,0
2026-09-10T00:44:40+00:00,server02,97.87,91.54,65.1,332.1,overload,1
2026-09-10T00:44:50+00:00,server02,68.12,56.11,51.27,255.94,normal,0
2026-09-10T00:45:00+00:00,server02,33.25,46.61,38.2,158.81,normal,0
2026-09-10T00:45:10+00:00,server02,53.39,69.7,47.0,241.6,normal,0
2026-09-10T00:45:20+00:00,server02,32.66,38.81,44.4,186.81,normal,0
2026-09-10T00:45:30+00:00,server02,94.96,98.79,58.9,342.08,overload,1
2026-09-10T00:45:40+00:00,server02,13.86,59.45,36.5,145.19,normal,0
2026-09-10T00:45:50+00:00,server02,74.38,47.01,53.27,280.42,normal,0
2026-09-10T00:46:00+00:00,server02,85.52,56.54,82.92,304.46,cooling_fault,1
2026-09-10T00:46:10+00:00,server02,32.19,48.47,70.33,173.7,cooling_fault,1
2026-09-10T00:46:20+00:00,server02,96.49,94.25,58.42,326.9,overload,1
2026-09-10T00:46:30+00:00,server02,87.76,34.57,64.48,301.24,normal,0
2026-09-10T00:46:40+00:00,server02,13.46,64.33,32.3,123.73,normal,0
2026-09-10T00:46:50+00:00,server02,76.84,51.48,58.82,279.94,normal,0
2026-09-10T00:47:00+00:00,server02,49.9,86.06,45.73,238.03,normal,0
2026-09-10T00:47:10+00:00,server02,92.36,66.01,65.77,314.75,normal,0
2026-09-10T00:47:20+00:00,server02,94.96,60.21,62.46,326.24,normal,0
2026-09-10T00:47:30+00:00,server02,33.3,80.67,38.64,176.57,normal,0
2026-09-10T00:47:40+00:00,server02,24.59,86.81,37.25,166.07,normal,0
2026-09-10T00:47:50+00:00,server02,85.85,28.39,62.1,297.13,normal,0
2026-09-10T00:48:00+00:00,server02,81.89,41.58,60.85,279.65,normal,0
2026-09-10T00:48:10+00:00,server02,83.4,77.28,54.67,299.04,normal,0
2026-09-10T00:48:20+00:00,server02,42.38,34.01,45.99,191.84,normal,0
2026-09-10T00:48:30+00:00,server02,48.46,72.52,43.16,209.84,normal,0
2026-09-10T00:48:40+00:00,server02,68.68,40.64,54.11,245.97,normal,0
2026-09-10T00:48:50+00:00,server02,98.51,93.7,63.73,335.5,overload,1
2026-09-10T00:49:00+00:00,server02,63.1,68.54,52.31,244.0,normal,0
2026-09-10T00:49:10+00:00,server02,79.76,39.79,88.36,282.23,cooling_fault,1
2026-09-10T00:49:20+00:00,server02,31.87,54.46,43.08,151.45,normal,0
2026-09-10T00:49:30+00:00,server02,31.6,77.29,43.96,169.96,normal,0
2026-09-10T00:49:40+00:00,server02,39.67,73.63,67.84,190.07,cooling_fault,1
2026-09-10T00:49:50+00:00,server02,11.48,78.08,35.04,132.62,normal,0
2026-09-10T00:50:00+00:00,server02,18.98,66.75,40.9,150.44,normal,0
2026-09-10T00:50:10+00:00,server02,70.79,53.64,54.88,279.77,normal,0
2026-09-10T00:50:20+00:00,server02,20.66,48.2,68.08,150.44,cooling_fault,1
2026-09-10T00:50:30+00:00,server02,78.72,59.98,57.49,281.61,normal,0
2026-09-10T00:50:40+00:00,server02,87.33,49.37,63.28,314.72,normal,0
2026-09-10T00:50:50+00:00,server02,67.57,66.34,53.88,252.18,normal,0
2026-09-10T00:51:00+00:00,server02,32.35,93.9,45.69,191.49,normal,0
2026-09-10T00:51:10+00:00,server02,12.01,39.94,28.99,113.84,normal,0
2026-09-10T00:51:20+00:00,server02,18.5,46.84,35.73,136.72,normal,0
2026-09-10T00:51:30+00:00,server02,66.16,80.86,55.14,258.55,normal,0
2026-09-10T00:51:40+00:00,server02,42.04,43.48,42.41,202.02,normal,0
2026-09-10T00:51:50+00:00,server02,38.26,54.35,43.74,172.34,normal,0
2026-09-10T00:52:00+00:00,server02,70.83,61.77,61.48,278.53,normal,0
2026-09-10T00:52:10+00:00,server02,100.0,97.27,67.03,356.97,overload,1
2026-09-10T00:52:20+00:00,server02,21.66,45.28,38.78,140.36,normal,0
2026-09-10T00:52:30+00:00,server02,66.15,52.93,47.37,242.98,normal,0
2026-09-10T00:52:40+00:00,server02,39.99,61.22,44.65,202.86,normal,0
2026-09-10T00:52:50+00:00,server02,48.34,64.13,47.55,224.05,normal,0
2026-09-10T00:53:00+00:00,server02,33.75,74.07,34.78,180.9,normal,0
2026-09-10T00:53:10+00:00,server02,29.9,78.57,36.11,186.62,normal,0
2026-09-10T00:53:20+00:00,server02,52.0,51.49,47.25,207.79,normal,0
2026-09-10T00:53:30+00:00,server02,23.15,70.81,36.8,156.49,normal,0
2026-09-10T00:53:40+00:00,server02,81.33,12.49,55.59,278.98,normal,0
2026-09-10T00:53:50+00:00,server02,43.45,53.11,43.24,200.74,normal,0
2026-09-10T00:54:00+00:00,server02,43.1,48.2,44.59,197.85,normal,0
2026-09-10T00:54:10+00:00,server02,78.52,48.23,61.27,287.66,normal,0
2026-09-10T00:54:20+00:00,server02,93.05,49.43,58.84,312.5,normal,0
2026-09-10T00:54:30+00:00,server02,60.88,37.78,49.93,236.83,normal,0
2026-09-10T00:54:40+00:00,server02,18.36,30.95,37.9,117.77,normal,0
2026-09-10T00:54:50+00:00,server02,11.43,61.23,33.58,122.88,normal,0
2026-09-10T00:55:00+00:00,server02,16.93,45.29,36.04,137.28,normal,0
2026-09-10T00:55:10+00:00,server02,13.74,73.22,32.98,130.74,normal,0
2026-09-10T00:55:20+00:00,server02,64.65,39.88,56.42,254.18,normal,0
2026-09-10T00:55:30+00:00,server02,39.62,58.34,46.03,181.84,normal,0
2026-09-10T00:55:40+00:00,server02,42.74,64.35,43.07,181.88,normal,0
2026-09-10T00:55:50+00:00,server02,42.36,55.96,49.88,203.1,normal,0
2026-09-10T00:56:00+00:00,server02,52.92,71.56,46.75,227.36,normal,0
2026-09-10T00:56:10+00:00,server02,100.0,96.18,62.97,347.94,overload,1
2026-09-10T00:56:20+00:00,server02,75.68,46.98,54.52,278.44,normal,0
2026-09-10T00:56:30+00:00,server02,66.44,34.96,53.49,248.49,normal,0
2026-09-10T00:56:40+00:00,server02,54.73,66.22,51.26,235.65,normal,0
2026-09-10T00:56:50+00:00,server02,34.29,39.34,40.22,174.26,normal,0
2026-09-10T00:57:00+00:00,server02,63.91,40.52,47.38,252.08,normal,0
2026-09-10T00:57:10+00:00,server02,89.6,38.59,62.63,317.61,normal,0
2026-09-10T00:57:20+00:00,server02,11.27,71.07,28.51,144.11,normal,0
2026-09-10T00:57:30+00:00,server02,62.56,53.54,49.74,244.1,normal,0
2026-09-10T00:57:40+00:00,server02,14.75,53.31,32.43,130.02,normal,0
2026-09-10T00:57:50+00:00,server02,94.2,30.31,68.95,310.03,normal,0
2026-09-10T00:58:00+00:00,server02,28.84,49.03,41.74,178.12,normal,0
2026-09-10T00:58:10+00:00,server02,41.53,34.24,67.94,187.8,cooling_fault,1
2026-09-10T00:58:20+00:00,server02,29.84,38.71,44.92,177.78,normal,0
2026-09-10T00:58:30+00:00,server02,86.99,36.52,62.32,295.75,normal,0
2026-09-10T00:58:40+00:00,server02,54.0,48.01,47.92,231.59,normal,0
2026-09-10T00:58:50+00:00,server02,58.22,35.12,55.22,222.13,normal,0
2026-09-10T00:59:00+00:00,server02,12.21,49.84,36.68,136.27,normal,0
2026-09-10T00:59:10+00:00,server02,65.44,57.76,50.56,246.44,normal,0
2026-09-10T00:59:20+00:00,server02,46.18,58.74,63.51,208.07,cooling_fault,1
2026-09-10T00:59:30+00:00,server02,37.35,46.22,38.88,187.19,normal,0
2026-09-10T00:59:40+00:00,server02,88.73,51.8,66.55,294.68,normal,0
2026-09-10T00:59:50+00:00,server02,54.8,50.03,45.07,231.3,normal,0
2026-09-10T01:00:00+00:00,server02,100.0,98.02,63.69,341.38,overload,1
2026-09-10T01:00:10+00:00,server02,61.24,43.33,55.87,244.17,normal,0
2026-09-10T01:00:20+00:00,server02,33.82,64.91,41.79,177.7,normal,0
2026-09-10T01:00:30+00:00,server02,53.24,43.02,50.43,220.17,normal,0
2026-09-10T01:00:40+00:00,server02,36.26,36.86,74.63,190.46,cooling_fault,1
2026-09-10T01:00:50+00:00,server02,69.23,50.5,58.38,258.48,normal,0
2026-09-10T01:01:00+00:00,server02,15.77,54.28,40.82,122.94,normal,0
2026-09-10T01:01:10+00:00,server02,60.71,55.45,50.46,232.99,normal,0
2026-09-10T01:01:20+00:00,server02,70.8,53.58,51.08,278.45,normal,0
2026-09-10T01:01:30+00:00,server02,63.72,37.69,56.91,241.3,normal,0
2026-09-10T01:01:40+00:00,server02,41.0,45.31,39.99,187.02,normal,0
2026-09-10T01:01:50+00:00,server02,43.66,60.34,43.11,203.4,normal,0
2026-09-10T01:02:00+00:00,server02,58.23,60.77,45.68,250.13,normal,0
2026-09-10T01:02:10+00:00,server02,57.7,53.15,77.64,239.8,cooling_fault,1
2026-09-10T01:02:20+00:00,server02,69.94,43.62,56.81,257.82,normal,0
2026-09-10T01:02:30+00:00,server02,36.93,55.75,39.7,187.34,normal,0
2026-09-10T01:02:40+00:00,server02,14.91,54.17,35.62,127.11,normal,0
2026-09-10T01:02:50+00:00,server02,77.74,90.19,60.38,295.81,normal,0
2026-09-10T01:03:00+00:00,server02,90.06,87.33,60.32,311.32,overload,1
2026-09-10T01:03:10+00:00,server02,85.66,68.81,56.57,309.43,normal,0
2026-09-10T01:03:20+00:00,server02,54.9,47.2,53.37,225.1,normal,0
2026-09-10T01:03:30+00:00,server02,30.69,66.14,40.56,170.87,normal,0
2026-09-10T01:03:40+00:00,server02,57.04,15.07,40.77,231.59,normal,0
2026-09-10T01:03:50+00:00,server02,18.54,50.47,42.15,139.49,normal,0
2026-09-10T01:04:00+00:00,server02,86.47,55.17,57.24,317.28,normal,0
2026-09-10T01:04:10+00:00,server02,24.12,54.84,34.56,166.71,normal,0
2026-09-10T01:04:20+00:00,server02,95.13,96.44,61.54,338.43,overload,1
2026-09-10T01:04:30+00:00,server02,91.8,53.43,91.76,314.74,cooling_fault,1
2026-09-10T01:04:40+00:00,server02,93.27,66.4,60.02,319.88,normal,0
2026-09-10T01:04:50+00:00,server02,42.54,29.41,44.2,197.28,normal,0
2026-09-10T01:05:00+00:00,server02,24.5,57.44,38.2,147.78,normal,0
2026-09-10T01:05:10+00:00,server02,78.87,39.23,56.48,270.0,normal,0
2026-09-10T01:05:20+00:00,server02,66.55,42.25,53.57,242.78,normal,0
2026-09-10T01:05:30+00:00,server02,29.36,39.0,44.35,156.29,normal,0
2026-09-10T01:05:40+00:00,server02,93.49,97.28,59.64,333.88,overload,1
2026-09-10T01:05:50+00:00,server02,73.38,64.46,53.91,280.94,normal,0
2026-09-10T01:06:00+00:00,server02,58.77,42.36,49.86,230.42,normal,0
2026-09-10T01:06:10+00:00,server02,50.7,76.06,43.48,222.91,normal,0
2026-09-10T01:06:20+00:00,server02,31.77,40.31,37.07,166.5,normal,0
2026-09-10T01:06:30+00:00,server02,64.52,33.98,55.02,245.97,normal,0
2026-09-10T01:06:40+00:00,server02,59.67,48.43,72.98,233.36,cooling_fault,1
2026-09-10T01:06:50+00:00,server02,95.73,92.51,57.44,333.01,overload,1
2026-09-10T01:07:00+00:00,server02,10.58,72.99,39.57,133.36,normal,0
2026-09-10T01:07:10+00:00,server02,36.96,80.65,75.34,200.5,cooling_fault,1
2026-09-10T01:07:20+00:00,server02,66.57,54.38,52.29,261.06,normal,0
2026-09-10T01:07:30+00:00,server02,21.56,19.67,42.71,135.88,normal,0
2026-09-10T01:07:40+00:00,server02,70.59,59.5,59.04,257.35,normal,0
2026-09-10T01:07:50+00:00,server02,38.84,58.14,47.87,181.31,normal,0
2026-09-10T01:08:00+00:00,server02,72.45,26.99,57.04,266.24,normal,0
2026-09-10T01:08:10+00:00,server02,82.74,79.14,57.28,298.75,normal,0
2026-09-10T01:08:20+00:00,server02,48.19,61.05,43.53,219.89,normal,0
2026-09-10T01:08:30+00:00,server02,71.02,47.08,55.87,262.36,normal,0
2026-09-10T01:08:40+00:00,server02,56.35,71.24,48.79,228.27,normal,0
2026-09-10T01:08:50+00:00,server02,19.82,33.09,34.26,131.73,normal,0
2026-09-10T01:09:00+00:00,server02,47.1,65.61,41.67,200.07,normal,0
2026-09-10T01:09:10+00:00,server02,32.15,33.18,39.43,163.91,normal,0
2026-09-10T01:09:20+00:00,server02,33.02,45.08,45.99,176.68,normal,0
2026-09-10T01:09:30+00:00,server02,21.11,56.86,67.25,142.91,cooling_fault,1
2026-09-10T01:09:40+00:00,server02,39.23,55.63,48.21,201.17,normal,0
2026-09-10T01:09:50+00:00,server02,56.22,62.6,49.14,247.15,normal,0
2026-09-10T01:10:00+00:00,server02,76.9,48.11,53.28,283.45,normal,0
2026-09-10T01:10:10+00:00,server02,68.73,35.61,54.44,264.82,normal,0
2026-09-10T01:10:20+00:00,server02,26.84,48.62,39.82,163.58,normal,0
2026-09-10T01:10:30+00:00,server02,12.29,69.96,35.86,144.56,normal,0
2026-09-10T01:10:40+00:00,server02,28.88,68.52,34.69,190.74,normal,0
2026-09-10T01:10:50+00:00,server02,40.99,55.4,47.53,189.49,normal,0
2026-09-10T01:11:00+00:00,server02,34.64,78.69,43.44,194.23,normal,0
2026-09-10T01:11:10+00:00,server02,84.72,61.16,85.55,309.37,cooling_fault,1
2026-09-10T01:11:20+00:00,server02,53.68,72.72,41.95,235.37,normal,0
2026-09-10T01:11:30+00:00,server02,48.11,60.05,50.52,221.78,normal,0
2026-09-10T01:11:40+00:00,server02,98.63,97.6,64.26,340.44,overload,1
2026-09-10T01:11:50+00:00,server02,37.23,54.37,39.89,172.19,normal,0
2026-09-10T01:12:00+00:00,server02,94.36,95.99,66.75,324.79,overload,1
2026-09-10T01:12:10+00:00,server02,43.36,60.7,48.89,191.63,normal,0
2026-09-10T01:12:20+00:00,server02,17.3,52.2,35.64,140.53,normal,0
2026-09-10T01:12:30+00:00,server02,77.78,63.42,78.3,293.62,cooling_fault,1
2026-09-10T01:12:40+00:00,server02,32.7,32.59,41.1,169.82,normal,0
2026-09-10T01:12:50+00:00,server02,68.4,33.86,81.37,255.64,cooling_fault,1
2026-09-10T01:13:00+00:00,server02,66.07,54.15,54.68,251.69,normal,0
2026-09-10T01:13:10+00:00,server02,16.17,46.93,35.72,134.07,normal,0
2026-09-10T01:13:20+00:00,server02,33.8,49.73,49.35,169.88,normal,0
2026-09-10T01:13:30+00:00,server02,83.9,61.32,55.22,306.49,normal,0
2026-09-10T01:13:40+00:00,server02,13.13,51.84,33.28,139.94,normal,0
2026-09-10T01:13:50+00:00,server02,92.28,61.52,60.97,324.83,normal,0
2026-09-10T01:14:00+00:00,server02,85.28,82.02,62.4,310.97,normal,0
2026-09-10T01:14:10+00:00,server02,64.6,36.23,77.25,247.68,cooling_fault,1
2026-09-10T01:14:20+00:00,server02,34.23,55.32,44.3,184.05,normal,0
2026-09-10T01:14:30+00:00,server02,38.88,81.86,43.18,197.23,normal,0
2026-09-10T01:14:40+00:00,server02,23.4,78.16,42.35,163.16,normal,0
2026-09-10T01:14:50+00:00,server02,70.22,56.11,54.0,268.05,normal,0
2026-09-10T01:15:00+00:00,server02,75.46,58.06,58.22,273.56,normal,0
2026-09-10T01:15:10+00:00,server02,24.4,46.41,36.95,143.91,normal,0
2026-09-10T01:15:20+00:00,server02,81.43,44.52,62.27,284.22,normal,0
2026-09-10T01:15:30+00:00,server02,16.73,67.49,38.4,146.32,normal,0
2026-09-10T01:15:40+00:00,server02,42.21,47.13,42.33,205.76,normal,0
2026-09-10T01:15:50+00:00,server02,56.7,55.6,48.94,223.73,normal,0
2026-09-10T01:16:00+00:00,server02,11.21,40.71,29.49,106.6,normal,0
2026-09-10T01:16:10+00:00,server02,95.74,92.37,65.46,336.98,overload,1
2026-09-10T01:16:20+00:00,server02,53.81,43.19,49.17,211.99,normal,0
2026-09-10T01:16:30+00:00,server02,60.08,68.77,50.01,253.32,normal,0
2026-09-10T01:16:40+00:00,server02,60.57,60.71,54.71,256.93,normal,0
2026-09-10T01:16:50+00:00,server02,100.0,94.13,68.83,340.7,overload,1
2026-09-10T01:17:00+00:00,server02,52.19,38.18,49.67,206.22,normal,0
2026-09-10T01:17:10+00:00,server02,60.95,47.48,48.42,236.72,normal,0
2026-09-10T01:17:20+00:00,server02,21.41,56.53,36.57,161.73,normal,0
2026-09-10T01:17:30+00:00,server02,29.02,39.38,40.37,170.92,normal,0
2026-09-10T01:17:40+00:00,server02,23.1,63.33,39.35,150.11,normal,0
2026-09-10T01:17:50+00:00,server02,50.18,64.24,53.15,223.47,normal,0
2026-09-10T01:18:00+00:00,server02,61.27,33.09,52.83,228.84,normal,0
2026-09-10T01:18:10+00:00,server02,100.0,94.24,63.65,357.49,overload,1
2026-09-10T01:18:20+00:00,server02,87.03,73.74,60.59,298.5,normal,0
2026-09-10T01:18:30+00:00,server02,76.41,78.1,54.93,295.23,normal,0
2026-09-10T01:18:40+00:00,server02,49.17,52.1,48.38,206.79,normal,0
2026-09-10T01:18:50+00:00,server02,46.09,51.32,46.28,206.58,normal,0
2026-09-10T01:19:00+00:00,server02,34.96,46.67,41.88,177.54,normal,0
2026-09-10T01:19:10+00:00,server02,11.84,27.78,31.95,114.51,normal,0
2026-09-10T01:19:20+00:00,server02,38.24,55.28,43.91,184.5,normal,0
2026-09-10T01:19:30+00:00,server02,72.25,52.45,52.48,266.93,normal,0
2026-09-10T01:19:40+00:00,server02,91.98,76.96,64.68,334.39,normal,0
2026-09-10T01:19:50+00:00,server02,56.34,48.21,46.61,238.85,normal,0
2026-09-10T01:20:00+00:00,server02,83.98,49.52,65.31,295.16,normal,0
2026-09-10T01:20:10+00:00,server02,39.9,39.66,42.51,179.4,normal,0
2026-09-10T01:20:20+00:00,server02,76.34,52.05,56.88,283.29,normal,0
2026-09-10T01:20:30+00:00,server02,17.41,49.76,37.69,141.67,normal,0
2026-09-10T01:20:40+00:00,server02,53.14,23.15,73.83,216.08,cooling_fault,1
2026-09-10T01:20:50+00:00,server02,42.6,49.58,64.54,202.49,cooling_fault,1
2026-09-10T01:21:00+00:00,server02,55.22,48.06,53.03,226.61,normal,0
2026-09-10T01:21:10+00:00,server02,94.68,96.39,67.19,341.33,overload,1
2026-09-10T01:21:20+00:00,server02,35.43,34.3,63.89,173.67,cooling_fault,1
2026-09-10T01:21:30+00:00,server02,34.92,26.92,61.84,169.83,cooling_fault,1
2026-09-10T01:21:40+00:00,server02,93.62,95.24,61.47,341.99,overload,1
2026-09-10T01:21:50+00:00,server02,90.74,58.05,57.55,314.47,normal,0
2026-09-10T01:22:00+00:00,server02,86.73,43.82,86.88,290.56,cooling_fault,1
2026-09-10T01:22:10+00:00,server02,81.99,63.59,61.42,289.74,normal,0
2026-09-10T01:22:20+00:00,server02,22.39,78.21,33.39,149.9,normal,0
2026-09-10T01:22:30+00:00,server02,86.99,26.64,58.7,274.61,normal,0
2026-09-10T01:22:40+00:00,server02,98.43,92.27,63.04,351.3,overload,1
2026-09-10T01:22:50+00:00,server02,93.68,51.58,84.78,317.97,cooling_fault,1
2026-09-10T01:23:00+00:00,server02,76.18,52.76,83.86,280.27,cooling_fault,1
2026-09-10T01:23:10+00:00,server02,73.09,62.39,54.59,272.8,normal,0
2026-09-10T01:23:20+00:00,server02,93.84,99.05,67.18,340.96,overload,1
2026-09-10T01:23:30+00:00,server02,73.06,71.18,55.91,270.74,normal,0
2026-09-10T01:23:40+00:00,server02,90.55,48.64,63.27,303.01,normal,0
2026-09-10T01:23:50+00:00,server02,69.67,58.17,58.13,273.72,normal,0
2026-09-10T01:24:00+00:00,server02,52.24,38.41,50.57,204.49,normal,0
2026-09-10T01:24:10+00:00,server02,87.77,77.04,59.0,308.62,normal,0
2026-09-10T01:24:20+00:00,server02,15.42,52.69,38.55,126.42,normal,0
2026-09-10T01:24:30+00:00,server02,91.22,96.34,60.73,334.54,overload,1
2026-09-10T01:24:40+00:00,server02,77.44,57.91,58.23,278.17,normal,0
2026-09-10T01:24:50+00:00,server02,94.28,64.53,59.93,327.07,normal,0
2026-09-10T01:25:00+00:00,server02,75.59,69.42,56.08,283.18,normal,0
2026-09-10T01:25:10+00:00,server02,24.78,60.07,65.53,165.19,cooling_fault,1
2026-09-10T01:25:20+00:00,server02,32.56,35.02,40.78,158.55,normal,0
2026-09-10T01:25:30+00:00,server02,66.93,77.63,77.34,265.69,cooling_fault,1
2026-09-10T01:25:40+00:00,server02,90.63,97.81,55.2,322.41,overload,1
2026-09-10T01:25:50+00:00,server02,46.02,58.46,43.93,193.29,normal,0
2026-09-10T01:26:00+00:00,server02,37.01,43.4,45.86,172.14,normal,0
2026-09-10T01:26:10+00:00,server02,54.9,69.41,48.82,238.91,normal,0
2026-09-10T01:26:20+00:00,server02,25.38,32.46,30.97,153.67,normal,0
2026-09-10T01:26:30+00:00,server02,76.24,47.13,61.15,273.44,normal,0
2026-09-10T01:26:40+00:00,server02,55.89,80.78,48.61,233.15,normal,0
2026-09-10T01:26:50+00:00,server02,83.4,61.32,60.55,323.48,normal,0
2026-09-10T01:27:00+00:00,server02,20.02,52.06,34.08,140.5,normal,0
2026-09-10T01:27:10+00:00,server02,47.24,34.1,51.31,206.01,normal,0
2026-09-10T01:27:20+00:00,server02,72.77,62.07,56.3,278.75,normal,0
2026-09-10T01:27:30+00:00,server02,48.92,66.3,47.61,215.53,normal,0
2026-09-10T01:27:40+00:00,server02,56.02,60.87,50.85,227.84,normal,0
2026-09-10T01:27:50+00:00,server02,94.94,93.52,58.85,330.7,overload,1
2026-09-10T01:28:00+00:00,server02,20.24,63.32,51.68,152.69,cooling_fault,1
2026-09-10T01:28:10+00:00,server02,90.08,54.79,60.95,311.8,normal,0
2026-09-10T01:28:20+00:00,server02,71.84,54.71,58.4,276.35,normal,0
2026-09-10T01:28:30+00:00,server02,17.87,71.75,34.88,150.15,normal,0
2026-09-10T01:28:40+00:00,server02,27.04,84.65,36.59,179.46,normal,0
2026-09-10T01:28:50+00:00,server02,35.05,54.33,38.36,180.3,normal,0
2026-09-10T01:29:00+00:00,server02,68.92,68.88,80.14,254.21,cooling_fault,1
2026-09-10T01:29:10+00:00,server02,52.55,46.87,50.63,218.84,normal,0
2026-09-10T01:29:20+00:00,server02,30.67,54.74,40.49,166.8,normal,0
2026-09-10T01:29:30+00:00,server02,78.35,31.83,55.39,288.21,normal,0
2026-09-10T01:29:40+00:00,server02,76.39,75.6,58.98,283.88,normal,0
2026-09-10T01:29:50+00:00,server02,60.05,42.52,51.03,239.34,normal,0
2026-09-10T01:30:00+00:00,server02,57.1,50.45,53.07,217.41,normal,0
2026-09-10T01:30:10+00:00,server02,59.13,69.4,50.57,257.11,normal,0
2026-09-10T01:30:20+00:00,server02,77.17,58.59,55.95,289.67,normal,0
2026-09-10T01:30:30+00:00,server02,68.31,61.84,83.81,244.88,cooling_fault,1
2026-09-10T01:30:40+00:00,server02,32.16,26.74,32.25,152.98,normal,0
2026-09-10T01:30:50+00:00,server02,95.8,96.9,61.88,330.13,overload,1
2026-09-10T01:31:00+00:00,server02,53.11,58.46,46.22,232.22,normal,0
2026-09-10T01:31:10+00:00,server02,81.38,46.86,61.71,288.31,normal,0
2026-09-10T01:31:20+00:00,server02,26.73,87.14,39.99,180.17,normal,0
2026-09-10T01:31:30+00:00,server02,13.31,55.4,30.81,126.92,normal,0
2026-09-10T01:31:40+00:00,server02,60.05,43.75,50.15,241.49,normal,0
2026-09-10T01:31:50+00:00,server02,17.1,43.81,31.43,136.13,normal,0
2026-09-10T01:32:00+00:00,server02,92.49,43.19,63.11,311.18,normal,0
2026-09-10T01:32:10+00:00,server02,70.22,67.27,57.42,263.84,normal,0
2026-09-10T01:32:20+00:00,server02,70.02,64.8,52.97,265.7,normal,0
2026-09-10T01:32:30+00:00,server02,22.72,56.37,36.72,165.5,normal,0
2026-09-10T01:32:40+00:00,server02,91.47,41.43,60.32,320.2,normal,0
2026-09-10T01:32:50+00:00,server02,66.33,44.15,73.59,262.89,cooling_fault,1
2026-09-10T01:33:00+00:00,server02,95.68,90.81,59.57,338.25,overload,1
2026-09-10T01:33:10+00:00,server02,84.24,50.18,64.34,295.48,normal,0
2026-09-10T01:33:20+00:00,server02,89.03,38.74,60.28,304.26,normal,0
2026-09-10T01:33:30+00:00,server02,93.09,99.52,59.65,341.9,overload,1
2026-09-10T01:33:40+00:00,server02,10.4,63.43,31.85,128.54,normal,0
2026-09-10T01:33:50+00:00,server02,24.5,17.97,37.9,151.04,normal,0
2026-09-10T01:34:00+00:00,server02,28.26,37.46,37.82,160.55,normal,0
2026-09-10T01:34:10+00:00,server02,31.33,59.67,40.12,177.29,normal,0
2026-09-10T01:34:20+00:00,server02,65.7,25.96,78.53,237.84,cooling_fault,1
2026-09-10T01:34:30+00:00,server02,97.44,99.25,63.99,348.06,overload,1
2026-09-10T01:34:40+00:00,server02,22.06,54.1,67.64,144.86,cooling_fault,1
2026-09-10T01:34:50+00:00,server02,79.2,53.62,54.39,306.58,normal,0
2026-09-10T01:35:00+00:00,server02,64.14,60.2,53.25,250.49,normal,0
2026-09-10T01:35:10+00:00,server02,86.46,38.26,66.71,297.22,normal,0
2026-09-10T01:35:20+00:00,server02,43.86,49.68,43.98,187.77,normal,0
2026-09-10T01:35:30+00:00,server02,27.17,72.57,35.92,162.36,normal,0
2026-09-10T01:35:40+00:00,server02,97.87,92.3,68.58,335.62,overload,1
2026-09-10T01:35:50+00:00,server02,38.82,52.81,39.46,178.11,normal,0
2026-09-10T01:36:00+00:00,server02,57.54,60.88,75.6,239.38,cooling_fault,1
2026-09-10T01:36:10+00:00,server02,69.7,40.37,56.54,254.36,normal,0
2026-09-10T01:36:20+00:00,server02,92.1,39.46,63.64,324.03,normal,0
2026-09-10T01:36:30+00:00,server02,30.48,57.31,45.43,161.85,normal,0
2026-09-10T01:36:40+00:00,server02,26.6,52.14,42.77,156.03,normal,0
2026-09-10T01:36:50+00:00,server02,51.4,59.23,49.65,230.67,normal,0
2026-09-10T01:37:00+00:00,server02,60.25,73.85,51.91,244.94,normal,0
2026-09-10T01:37:10+00:00,server02,83.62,52.14,57.01,303.67,normal,0
2026-09-10T01:37:20+00:00,server02,97.73,96.19,59.71,348.13,overload,1
2026-09-10T01:37:30+00:00,server02,27.79,86.77,57.96,169.62,cooling_fault,1
2026-09-10T01:37:40+00:00,server02,43.42,55.2,44.5,209.0,normal,0
2026-09-10T01:37:50+00:00,server02,60.04,39.64,74.57,226.15,cooling_fault,1
2026-09-10T01:38:00+00:00,server02,95.5,92.64,66.05,336.52,overload,1
2026-09-10T01:38:10+00:00,server02,23.31,54.64,60.91,152.28,cooling_fault,1
2026-09-10T01:38:20+00:00,server02,46.07,62.78,67.87,215.46,cooling_fault,1
2026-09-10T01:38:30+00:00,server02,51.54,55.91,79.12,211.23,cooling_fault,1
2026-09-10T01:38:40+00:00,server02,27.89,34.23,59.23,162.18,cooling_fault,1
2026-09-10T01:38:50+00:00,server02,79.59,49.2,56.06,298.97,normal,0
2026-09-10T01:39:00+00:00,server02,38.83,66.94,42.94,209.58,normal,0
2026-09-10T01:39:10+00:00,server02,83.01,71.23,57.49,294.66,normal,0
2026-09-10T01:39:20+00:00,server02,26.92,33.84,59.91,134.47,cooling_fault,1
2026-09-10T01:39:30+00:00,server02,12.22,52.57,29.2,116.32,normal,0
2026-09-10T01:39:40+00:00,server02,35.15,56.77,44.05,199.55,normal,0
2026-09-10T01:39:50+00:00,server02,89.71,42.55,56.37,305.24,normal,0
2026-09-10T01:40:00+00:00,server02,41.98,43.29,38.83,207.64,normal,0
2026-09-10T01:40:10+00:00,server02,40.27,68.47,66.18,205.92,cooling_fault,1
2026-09-10T01:40:20+00:00,server02,65.23,60.17,54.61,260.75,normal,0
2026-09-10T01:40:30+00:00,server02,45.65,66.18,46.58,208.27,normal,0
2026-09-10T01:40:40+00:00,server02,34.02,55.63,40.67,188.56,normal,0
2026-09-10T01:40:50+00:00,server02,59.6,54.67,51.81,236.29,normal,0
2026-09-10T01:41:00+00:00,server02,53.59,60.02,50.79,225.04,normal,0
2026-09-10T01:41:10+00:00,server02,92.76,85.78,59.19,339.77,normal,0
2026-09-10T01:41:20+00:00,server02,43.28,64.38,42.69,215.92,normal,0
2026-09-10T01:41:30+00:00,server02,67.12,50.99,55.47,269.02,normal,0
2026-09-10T01:41:40+00:00,server02,92.0,45.83,64.49,318.45,normal,0
2026-09-10T01:41:50+00:00,server02,85.94,55.11,57.52,305.65,normal,0
2026-09-10T01:42:00+00:00,server02,31.65,53.97,40.81,169.2,normal,0
2026-09-10T01:42:10+00:00,server02,88.93,94.85,56.9,317.21,normal,0
2026-09-10T01:42:20+00:00,server02,82.25,35.2,60.07,289.96,normal,0
2026-09-10T01:42:30+00:00,server02,63.1,51.46,55.73,243.28,normal,0
2026-09-10T01:42:40+00:00,server02,93.38,56.49,60.3,319.56,normal,0
2026-09-10T01:42:50+00:00,server02,43.81,29.55,45.78,184.2,normal,0
2026-09-10T01:43:00+00:00,server02,92.73,63.82,65.9,334.18,normal,0
2026-09-10T01:43:10+00:00,server02,82.41,33.02,61.08,283.75,normal,0
2026-09-10T01:43:20+00:00,server02,76.61,69.17,59.56,286.33,normal,0
2026-09-10T01:43:30+00:00,server02,69.34,59.56,55.89,265.91,normal,0
2026-09-10T01:43:40+00:00,server02,27.75,53.03,35.56,164.72,normal,0
2026-09-10T01:43:50+00:00,server02,88.66,56.91,63.3,293.31,normal,0
2026-09-10T01:44:00+00:00,server02,91.43,11.55,59.07,311.7,normal,0
2026-09-10T01:44:10+00:00,server02,23.15,68.23,38.75,160.47,normal,0
2026-09-10T01:44:20+00:00,server02,21.76,45.51,41.41,158.06,normal,0
2026-09-10T01:44:30+00:00,server02,75.18,40.69,60.14,277.0,normal,0
2026-09-10T01:44:40+00:00,server02,94.1,96.28,59.68,339.79,overload,1
2026-09-10T01:44:50+00:00,server02,72.15,65.63,51.11,274.43,normal,0
2026-09-10T01:45:00+00:00,server02,71.72,54.11,85.76,273.3,cooling_fault,1
2026-09-10T01:45:10+00:00,server02,88.68,40.15,64.71,295.32,normal,0
2026-09-10T01:45:20+00:00,server02,52.86,70.54,50.34,231.67,normal,0
2026-09-10T01:45:30+00:00,server02,39.7,100.0,71.66,206.07,cooling_fault,1
2026-09-10T01:45:40+00:00,server02,45.28,51.79,44.24,204.08,normal,0
2026-09-10T01:45:50+00:00,server02,69.91,52.62,50.84,274.26,normal,0
2026-09-10T01:46:00+00:00,server02,20.15,65.69,40.13,128.66,normal,0
2026-09-10T01:46:10+00:00,server02,86.05,66.02,83.05,299.67,cooling_fault,1
2026-09-10T01:46:20+00:00,server02,56.52,63.13,46.45,223.76,normal,0
2026-09-10T01:46:30+00:00,server02,13.11,68.84,32.99,125.74,normal,0
2026-09-10T01:46:40+00:00,server02,91.43,98.75,65.96,335.94,overload,1
2026-09-10T01:46:50+00:00,server02,26.3,51.85,35.32,150.98,normal,0
2026-09-10T01:47:00+00:00,server02,68.22,39.26,55.91,259.14,normal,0
2026-09-10T01:47:10+00:00,server02,23.91,70.88,39.8,166.5,normal,0
2026-09-10T01:47:20+00:00,server02,95.63,94.88,62.74,341.54,overload,1
2026-09-10T01:47:30+00:00,server02,86.83,52.35,58.18,312.88,normal,0
2026-09-10T01:47:40+00:00,server02,77.67,52.09,51.95,282.32,normal,0
2026-09-10T01:47:50+00:00,server02,86.59,78.77,56.84,317.09,normal,0
2026-09-10T01:48:00+00:00,server02,20.17,54.53,57.52,133.87,cooling_fault,1
2026-09-10T01:48:10+00:00,server02,56.64,44.21,48.85,228.39,normal,0
2026-09-10T01:48:20+00:00,server02,71.47,44.77,54.54,263.39,normal,0
2026-09-10T01:48:30+00:00,server02,58.14,30.8,51.6,233.14,normal,0
2026-09-10T01:48:40+00:00,server02,92.74,81.37,59.25,332.26,normal,0
2026-09-10T01:48:50+00:00,server02,46.97,80.6,48.12,212.44,normal,0
2026-09-10T01:49:00+00:00,server02,56.52,57.45,45.9,224.62,normal,0
2026-09-10T01:49:10+00:00,server02,24.4,29.46,40.03,140.85,normal,0
2026-09-10T01:49:20+00:00,server02,94.94,91.63,63.46,328.02,overload,1
2026-09-10T01:49:30+00:00,server02,52.51,52.72,50.16,213.81,normal,0
2026-09-10T01:49:40+00:00,server02,97.23,91.7,60.73,347.54,overload,1
2026-09-10T01:49:50+00:00,server02,81.64,45.71,55.86,303.86,normal,0
2026-09-10T01:50:00+00:00,server02,77.15,63.64,52.94,278.88,normal,0
2026-09-10T01:50:10+00:00,server02,12.14,53.54,34.99,125.82,normal,0
2026-09-10T01:50:20+00:00,server02,45.74,48.61,46.7,207.64,normal,0
2026-09-10T01:50:30+00:00,server02,36.16,40.02,43.85,190.57,normal,0
2026-09-10T01:50:40+00:00,server02,46.88,58.37,43.0,220.5,normal,0
2026-09-10T01:50:50+00:00,server02,92.8,52.5,60.9,328.96,normal,0
2026-09-10T01:51:00+00:00,server02,96.47,96.72,61.54,342.08,overload,1
2026-09-10T01:51:10+00:00,server02,81.71,58.79,58.46,294.79,normal,0
2026-09-10T01:51:20+00:00,server02,54.41,75.06,45.51,230.37,normal,0
2026-09-10T01:51:30+00:00,server02,12.17,61.89,42.52,132.69,normal,0
2026-09-10T01:51:40+00:00,server02,33.83,40.11,40.9,178.91,normal,0
2026-09-10T01:51:50+00:00,server02,97.21,94.36,62.9,340.17,overload,1
2026-09-10T01:52:00+00:00,server02,77.93,39.91,59.56,273.81,normal,0
2026-09-10T01:52:10+00:00,server02,85.45,78.49,58.65,310.05,normal,0
2026-09-10T01:52:20+00:00,server02,57.32,53.91,73.99,229.62,cooling_fault,1
2026-09-10T01:52:30+00:00,server02,60.89,46.02,53.01,242.47,normal,0
2026-09-10T01:52:40+00:00,server02,90.44,33.8,63.54,303.13,normal,0
2026-09-10T01:52:50+00:00,server02,91.6,56.84,64.84,310.44,normal,0
2026-09-10T01:53:00+00:00,server02,56.79,62.19,42.57,251.08,normal,0
2026-09-10T01:53:10+00:00,server02,45.31,52.85,63.44,210.0,cooling_fault,1
2026-09-10T01:53:20+00:00,server02,73.65,51.46,55.12,274.1,normal,0
2026-09-10T01:53:30+00:00,server02,89.24,37.17,67.97,323.24,normal,0
2026-09-10T01:53:40+00:00,server02,19.54,53.73,66.5,142.24,cooling_fault,1
2026-09-10T01:53:50+00:00,server02,92.81,71.93,62.39,314.51,normal,0
2026-09-10T01:54:00+00:00,server02,73.21,69.18,50.81,278.74,normal,0
2026-09-10T01:54:10+00:00,server02,70.37,58.58,53.63,273.16,normal,0
2026-09-10T01:54:20+00:00,server02,35.5,19.19,35.87,185.33,normal,0
2026-09-10T01:54:30+00:00,server02,45.32,42.64,44.97,208.54,normal,0
2026-09-10T01:54:40+00:00,server02,77.49,54.81,55.42,278.22,normal,0
2026-09-10T01:54:50+00:00,server02,90.82,61.78,60.37,317.52,normal,0
2026-09-10T01:55:00+00:00,server02,23.33,68.8,32.79,152.87,normal,0
2026-09-10T01:55:10+00:00,server02,82.12,25.6,58.45,296.41,normal,0
2026-09-10T01:55:20+00:00,server02,64.18,59.98,53.02,264.55,normal,0
2026-09-10T01:55:30+00:00,server02,16.54,49.6,33.57,132.78,normal,0
2026-09-10T01:55:40+00:00,server02,44.89,49.21,43.7,206.49,normal,0
2026-09-10T01:55:50+00:00,server02,66.29,47.82,82.84,250.29,cooling_fault,1
2026-09-10T01:56:00+00:00,server02,23.13,66.16,38.43,142.06,normal,0
2026-09-10T01:56:10+00:00,server02,63.88,66.84,54.43,247.17,normal,0
2026-09-10T01:56:20+00:00,server02,89.57,50.45,64.16,308.67,normal,0
2026-09-10T01:56:30+00:00,server02,14.19,59.32,33.84,133.71,normal,0
2026-09-10T01:56:40+00:00,server02,95.84,96.59,63.68,339.98,overload,1
2026-09-10T01:56:50+00:00,server02,50.69,56.19,48.39,212.91,normal,0
2026-09-10T01:57:00+00:00,server02,34.19,67.76,44.21,173.51,normal,0
2026-09-10T01:57:10+00:00,server02,42.25,40.2,48.8,205.16,normal,0
2026-09-10T01:57:20+00:00,server02,37.4,66.51,47.28,195.53,normal,0
2026-09-10T01:57:30+00:00,server02,27.68,70.98,38.16,159.48,normal,0
2026-09-10T01:57:40+00:00,server02,33.17,59.95,43.84,173.05,normal,0
2026-09-10T01:57:50+00:00,server02,65.81,47.0,53.47,241.29,normal,0
2026-09-10T01:58:00+00:00,server02,98.14,96.82,61.99,335.25,overload,1
2026-09-10T01:58:10+00:00,server02,71.96,61.08,53.65,273.42,normal,0
2026-09-10T01:58:20+00:00,server02,21.54,30.5,38.15,157.2,normal,0
2026-09-10T01:58:30+00:00,server02,20.83,51.6,37.58,147.03,normal,0
2026-09-10T01:58:40+00:00,server02,96.25,98.83,63.34,337.86,overload,1
2026-09-10T01:58:50+00:00,server02,51.63,59.14,54.23,225.31,normal,0
2026-09-10T01:59:00+00:00,server02,33.49,51.33,44.67,191.84,normal,0
2026-09-10T01:59:10+00:00,server02,45.7,55.53,46.63,200.32,normal,0
2026-09-10T01:59:20+00:00,server02,71.1,55.75,54.01,255.6,normal,0
2026-09-10T01:59:30+00:00,server02,12.27,37.41,33.19,118.11,normal,0
2026-09-10T01:59:40+00:00,server02,78.22,26.46,51.42,275.7,normal,0
2026-09-10T01:59:50+00:00,server02,88.66,46.92,58.28,306.79,normal,0
2026-09-10T02:00:00+00:00,server02,28.99,50.14,39.99,184.41,normal,0
2026-09-10T02:00:10+00:00,server02,33.29,64.69,43.85,181.62,normal,0
2026-09-10T02:00:20+00:00,server02,10.72,46.36,34.73,135.87,normal,0
2026-09-10T02:00:30+00:00,server02,44.13,67.84,42.84,204.17,normal,0
2026-09-10T02:00:40+00:00,server02,71.43,43.44,53.55,281.91,normal,0
2026-09-10T02:00:50+00:00,server02,30.23,58.1,41.32,167.55,normal,0
2026-09-10T02:01:00+00:00,server02,60.62,39.47,50.16,244.65,normal,0
2026-09-10T02:01:10+00:00,server02,45.82,70.14,49.35,207.42,normal,0
2026-09-10T02:01:20+00:00,server02,18.75,41.57,36.93,137.71,normal,0
2026-09-10T02:01:30+00:00,server02,25.27,39.02,40.21,136.61,normal,0
2026-09-10T02:01:40+00:00,server02,60.66,61.29,45.82,244.22,normal,0
2026-09-10T02:01:50+00:00,server02,29.64,27.91,41.27,151.61,normal,0
2026-09-10T02:02:00+00:00,server02,95.66,98.68,65.28,333.47,overload,1
2026-09-10T02:02:10+00:00,server02,60.37,43.71,48.66,238.63,normal,0
2026-09-10T02:02:20+00:00,server02,25.1,52.38,38.85,160.28,normal,0
2026-09-10T02:02:30+00:00,server02,56.74,61.03,52.34,230.03,normal,0
2026-09-10T02:02:40+00:00,server02,99.49,91.69,70.23,335.56,overload,1
2026-09-10T02:02:50+00:00,server02,36.63,87.82,65.81,190.24,cooling_fault,1
2026-09-10T02:03:00+00:00,server02,96.29,94.01,63.3,311.06,overload,1
2026-09-10T02:03:10+00:00,server02,96.05,98.12,67.55,338.46,overload,1
2026-09-10T02:03:20+00:00,server02,15.46,66.51,58.12,127.57,cooling_fault,1
2026-09-10T02:03:30+00:00,server02,16.94,57.72,40.42,131.97,normal,0
2026-09-10T02:03:40+00:00,server02,25.22,58.38,39.48,163.33,normal,0
2026-09-10T02:03:50+00:00,server02,60.74,68.2,56.45,241.56,normal,0
2026-09-10T02:04:00+00:00,server02,43.23,50.03,69.61,203.21,cooling_fault,1
2026-09-10T02:04:10+00:00,server02,25.66,53.5,43.39,157.87,normal,0
2026-09-10T02:04:20+00:00,server02,28.18,57.09,36.48,152.27,normal,0
2026-09-10T02:04:30+00:00,server02,50.2,49.48,48.45,216.84,normal,0
2026-09-10T02:04:40+00:00,server02,56.7,15.91,49.12,225.01,normal,0
2026-09-10T02:04:50+00:00,server02,84.77,66.26,59.91,315.39,normal,0
2026-09-10T02:05:00+00:00,server02,63.92,52.03,65.97,246.4,cooling_fault,1
2026-09-10T02:05:10+00:00,server02,76.04,57.29,58.7,290.85,normal,0
2026-09-10T02:05:20+00:00,server02,30.8,58.49,36.85,166.97,normal,0
2026-09-10T02:05:30+00:00,server02,37.15,40.79,42.11,180.11,normal,0
2026-09-10T02:05:40+00:00,server02,39.28,64.62,47.25,191.01,normal,0
2026-09-10T02:05:50+00:00,server02,91.91,90.83,58.53,327.9,overload,1
2026-09-10T02:06:00+00:00,server02,44.48,47.85,44.92,205.68,normal,0
2026-09-10T02:06:10+00:00,server02,83.74,34.82,57.59,300.84,normal,0
2026-09-10T02:06:20+00:00,server02,39.28,73.54,41.99,207.7,normal,0
2026-09-10T02:06:30+00:00,server02,42.3,32.52,78.96,194.37,cooling_fault,1
2026-09-10T02:06:40+00:00,server02,91.73,65.53,66.04,314.52,normal,0
2026-09-10T02:06:50+00:00,server02,47.17,65.0,46.44,214.95,normal,0
2026-09-10T02:07:00+00:00,server02,76.8,41.98,59.25,288.84,normal,0
2026-09-10T02:07:10+00:00,server02,23.42,61.48,38.22,142.44,normal,0
2026-09-10T02:07:20+00:00,server02,50.35,22.91,78.26,210.66,cooling_fault,1
2026-09-10T02:07:30+00:00,server02,62.57,27.64,51.89,254.23,normal,0
2026-09-10T02:07:40+00:00,server02,41.34,47.8,44.63,203.26,normal,0
2026-09-10T02:07:50+00:00,server02,55.42,76.27,74.58,244.62,cooling_fault,1
2026-09-10T02:08:00+00:00,server02,35.34,59.1,43.67,183.6,normal,0
2026-09-10T02:08:10+00:00,server02,63.13,48.36,54.98,244.41,normal,0
2026-09-10T02:08:20+00:00,server02,90.96,89.82,63.69,316.04,overload,1
2026-09-10T02:08:30+00:00,server02,42.86,54.03,46.32,200.34,normal,0
2026-09-10T02:08:40+00:00,server02,46.4,61.38,51.16,223.26,normal,0
2026-09-10T02:08:50+00:00,server02,64.59,31.51,83.69,252.58,cooling_fault,1
2026-09-10T02:09:00+00:00,server02,10.75,75.71,37.4,137.79,normal,0
2026-09-10T02:09:10+00:00,server02,12.74,66.51,36.91,129.0,normal,0
2026-09-10T02:09:20+00:00,server02,92.81,79.96,60.23,324.62,normal,0
2026-09-10T02:09:30+00:00,server02,79.38,47.16,63.43,288.03,normal,0
2026-09-10T02:09:40+00:00,server02,71.44,48.26,54.74,255.91,normal,0
2026-09-10T02:09:50+00:00,server02,16.73,66.22,37.11,137.79,normal,0
2026-09-10T02:10:00+00:00,server02,98.28,91.59,65.01,348.96,overload,1
2026-09-10T02:10:10+00:00,server02,13.77,29.89,34.47,112.72,normal,0
2026-09-10T02:10:20+00:00,server02,36.15,30.25,43.05,172.51,normal,0
2026-09-10T02:10:30+00:00,server02,43.4,25.13,66.05,187.11,cooling_fault,1
2026-09-10T02:10:40+00:00,server02,81.08,71.54,57.92,276.63,normal,0
2026-09-10T02:10:50+00:00,server02,80.96,73.51,59.73,286.84,normal,0
2026-09-10T02:11:00+00:00,server02,26.58,33.75,35.86,161.46,normal,0
2026-09-10T02:11:10+00:00,server02,39.5,77.92,45.21,195.12,normal,0
2026-09-10T02:11:20+00:00,server02,73.01,54.63,59.75,278.77,normal,0
2026-09-10T02:11:30+00:00,server02,38.53,76.69,47.87,180.46,normal,0
2026-09-10T02:11:40+00:00,server02,12.09,39.5,35.02,110.06,normal,0
2026-09-10T02:11:50+00:00,server02,46.08,47.5,45.91,196.72,normal,0
2026-09-10T02:12:00+00:00,server02,61.0,81.92,50.87,246.58,normal,0
2026-09-10T02:12:10+00:00,server02,36.71,52.33,70.73,173.89,cooling_fault,1
2026-09-10T02:12:20+00:00,server02,71.97,74.04,57.86,285.34,normal,0
2026-09-10T02:12:30+00:00,server02,93.66,86.65,58.2,319.37,normal,0
2026-09-10T02:12:40+00:00,server02,81.88,57.84,61.66,277.9,normal,0
2026-09-10T02:12:50+00:00,server02,90.38,97.34,56.99,315.89,overload,1
2026-09-10T02:13:00+00:00,server02,99.19,94.52,66.43,350.7,overload,1
2026-09-10T02:13:10+00:00,server02,17.96,63.47,38.13,149.3,normal,0
2026-09-10T02:13:20+00:00,server02,69.11,65.36,54.19,261.61,normal,0
2026-09-10T02:13:30+00:00,server02,47.01,68.33,42.2,205.38,normal,0
2026-09-10T02:13:40+00:00,server02,71.04,70.81,49.94,282.55,normal,0
2026-09-10T02:13:50+00:00,server02,39.37,17.18,43.56,188.63,normal,0
2026-09-10T02:14:00+00:00,server02,87.73,81.28,54.02,311.98,normal,0
2026-09-10T02:14:10+00:00,server02,37.66,74.47,46.04,181.91,normal,0
2026-09-10T02:14:20+00:00,server02,43.77,29.93,39.12,202.33,normal,0
2026-09-10T02:14:30+00:00,server02,67.55,51.88,54.74,257.03,normal,0
2026-09-10T02:14:40+00:00,server02,51.45,70.06,71.66,222.13,cooling_fault,1
2026-09-10T02:14:50+00:00,server02,18.49,59.84,32.48,141.75,normal,0
2026-09-10T02:15:00+00:00,server02,73.41,79.69,80.93,281.76,cooling_fault,1
2026-09-10T02:15:10+00:00,server02,34.87,61.92,42.79,165.02,normal,0
2026-09-10T02:15:20+00:00,server02,58.06,74.26,48.35,223.68,normal,0
2026-09-10T02:15:30+00:00,server02,91.8,66.05,53.98,316.55,normal,0
2026-09-10T02:15:40+00:00,server02,96.02,97.69,58.68,326.94,overload,1
2026-09-10T02:15:50+00:00,server02,42.37,56.55,65.36,199.46,cooling_fault,1
2026-09-10T02:16:00+00:00,server02,93.42,95.92,64.15,327.9,normal,0
2026-09-10T02:16:10+00:00,server02,37.86,78.32,64.14,191.4,cooling_fault,1
2026-09-10T02:16:20+00:00,server02,100.0,94.4,63.94,348.89,overload,1
2026-09-10T02:16:30+00:00,server02,77.38,61.18,57.64,301.11,normal,0
2026-09-10T02:16:40+00:00,server02,40.66,38.93,45.8,183.47,normal,0
2026-09-10T02:16:50+00:00,server02,51.96,55.75,55.41,232.85,normal,0
2026-09-10T02:17:00+00:00,server02,40.98,81.45,40.03,213.75,normal,0
2026-09-10T02:17:10+00:00,server02,69.92,63.42,58.17,257.6,normal,0
2026-09-10T02:17:20+00:00,server02,86.5,52.2,62.84,330.75,normal,0
2026-09-10T02:17:30+00:00,server02,69.98,35.55,53.52,251.09,normal,0
2026-09-10T02:17:40+00:00,server02,82.5,48.05,64.83,286.52,normal,0
2026-09-10T02:17:50+00:00,server02,88.33,68.38,64.75,315.93,normal,0
2026-09-10T02:18:00+00:00,server02,94.0,97.75,65.62,347.04,overload,1
2026-09-10T02:18:10+00:00,server02,50.49,67.35,62.07,225.33,cooling_fault,1
2026-09-10T02:18:20+00:00,server02,94.27,93.71,59.77,330.19,overload,1
2026-09-10T02:18:30+00:00,server02,93.95,92.79,62.07,331.05,overload,1
2026-09-10T02:18:40+00:00,server02,89.39,60.16,59.56,307.88,normal,0
2026-09-10T02:18:50+00:00,server02,30.81,36.9,41.34,173.63,normal,0
2026-09-10T02:19:00+00:00,server02,94.35,90.9,62.23,342.32,overload,1
2026-09-10T02:19:10+00:00,server02,31.59,76.83,42.43,172.79,normal,0
2026-09-10T02:19:20+00:00,server02,93.52,96.26,64.28,322.38,overload,1
2026-09-10T02:19:30+00:00,server02,21.53,63.17,40.03,154.44,normal,0
2026-09-10T02:19:40+00:00,server02,15.05,41.9,31.31,103.14,normal,0
2026-09-10T02:19:50+00:00,server02,62.09,60.97,45.82,242.13,normal,0
2026-09-10T02:20:00+00:00,server02,59.18,61.14,49.04,240.11,normal,0
2026-09-10T02:20:10+00:00,server02,98.86,95.28,62.16,342.18,overload,1
2026-09-10T02:20:20+00:00,server02,92.94,94.47,61.37,330.56,overload,1
2026-09-10T02:20:30+00:00,server02,71.79,62.81,58.02,256.79,normal,0
2026-09-10T02:20:40+00:00,server02,61.49,63.94,50.27,239.21,normal,0
2026-09-10T02:20:50+00:00,server02,53.58,56.44,48.21,216.87,normal,0
2026-09-10T02:21:00+00:00,server02,97.41,95.6,64.43,355.9,overload,1
2026-09-10T02:21:10+00:00,server02,92.34,43.99,65.65,324.67,normal,0
2026-09-10T02:21:20+00:00,server02,38.52,62.04,40.85,188.07,normal,0
2026-09-10T02:21:30+00:00,server02,88.88,39.13,60.69,306.68,normal,0
2026-09-10T02:21:40+00:00,server02,100.0,95.7,65.89,358.24,overload,1
2026-09-10T02:21:50+00:00,server02,27.95,29.98,38.42,164.47,normal,0
2026-09-10T02:22:00+00:00,server02,93.68,92.33,64.49,327.55,overload,1
2026-09-10T02:22:10+00:00,server02,49.43,46.84,41.41,202.28,normal,0
2026-09-10T02:22:20+00:00,server02,69.66,50.54,50.21,275.48,normal,0
2026-09-10T02:22:30+00:00,server02,91.76,38.8,58.94,313.92,normal,0
2026-09-10T02:22:40+00:00,server02,54.86,82.05,47.8,233.98,normal,0
2026-09-10T02:22:50+00:00,server02,27.28,6.05,38.22,146.92,normal,0
2026-09-10T02:23:00+00:00,server02,68.54,73.03,49.75,283.15,normal,0
2026-09-10T02:23:10+00:00,server02,48.63,57.25,45.51,210.62,normal,0
2026-09-10T02:23:20+00:00,server02,54.01,41.2,48.2,215.81,normal,0
2026-09-10T02:23:30+00:00,server02,35.4,37.75,41.13,179.74,normal,0
2026-09-10T02:23:40+00:00,server02,31.03,21.84,42.27,161.07,normal,0
2026-09-10T02:23:50+00:00,server02,98.15,94.51,64.87,337.96,overload,1
2026-09-10T02:24:00+00:00,server02,59.88,66.65,50.89,239.81,normal,0
2026-09-10T02:24:10+00:00,server02,23.37,74.46,47.88,168.18,normal,0
2026-09-10T02:24:20+00:00,server02,57.28,65.1,47.27,226.91,normal,0
2026-09-10T02:24:30+00:00,server02,17.01,30.82,33.79,134.64,normal,0
2026-09-10T02:24:40+00:00,server02,37.33,33.83,50.12,167.43,normal,0
2026-09-10T02:24:50+00:00,server02,64.26,37.98,77.34,245.04,cooling_fault,1
2026-09-10T02:25:00+00:00,server02,91.29,61.49,61.0,326.38,normal,0
2026-09-10T02:25:10+00:00,server02,93.11,89.94,62.07,320.28,overload,1
2026-09-10T02:25:20+00:00,server02,93.04,28.33,66.8,313.08,normal,0
2026-09-10T02:25:30+00:00,server02,27.57,66.47,39.64,160.62,normal,0
2026-09-10T02:25:40+00:00,server02,71.46,30.47,51.65,263.44,normal,0
2026-09-10T02:25:50+00:00,server02,78.63,41.2,59.24,280.16,normal,0
2026-09-10T02:26:00+00:00,server02,35.94,54.01,40.69,182.79,normal,0
2026-09-10T02:26:10+00:00,server02,53.43,48.81,44.79,223.49,normal,0
2026-09-10T02:26:20+00:00,server02,79.35,51.39,59.97,287.34,normal,0
2026-09-10T02:26:30+00:00,server02,51.97,64.54,63.6,230.48,cooling_fault,1
2026-09-10T02:26:40+00:00,server02,70.14,47.29,61.06,275.93,normal,0
2026-09-10T02:26:50+00:00,server02,54.53,27.07,49.56,214.61,normal,0
2026-09-10T02:27:00+00:00,server02,54.63,47.93,51.73,210.01,normal,0
2026-09-10T02:27:10+00:00,server02,18.76,48.86,37.48,130.75,normal,0
2026-09-10T02:27:20+00:00,server02,54.33,45.09,47.6,222.69,normal,0
2026-09-10T02:27:30+00:00,server02,63.16,50.83,50.27,259.54,normal,0
2026-09-10T02:27:40+00:00,server02,94.85,95.44,60.12,332.78,overload,1
2026-09-10T02:27:50+00:00,server02,71.04,60.81,53.35,265.89,normal,0
2026-09-10T02:28:00+00:00,server02,20.2,45.06,30.86,129.19,normal,0
2026-09-10T02:28:10+00:00,server02,80.1,44.77,61.87,291.61,normal,0
2026-09-10T02:28:20+00:00,server02,75.73,57.71,59.14,282.26,normal,0
2026-09-10T02:28:30+00:00,server02,64.17,84.72,78.46,266.38,cooling_fault,1
2026-09-10T02:28:40+00:00,server02,55.98,56.63,52.29,237.09,normal,0
2026-09-10T02:28:50+00:00,server02,25.53,60.78,38.74,157.05,normal,0
2026-09-10T02:29:00+00:00,server02,41.14,69.38,65.95,200.61,cooling_fault,1
2026-09-10T02:29:10+00:00,server02,14.4,44.14,34.99,121.02,normal,0
2026-09-10T02:29:20+00:00,server02,24.28,64.81,34.51,143.25,normal,0
2026-09-10T02:29:30+00:00,server02,69.56,77.77,49.76,261.98,normal,0
2026-09-10T02:29:40+00:00,server02,77.07,32.22,63.09,266.62,normal,0
2026-09-10T02:29:50+00:00,server02,12.07,65.65,35.61,122.05,normal,0
2026-09-10T02:30:00+00:00,server02,86.06,66.23,56.61,322.55,normal,0
2026-09-10T02:30:10+00:00,server02,52.56,37.6,44.5,210.42,normal,0
2026-09-10T02:30:20+00:00,server02,94.76,92.06,65.25,328.77,overload,1
2026-09-10T02:30:30+00:00,server02,43.65,69.89,71.14,204.93,cooling_fault,1
2026-09-10T02:30:40+00:00,server02,92.57,91.16,66.32,333.77,overload,1
2026-09-10T02:30:50+00:00,server02,94.31,92.52,60.35,337.78,overload,1
2026-09-10T02:31:00+00:00,server02,19.29,73.76,40.68,153.79,normal,0
2026-09-10T02:31:10+00:00,server02,58.73,49.77,55.45,239.12,normal,0
2026-09-10T02:31:20+00:00,server02,10.47,81.1,29.36,144.16,normal,0
2026-09-10T02:31:30+00:00,server02,48.07,43.72,41.87,213.72,normal,0
2026-09-10T02:31:40+00:00,server02,42.54,72.01,42.87,201.55,normal,0
2026-09-10T02:31:50+00:00,server02,15.51,93.61,37.76,143.19,normal,0
2026-09-10T02:32:00+00:00,server02,20.8,56.95,36.02,151.26,normal,0
2026-09-10T02:32:10+00:00,server02,79.12,60.55,54.19,293.9,normal,0
2026-09-10T02:32:20+00:00,server02,51.46,56.64,42.96,226.05,normal,0
2026-09-10T02:32:30+00:00,server02,72.06,71.07,52.04,258.11,normal,0
2026-09-10T02:32:40+00:00,server02,78.4,82.39,57.41,300.34,normal,0
2026-09-10T02:32:50+00:00,server02,35.37,54.51,71.8,183.73,cooling_fault,1
2026-09-10T02:33:00+00:00,server02,60.13,50.61,49.68,216.86,normal,0
2026-09-10T02:33:10+00:00,server02,53.39,56.5,47.48,220.47,normal,0
2026-09-10T02:33:20+00:00,server02,97.39,96.92,63.39,350.4,overload,1
2026-09-10T02:33:30+00:00,server02,91.32,57.98,57.88,318.42,normal,0
2026-09-10T02:33:40+00:00,server02,47.27,24.72,46.02,213.73,normal,0
2026-09-10T02:33:50+00:00,server02,97.93,100.0,65.49,338.91,overload,1
2026-09-10T02:34:00+00:00,server02,31.26,45.51,39.27,176.55,normal,0
2026-09-10T02:34:10+00:00,server02,73.27,42.73,54.25,273.46,normal,0
2026-09-10T02:34:20+00:00,server02,20.05,48.01,35.77,147.23,normal,0
2026-09-10T02:34:30+00:00,server02,53.93,48.77,41.01,225.04,normal,0
2026-09-10T02:34:40+00:00,server02,28.23,55.08,36.12,162.21,normal,0
2026-09-10T02:34:50+00:00,server02,20.27,64.53,36.35,155.39,normal,0
2026-09-10T02:35:00+00:00,server02,11.5,47.87,36.89,127.34,normal,0
2026-09-10T02:35:10+00:00,server02,61.64,49.48,55.58,234.43,normal,0
2026-09-10T02:35:20+00:00,server02,98.26,90.49,66.11,343.78,overload,1
2026-09-10T02:35:30+00:00,server02,42.43,55.84,46.38,193.29,normal,0
2026-09-10T02:35:40+00:00,server02,12.27,54.56,33.07,125.15,normal,0
2026-09-10T02:35:50+00:00,server02,94.67,93.58,58.01,334.95,overload,1
2026-09-10T02:36:00+00:00,server02,87.31,56.62,63.43,312.38,normal,0
2026-09-10T02:36:10+00:00,server02,70.42,78.55,54.14,261.95,normal,0
2026-09-10T02:36:20+00:00,server02,82.3,78.55,62.65,316.64,normal,0
2026-09-10T02:36:30+00:00,server02,64.35,34.23,53.45,240.29,normal,0
2026-09-10T02:36:40+00:00,server02,42.17,62.08,44.47,207.31,normal,0
2026-09-10T02:36:50+00:00,server02,23.46,73.04,43.82,164.06,normal,0
2026-09-10T02:37:00+00:00,server02,54.07,55.04,50.51,226.27,normal,0
2026-09-10T02:37:10+00:00,server02,88.7,38.32,62.63,304.46,normal,0
2026-09-10T02:37:20+00:00,server02,24.12,46.61,36.74,155.92,normal,0
2026-09-10T02:37:30+00:00,server02,31.23,32.46,37.07,172.32,normal,0
2026-09-10T02:37:40+00:00,server02,97.64,99.85,69.03,350.2,overload,1
2026-09-10T02:37:50+00:00,server02,83.61,19.98,57.87,293.45,normal,0
2026-09-10T02:38:00+00:00,server02,58.85,54.41,76.13,235.37,cooling_fault,1
2026-09-10T02:38:10+00:00,server02,80.14,59.07,55.72,297.68,normal,0
2026-09-10T02:38:20+00:00,server02,29.17,38.07,58.41,161.39,cooling_fault,1
2026-09-10T02:38:30+00:00,server02,70.23,46.68,55.85,268.37,normal,0
2026-09-10T02:38:40+00:00,server02,100.0,94.5,64.77,348.54,overload,1
2026-09-10T02:38:50+00:00,server02,35.96,29.4,43.56,158.78,normal,0
2026-09-10T02:39:00+00:00,server02,99.56,96.74,67.97,352.93,overload,1
2026-09-10T02:39:10+00:00,server02,92.59,60.97,61.09,328.17,normal,0
2026-09-10T02:39:20+00:00,server02,16.39,47.04,39.96,138.2,normal,0
2026-09-10T02:39:30+00:00,server02,97.63,95.78,65.24,341.39,overload,1
2026-09-10T02:39:40+00:00,server02,86.77,29.75,62.89,287.29,normal,0
2026-09-10T02:39:50+00:00,server02,13.01,67.59,29.23,130.78,normal,0
2026-09-10T02:40:00+00:00,server02,10.38,75.16,31.17,111.06,normal,0
2026-09-10T02:40:10+00:00,server02,50.51,28.62,47.2,219.66,normal,0
2026-09-10T02:40:20+00:00,server02,49.07,42.43,47.44,200.75,normal,0
2026-09-10T02:40:30+00:00,server02,10.86,32.66,42.28,111.89,normal,0
2026-09-10T02:40:40+00:00,server02,71.44,82.21,58.38,266.5,normal,0
2026-09-10T02:40:50+00:00,server02,19.41,68.53,31.89,140.72,normal,0
2026-09-10T02:41:00+00:00,server02,33.89,51.09,46.42,182.45,normal,0
2026-09-10T02:41:10+00:00,server02,91.51,80.49,59.62,337.68,normal,0
2026-09-10T02:41:20+00:00,server02,34.8,70.48,32.93,183.1,normal,0
2026-09-10T02:41:30+00:00,server02,47.97,36.7,45.91,185.86,normal,0
2026-09-10T02:41:40+00:00,server02,71.26,71.96,58.49,268.82,normal,0
2026-09-10T02:41:50+00:00,server02,23.36,58.63,34.73,158.62,normal,0
2026-09-10T02:42:00+00:00,server02,71.63,53.17,54.44,270.05,normal,0
2026-09-10T02:42:10+00:00,server02,18.77,57.41,62.5,143.85,cooling_fault,1
2026-09-10T02:42:20+00:00,server02,24.44,61.63,40.76,142.55,normal,0
2026-09-10T02:42:30+00:00,server02,20.98,52.03,39.08,146.13,normal,0
2026-09-10T02:42:40+00:00,server02,59.03,54.84,46.64,241.23,normal,0
2026-09-10T02:42:50+00:00,server02,90.06,60.22,80.65,311.14,cooling_fault,1
2026-09-10T02:43:00+00:00,server02,11.27,30.32,31.93,104.13,normal,0
2026-09-10T02:43:10+00:00,server02,64.09,63.4,53.75,257.65,normal,0
2026-09-10T02:43:20+00:00,server02,11.98,38.9,32.87,109.85,normal,0
2026-09-10T02:43:30+00:00,server02,11.18,53.23,43.11,112.02,normal,0
2026-09-10T02:43:40+00:00,server02,91.73,93.84,61.06,335.06,overload,1
2026-09-10T02:43:50+00:00,server02,43.69,48.55,64.69,194.21,cooling_fault,1
2026-09-10T02:44:00+00:00,server02,87.12,63.38,59.79,306.08,normal,0
2026-09-10T02:44:10+00:00,server02,57.35,44.56,52.31,241.53,normal,0
2026-09-10T02:44:20+00:00,server02,29.16,54.75,41.25,163.9,normal,0
2026-09-10T02:44:30+00:00,server02,97.69,96.49,63.15,330.17,overload,1
2026-09-10T02:44:40+00:00,server02,18.79,58.22,37.03,127.44,normal,0
2026-09-10T02:44:50+00:00,server02,13.08,64.56,34.93,114.94,normal,0
2026-09-10T02:45:00+00:00,server02,75.54,36.95,78.29,274.23,cooling_fault,1
2026-09-10T02:45:10+00:00,server02,37.78,67.38,37.85,182.56,normal,0
2026-09-10T02:45:20+00:00,server02,35.3,77.62,48.53,189.89,normal,0
2026-09-10T02:45:30+00:00,server02,90.14,62.1,56.86,310.39,normal,0
2026-09-10T02:45:40+00:00,server02,29.08,43.76,40.22,165.19,normal,0
2026-09-10T02:45:50+00:00,server02,10.94,64.12,39.71,124.47,normal,0
2026-09-10T02:46:00+00:00,server02,100.0,93.35,61.23,350.01,overload,1
2026-09-10T02:46:10+00:00,server02,72.52,53.54,51.04,269.64,normal,0
2026-09-10T02:46:20+00:00,server02,92.3,94.27,61.14,324.21,overload,1
2026-09-10T02:46:30+00:00,server02,14.77,61.49,32.24,120.73,normal,0
2026-09-10T00:00:00+00:00,server03,94.48,100.0,68.72,352.68,overload,1
2026-09-10T00:00:10+00:00,server03,77.2,68.06,59.29,282.86,normal,0
2026-09-10T00:00:20+00:00,server03,41.88,56.92,40.05,202.75,normal,0
2026-09-10T00:00:30+00:00,server03,80.24,58.53,83.81,289.78,cooling_fault,1
2026-09-10T00:00:40+00:00,server03,85.43,33.17,61.61,288.51,normal,0
2026-09-10T00:00:50+00:00,server03,72.25,59.25,55.0,254.12,normal,0
2026-09-10T00:01:00+00:00,server03,28.08,48.23,39.33,170.2,normal,0
2026-09-10T00:01:10+00:00,server03,39.6,13.41,49.06,184.15,normal,0
2026-09-10T00:01:20+00:00,server03,35.91,28.55,42.59,172.54,normal,0
2026-09-10T00:01:30+00:00,server03,68.01,53.69,53.08,263.51,normal,0
2026-09-10T00:01:40+00:00,server03,45.81,70.56,49.81,219.77,normal,0
2026-09-10T00:01:50+00:00,server03,27.47,52.78,37.34,160.73,normal,0
2026-09-10T00:02:00+00:00,server03,10.24,39.41,29.74,126.17,normal,0
2026-09-10T00:02:10+00:00,server03,10.0,69.32,36.24,131.16,normal,0
2026-09-10T00:02:20+00:00,server03,66.36,75.6,54.5,247.24,normal,0
2026-09-10T00:02:30+00:00,server03,16.29,45.59,40.56,132.27,normal,0
2026-09-10T00:02:40+00:00,server03,38.45,52.26,43.99,195.15,normal,0
2026-09-10T00:02:50+00:00,server03,44.09,67.44,45.63,217.79,normal,0
2026-09-10T00:03:00+00:00,server03,36.66,66.55,45.43,186.4,normal,0
2026-09-10T00:03:10+00:00,server03,89.11,42.79,59.07,308.21,normal,0
2026-09-10T00:03:20+00:00,server03,68.78,52.03,53.34,264.04,normal,0
2026-09-10T00:03:30+00:00,server03,87.7,73.73,59.08,310.25,normal,0
2026-09-10T00:03:40+00:00,server03,35.57,62.74,43.41,188.99,normal,0
2026-09-10T00:03:50+00:00,server03,28.98,43.78,35.28,154.27,normal,0
2026-09-10T00:04:00+00:00,server03,25.97,56.4,42.85,171.57,normal,0
2026-09-10T00:04:10+00:00,server03,93.63,49.65,57.87,328.03,normal,0
2026-09-10T00:04:20+00:00,server03,26.96,62.8,64.03,162.02,cooling_fault,1
2026-09-10T00:04:30+00:00,server03,20.69,70.05,37.3,144.04,normal,0
2026-09-10T00:04:40+00:00,server03,15.2,60.89,36.35,128.35,normal,0
2026-09-10T00:04:50+00:00,server03,30.82,34.28,62.2,169.78,cooling_fault,1
2026-09-10T00:05:00+00:00,server03,93.04,95.46,69.64,337.92,overload,1
2026-09-10T00:05:10+00:00,server03,12.26,28.73,30.92,97.95,normal,0
2026-09-10T00:05:20+00:00,server03,82.13,60.89,59.15,282.97,normal,0
2026-09-10T00:05:30+00:00,server03,78.62,56.97,55.82,271.71,normal,0
2026-09-10T00:05:40+00:00,server03,10.26,28.65,30.82,102.99,normal,0
2026-09-10T00:05:50+00:00,server03,96.62,93.49,66.15,340.57,overload,1
2026-09-10T00:06:00+00:00,server03,89.16,100.0,59.51,316.75,normal,0
2026-09-10T00:06:10+00:00,server03,75.62,29.21,57.35,255.01,normal,0
2026-09-10T00:06:20+00:00,server03,81.23,49.28,60.24,308.17,normal,0
2026-09-10T00:06:30+00:00,server03,95.55,92.83,60.83,331.45,overload,1
2026-09-10T00:06:40+00:00,server03,67.82,88.74,54.99,261.32,normal,0
2026-09-10T00:06:50+00:00,server03,79.98,49.5,55.59,293.2,normal,0
2026-09-10T00:07:00+00:00,server03,28.61,46.13,42.06,172.37,normal,0
2026-09-10T00:07:10+00:00,server03,29.99,53.76,68.67,158.95,cooling_fault,1
2026-09-10T00:07:20+00:00,server03,75.94,39.91,56.38,275.2,normal,0
2026-09-10T00:07:30+00:00,server03,67.95,67.48,54.37,259.8,normal,0
2026-09-10T00:07:40+00:00,server03,36.2,52.05,50.52,183.95,normal,0
2026-09-10T00:07:50+00:00,server03,68.07,70.3,56.11,270.6,normal,0
2026-09-10T00:08:00+00:00,server03,47.45,74.08,47.46,215.18,normal,0
2026-09-10T00:08:10+00:00,server03,93.29,92.85,62.49,317.81,overload,1
2026-09-10T00:08:20+00:00,server03,27.08,47.56,36.59,155.49,normal,0
2026-09-10T00:08:30+00:00,server03,53.08,49.85,48.37,221.86,normal,0
2026-09-10T00:08:40+00:00,server03,92.08,71.22,55.92,320.72,normal,0
2026-09-10T00:08:50+00:00,server03,24.58,33.19,37.1,148.12,normal,0
2026-09-10T00:09:00+00:00,server03,51.28,37.25,46.49,221.34,normal,0
2026-09-10T00:09:10+00:00,server03,10.34,54.86,32.46,142.83,normal,0
2026-09-10T00:09:20+00:00,server03,94.68,24.76,60.84,318.89,normal,0
2026-09-10T00:09:30+00:00,server03,35.84,54.18,39.86,173.12,normal,0
2026-09-10T00:09:40+00:00,server03,13.05,18.8,39.86,110.55,normal,0
2026-09-10T00:09:50+00:00,server03,50.44,52.87,47.16,207.1,normal,0
2026-09-10T00:10:00+00:00,server03,76.32,60.44,57.63,277.45,normal,0
2026-09-10T00:10:10+00:00,server03,92.72,61.9,62.94,336.9,normal,0
2026-09-10T00:10:20+00:00,server03,83.28,54.24,58.17,299.63,normal,0
2026-09-10T00:10:30+00:00,server03,30.04,30.46,41.3,172.31,normal,0
2026-09-10T00:10:40+00:00,server03,15.68,70.19,36.29,132.17,normal,0
2026-09-10T00:10:50+00:00,server03,99.62,96.59,67.11,344.37,overload,1
2026-09-10T00:11:00+00:00,server03,63.99,54.23,55.9,231.06,normal,0
2026-09-10T00:11:10+00:00,server03,31.52,34.43,43.05,160.19,normal,0
2026-09-10T00:11:20+00:00,server03,83.85,70.15,86.65,305.33,cooling_fault,1
2026-09-10T00:11:30+00:00,server03,41.1,67.03,42.14,187.56,normal,0
2026-09-10T00:11:40+00:00,server03,74.26,33.57,57.28,266.15,normal,0
2026-09-10T00:11:50+00:00,server03,56.7,45.88,51.74,225.85,normal,0
2026-09-10T00:12:00+00:00,server03,24.59,71.96,62.48,171.57,cooling_fault,1
2026-09-10T00:12:10+00:00,server03,87.05,11.19,89.65,289.54,cooling_fault,1
2026-09-10T00:12:20+00:00,server03,91.78,48.78,66.02,316.19,normal,0
2026-09-10T00:12:30+00:00,server03,15.56,50.36,34.27,136.94,normal,0
2026-09-10T00:12:40+00:00,server03,68.64,51.08,54.55,264.74,normal,0
2026-09-10T00:12:50+00:00,server03,50.24,42.91,71.62,218.75,cooling_fault,1
2026-09-10T00:13:00+00:00,server03,91.93,93.21,61.1,334.96,overload,1
2026-09-10T00:13:10+00:00,server03,28.22,33.82,66.81,156.58,cooling_fault,1
2026-09-10T00:13:20+00:00,server03,43.49,71.9,66.2,199.22,cooling_fault,1
2026-09-10T00:13:30+00:00,server03,54.08,65.05,50.13,229.02,normal,0
2026-09-10T00:13:40+00:00,server03,24.83,72.44,41.94,151.83,normal,0
2026-09-10T00:13:50+00:00,server03,53.73,43.67,48.3,228.71,normal,0
2026-09-10T00:14:00+00:00,server03,75.76,67.56,56.94,277.52,normal,0
2026-09-10T00:14:10+00:00,server03,45.3,53.76,41.73,211.62,normal,0
2026-09-10T00:14:20+00:00,server03,61.74,33.96,51.07,232.77,normal,0
2026-09-10T00:14:30+00:00,server03,78.67,81.56,57.97,286.95,normal,0
2026-09-10T00:14:40+00:00,server03,29.36,46.95,38.38,162.76,normal,0
2026-09-10T00:14:50+00:00,server03,74.63,70.42,60.99,265.07,normal,0
2026-09-10T00:15:00+00:00,server03,90.67,57.19,81.86,328.23,cooling_fault,1
2026-09-10T00:15:10+00:00,server03,95.63,99.78,63.42,342.65,overload,1
2026-09-10T00:15:20+00:00,server03,91.56,45.84,68.61,318.57,normal,0
2026-09-10T00:15:30+00:00,server03,59.14,68.67,70.27,230.0,cooling_fault,1
2026-09-10T00:15:40+00:00,server03,82.68,83.47,57.59,298.09,normal,0
2026-09-10T00:15:50+00:00,server03,63.93,57.43,80.53,257.94,cooling_fault,1
2026-09-10T00:16:00+00:00,server03,97.67,92.9,65.79,338.21,overload,1
2026-09-10T00:16:10+00:00,server03,93.05,56.03,64.95,307.56,normal,0
2026-09-10T00:16:20+00:00,server03,95.19,90.67,62.1,332.66,overload,1
2026-09-10T00:16:30+00:00,server03,96.43,98.09,64.65,336.57,overload,1
2026-09-10T00:16:40+00:00,server03,48.76,72.9,46.67,205.71,normal,0
2026-09-10T00:16:50+00:00,server03,76.12,19.93,88.82,273.45,cooling_fault,1
2026-09-10T00:17:00+00:00,server03,25.28,70.42,35.51,153.66,normal,0
2026-09-10T00:17:10+00:00,server03,74.35,64.31,59.6,286.09,normal,0
2026-09-10T00:17:20+00:00,server03,18.25,44.94,30.93,131.92,normal,0
2026-09-10T00:17:30+00:00,server03,94.1,92.12,61.55,338.45,overload,1
2026-09-10T00:17:40+00:00,server03,90.82,91.14,59.41,331.44,overload,1
2026-09-10T00:17:50+00:00,server03,19.45,65.75,39.68,146.25,normal,0
2026-09-10T00:18:00+00:00,server03,96.81,94.3,63.16,336.54,overload,1
2026-09-10T00:18:10+00:00,server03,57.71,70.54,54.21,243.34,normal,0
2026-09-10T00:18:20+00:00,server03,80.58,61.98,66.01,294.48,normal,0
2026-09-10T00:18:30+00:00,server03,35.14,53.51,41.52,182.74,normal,0
2026-09-10T00:18:40+00:00,server03,24.74,59.63,37.27,154.66,normal,0
2026-09-10T00:18:50+00:00,server03,94.87,46.88,92.08,323.98,cooling_fault,1
2026-09-10T00:19:00+00:00,server03,95.65,92.64,60.57,351.17,overload,1
2026-09-10T00:19:10+00:00,server03,49.39,75.77,46.06,224.67,normal,0
2026-09-10T00:19:20+00:00,server03,89.99,52.22,63.26,307.65,normal,0
2026-09-10T00:19:30+00:00,server03,53.9,86.67,43.36,239.38,normal,0
2026-09-10T00:19:40+00:00,server03,36.6,50.83,44.81,188.88,normal,0
2026-09-10T00:19:50+00:00,server03,49.61,74.03,49.81,216.9,normal,0
2026-09-10T00:20:00+00:00,server03,25.75,42.77,57.73,138.45,cooling_fault,1
2026-09-10T00:20:10+00:00,server03,35.0,37.27,45.39,176.4,normal,0
2026-09-10T00:20:20+00:00,server03,12.84,39.0,35.87,127.87,normal,0
2026-09-10T00:20:30+00:00,server03,38.5,56.5,40.47,198.32,normal,0
2026-09-10T00:20:40+00:00,server03,49.52,23.14,47.74,217.23,normal,0
2026-09-10T00:20:50+00:00,server03,21.66,48.95,35.53,148.62,normal,0
2026-09-10T00:21:00+00:00,server03,95.67,96.55,62.84,330.56,overload,1
2026-09-10T00:21:10+00:00,server03,36.05,39.38,38.73,170.71,normal,0
2026-09-10T00:21:20+00:00,server03,60.53,63.18,52.01,250.55,normal,0
2026-09-10T00:21:30+00:00,server03,34.92,68.78,40.56,185.92,normal,0
2026-09-10T00:21:40+00:00,server03,35.63,70.14,40.32,193.08,normal,0
2026-09-10T00:21:50+00:00,server03,71.77,52.43,60.35,258.62,normal,0
2026-09-10T00:22:00+00:00,server03,25.57,44.18,37.83,155.75,normal,0
2026-09-10T00:22:10+00:00,server03,54.74,74.14,50.73,232.37,normal,0
2026-09-10T00:22:20+00:00,server03,36.6,66.59,41.14,200.08,normal,0
2026-09-10T00:22:30+00:00,server03,70.48,42.36,51.61,259.24,normal,0
2026-09-10T00:22:40+00:00,server03,30.76,62.42,44.63,177.16,normal,0
2026-09-10T00:22:50+00:00,server03,14.65,59.5,34.67,136.56,normal,0
2026-09-10T00:23:00+00:00,server03,61.56,38.02,52.21,236.25,normal,0
2026-09-10T00:23:10+00:00,server03,68.34,69.6,58.11,268.3,normal,0
2026-09-10T00:23:20+00:00,server03,35.5,28.98,46.44,171.32,normal,0
2026-09-10T00:23:30+00:00,server03,14.38,36.32,32.26,137.79,normal,0
2026-09-10T00:23:40+00:00,server03,79.54,53.1,61.1,294.29,normal,0
2026-09-10T00:23:50+00:00,server03,52.16,69.49,47.8,216.5,normal,0
2026-09-10T00:24:00+00:00,server03,96.58,98.16,65.23,329.59,overload,1
2026-09-10T00:24:10+00:00,server03,82.24,55.25,56.56,285.89,normal,0
2026-09-10T00:24:20+00:00,server03,83.96,76.11,60.13,314.36,normal,0
2026-09-10T00:24:30+00:00,server03,74.7,59.31,60.29,279.63,normal,0
2026-09-10T00:24:40+00:00,server03,44.25,29.85,38.53,201.82,normal,0
2026-09-10T00:24:50+00:00,server03,12.01,67.46,38.39,133.34,normal,0
2026-09-10T00:25:00+00:00,server03,65.85,59.53,53.77,245.61,normal,0
2026-09-10T00:25:10+00:00,server03,62.45,46.21,51.93,237.43,normal,0
2026-09-10T00:25:20+00:00,server03,70.96,71.56,52.78,268.02,normal,0
2026-09-10T00:25:30+00:00,server03,88.14,51.25,54.95,307.72,normal,0
2026-09-10T00:25:40+00:00,server03,71.62,53.9,53.95,283.96,normal,0
2026-09-10T00:25:50+00:00,server03,88.1,46.91,62.9,293.86,normal,0
2026-09-10T00:26:00+00:00,server03,89.67,45.93,65.13,304.08,normal,0
2026-09-10T00:26:10+00:00,server03,27.88,54.59,42.74,167.53,normal,0
2026-09-10T00:26:20+00:00,server03,88.46,82.6,59.05,309.4,normal,0
2026-09-10T00:26:30+00:00,server03,93.95,71.94,61.27,309.97,normal,0
2026-09-10T00:26:40+00:00,server03,55.59,54.0,50.0,225.42,normal,0
2026-09-10T00:26:50+00:00,server03,44.39,63.8,46.01,209.88,normal,0
2026-09-10T00:27:00+00:00,server03,61.69,60.6,53.96,255.46,normal,0
2026-09-10T00:27:10+00:00,server03,59.15,42.83,49.4,236.33,normal,0
2026-09-10T00:27:20+00:00,server03,70.47,38.05,48.37,235.6,normal,0
2026-09-10T00:27:30+00:00,server03,100.0,100.0,63.1,351.2,overload,1
2026-09-10T00:27:40+00:00,server03,92.06,91.41,61.55,326.92,overload,1
2026-09-10T00:27:50+00:00,server03,78.24,49.95,82.53,274.01,cooling_fault,1
2026-09-10T00:28:00+00:00,server03,20.19,64.74,36.05,132.92,normal,0
2026-09-10T00:28:10+00:00,server03,92.25,99.98,60.55,336.85,overload,1
2026-09-10T00:28:20+00:00,server03,58.54,56.14,77.7,238.25,cooling_fault,1
2026-09-10T00:28:30+00:00,server03,46.62,63.31,44.86,213.67,normal,0
2026-09-10T00:28:40+00:00,server03,70.86,60.23,56.73,273.64,normal,0
2026-09-10T00:28:50+00:00,server03,42.11,57.46,73.47,194.38,cooling_fault,1
2026-09-10T00:29:00+00:00,server03,97.48,94.38,60.5,346.27,overload,1
2026-09-10T00:29:10+00:00,server03,91.11,98.07,54.28,324.88,overload,1
2026-09-10T00:29:20+00:00,server03,78.41,56.35,59.73,271.35,normal,0
2026-09-10T00:29:30+00:00,server03,21.34,82.93,33.76,153.05,normal,0
2026-09-10T00:29:40+00:00,server03,72.83,71.91,55.57,271.91,normal,0
2026-09-10T00:29:50+00:00,server03,45.24,47.89,42.04,200.88,normal,0
2026-09-10T00:30:00+00:00,server03,39.34,57.33,44.49,187.16,normal,0
2026-09-10T00:30:10+00:00,server03,91.95,86.81,59.02,319.41,normal,0
2026-09-10T00:30:20+00:00,server03,36.79,49.02,68.84,198.99,cooling_fault,1
2026-09-10T00:30:30+00:00,server03,65.87,62.81,51.29,265.41,normal,0
2026-09-10T00:30:40+00:00,server03,94.89,46.19,61.78,312.88,normal,0
2026-09-10T00:30:50+00:00,server03,56.98,18.53,49.24,218.26,normal,0
2026-09-10T00:31:00+00:00,server03,97.27,92.88,62.67,339.43,overload,1
2026-09-10T00:31:10+00:00,server03,93.53,92.84,59.35,320.48,overload,1
2026-09-10T00:31:20+00:00,server03,77.98,74.24,60.42,308.61,normal,0
2026-09-10T00:31:30+00:00,server03,54.2,35.5,51.06,221.67,normal,0
2026-09-10T00:31:40+00:00,server03,24.1,37.91,39.49,150.84,normal,0
2026-09-10T00:31:50+00:00,server03,56.78,72.84,83.07,229.25,cooling_fault,1
2026-09-10T00:32:00+00:00,server03,40.11,65.03,38.43,191.58,normal,0
2026-09-10T00:32:10+00:00,server03,34.03,67.58,36.34,179.07,normal,0
2026-09-10T00:32:20+00:00,server03,83.25,61.48,79.43,294.46,cooling_fault,1
2026-09-10T00:32:30+00:00,server03,34.86,41.23,41.4,174.15,normal,0
2026-09-10T00:32:40+00:00,server03,20.49,44.84,41.34,139.58,normal,0
2026-09-10T00:32:50+00:00,server03,22.44,88.27,37.88,169.08,normal,0
2026-09-10T00:33:00+00:00,server03,87.0,55.19,58.13,303.72,normal,0
2026-09-10T00:33:10+00:00,server03,71.16,55.0,57.03,260.69,normal,0
2026-09-10T00:33:20+00:00,server03,10.76,52.52,27.74,118.59,normal,0
2026-09-10T00:33:30+00:00,server03,70.23,63.52,57.96,257.93,normal,0
2026-09-10T00:33:40+00:00,server03,46.16,41.68,49.05,209.15,normal,0
2026-09-10T00:33:50+00:00,server03,11.49,40.21,39.35,124.7,normal,0
2026-09-10T00:34:00+00:00,server03,89.9,55.57,61.96,315.64,normal,0
2026-09-10T00:34:10+00:00,server03,66.17,33.0,53.41,234.72,normal,0
2026-09-10T00:34:20+00:00,server03,24.83,62.38,44.64,142.75,normal,0
2026-09-10T00:34:30+00:00,server03,66.8,60.22,49.13,266.35,normal,0
2026-09-10T00:34:40+00:00,server03,64.87,25.94,52.92,250.23,normal,0
2026-09-10T00:34:50+00:00,server03,36.55,71.99,40.87,202.09,normal,0
2026-09-10T00:35:00+00:00,server03,96.15,95.3,63.86,318.31,overload,1
2026-09-10T00:35:10+00:00,server03,16.52,79.4,40.54,150.28,normal,0
2026-09-10T00:35:20+00:00,server03,70.99,45.14,60.68,258.39,normal,0
2026-09-10T00:35:30+00:00,server03,14.63,77.51,66.76,146.66,cooling_fault,1
2026-09-10T00:35:40+00:00,server03,74.36,23.86,56.11,270.58,normal,0
2026-09-10T00:35:50+00:00,server03,52.55,52.29,45.5,213.78,normal,0
2026-09-10T00:36:00+00:00,server03,51.71,54.96,48.94,212.74,normal,0
2026-09-10T00:36:10+00:00,server03,30.41,32.06,42.03,166.91,normal,0
2026-09-10T00:36:20+00:00,server03,40.06,85.54,43.32,207.2,normal,0
2026-09-10T00:36:30+00:00,server03,94.1,95.81,64.95,336.33,overload,1
2026-09-10T00:36:40+00:00,server03,68.12,48.16,51.31,260.43,normal,0
2026-09-10T00:36:50+00:00,server03,91.46,42.14,60.28,324.59,normal,0
2026-09-10T00:37:00+00:00,server03,20.76,52.37,40.66,154.91,normal,0
2026-09-10T00:37:10+00:00,server03,52.64,41.91,54.2,225.77,normal,0
2026-09-10T00:37:20+00:00,server03,89.18,46.97,91.86,319.95,cooling_fault,1
2026-09-10T00:37:30+00:00,server03,23.9,66.73,46.21,151.45,normal,0
2026-09-10T00:37:40+00:00,server03,84.47,36.38,59.21,293.67,normal,0
2026-09-10T00:37:50+00:00,server03,91.53,69.37,87.99,316.15,cooling_fault,1
2026-09-10T00:38:00+00:00,server03,84.41,58.26,62.87,302.24,normal,0
2026-09-10T00:38:10+00:00,server03,57.67,57.49,53.56,246.05,normal,0
2026-09-10T00:38:20+00:00,server03,11.19,66.45,29.55,130.24,normal,0
2026-09-10T00:38:30+00:00,server03,53.51,100.0,49.64,231.5,normal,0
2026-09-10T00:38:40+00:00,server03,13.76,40.59,41.13,133.73,normal,0
2026-09-10T00:38:50+00:00,server03,45.11,50.34,76.96,205.82,cooling_fault,1
2026-09-10T00:39:00+00:00,server03,50.64,57.75,48.75,227.56,normal,0
2026-09-10T00:39:10+00:00,server03,37.73,48.64,39.52,187.38,normal,0
2026-09-10T00:39:20+00:00,server03,14.87,44.08,38.87,125.24,normal,0
2026-09-10T00:39:30+00:00,server03,13.43,54.03,29.98,124.13,normal,0
2026-09-10T00:39:40+00:00,server03,88.43,72.37,66.47,326.05,normal,0
2026-09-10T00:39:50+00:00,server03,85.02,45.65,59.81,302.43,normal,0
2026-09-10T00:40:00+00:00,server03,78.06,53.18,59.68,293.39,normal,0
2026-09-10T00:40:10+00:00,server03,20.95,42.49,34.76,137.58,normal,0
2026-09-10T00:40:20+00:00,server03,97.56,90.76,62.63,343.32,overload,1
2026-09-10T00:40:30+00:00,server03,49.0,50.39,44.98,213.15,normal,0
2026-09-10T00:40:40+00:00,server03,70.02,51.36,55.91,257.36,normal,0
2026-09-10T00:40:50+00:00,server03,69.72,48.73,50.45,259.16,normal,0
2026-09-10T00:41:00+00:00,server03,91.86,94.15,68.55,331.98,overload,1
2026-09-10T00:41:10+00:00,server03,24.04,61.44,43.5,151.89,normal,0
2026-09-10T00:41:20+00:00,server03,41.66,56.55,40.36,193.23,normal,0
2026-09-10T00:41:30+00:00,server03,79.67,47.37,59.08,272.59,normal,0
2026-09-10T00:41:40+00:00,server03,79.31,48.62,64.39,292.39,normal,0
2026-09-10T00:41:50+00:00,server03,20.24,41.27,40.58,128.69,normal,0
2026-09-10T00:42:00+00:00,server03,16.3,58.86,35.87,134.32,normal,0
2026-09-10T00:42:10+00:00,server03,82.06,59.9,61.18,283.04,normal,0
2026-09-10T00:42:20+00:00,server03,74.19,64.45,60.23,275.68,normal,0
2026-09-10T00:42:30+00:00,server03,14.3,59.95,34.11,130.11,normal,0
2026-09-10T00:42:40+00:00,server03,68.66,46.54,51.72,262.21,normal,0
2026-09-10T00:42:50+00:00,server03,17.51,37.73,39.74,129.81,normal,0
2026-09-10T00:43:00+00:00,server03,95.85,93.21,62.34,338.79,overload,1
2026-09-10T00:43:10+00:00,server03,84.26,71.53,58.2,295.61,normal,0
2026-09-10T00:43:20+00:00,server03,96.18,95.92,59.38,345.69,overload,1
2026-09-10T00:43:30+00:00,server03,14.58,59.5,37.02,150.33,normal,0
2026-09-10T00:43:40+00:00,server03,81.87,31.99,63.92,300.24,normal,0
2026-09-10T00:43:50+00:00,server03,33.8,50.14,45.5,165.87,normal,0
2026-09-10T00:44:00+00:00,server03,72.62,59.69,56.78,270.54,normal,0
2026-09-10T00:44:10+00:00,server03,69.07,42.39,54.49,240.32,normal,0
2026-09-10T00:44:20+00:00,server03,43.48,50.46,43.56,191.52,normal,0
2026-09-10T00:44:30+00:00,server03,85.28,50.5,55.72,300.32,normal,0
2026-09-10T00:44:40+00:00,server03,97.58,93.62,57.68,347.73,overload,1
2026-09-10T00:44:50+00:00,server03,32.57,42.88,40.23,180.25,normal,0
2026-09-10T00:45:00+00:00,server03,58.43,59.96,51.64,223.96,normal,0
2026-09-10T00:45:10+00:00,server03,86.37,73.35,58.71,311.42,normal,0
2026-09-10T00:45:20+00:00,server03,61.2,52.99,53.9,229.13,normal,0
2026-09-10T00:45:30+00:00,server03,30.56,66.79,42.72,180.55,normal,0
2026-09-10T00:45:40+00:00,server03,94.31,94.64,67.34,348.28,overload,1
2026-09-10T00:45:50+00:00,server03,60.09,75.03,50.26,243.59,normal,0
2026-09-10T00:46:00+00:00,server03,83.11,52.37,55.74,303.38,normal,0
2026-09-10T00:46:10+00:00,server03,27.35,30.56,45.28,142.22,normal,0
2026-09-10T00:46:20+00:00,server03,94.14,98.92,63.62,333.66,overload,1
2026-09-10T00:46:30+00:00,server03,48.76,71.99,49.46,229.44,normal,0
2026-09-10T00:46:40+00:00,server03,88.07,91.27,62.22,315.8,overload,1
2026-09-10T00:46:50+00:00,server03,38.4,69.21,44.81,196.94,normal,0
2026-09-10T00:47:00+00:00,server03,74.9,34.93,55.83,250.02,normal,0
2026-09-10T00:47:10+00:00,server03,75.99,90.63,74.39,279.62,cooling_fault,1
2026-09-10T00:47:20+00:00,server03,30.12,58.03,42.65,167.0,normal,0
2026-09-10T00:47:30+00:00,server03,42.36,45.13,47.0,182.34,normal,0
2026-09-10T00:47:40+00:00,server03,96.12,94.36,58.71,331.15,overload,1
2026-09-10T00:47:50+00:00,server03,64.26,59.18,49.85,251.76,normal,0
2026-09-10T00:48:00+00:00,server03,54.43,60.56,50.01,221.58,normal,0
2026-09-10T00:48:10+00:00,server03,38.65,51.83,42.66,203.53,normal,0
2026-09-10T00:48:20+00:00,server03,39.37,37.68,45.74,191.45,normal,0
2026-09-10T00:48:30+00:00,server03,27.78,25.44,37.88,158.52,normal,0
2026-09-10T00:48:40+00:00,server03,53.69,32.85,48.09,209.54,normal,0
2026-09-10T00:48:50+00:00,server03,75.74,37.14,54.53,265.44,normal,0
2026-09-10T00:49:00+00:00,server03,16.5,49.6,29.17,129.5,normal,0
2026-09-10T00:49:10+00:00,server03,59.55,77.47,48.27,250.19,normal,0
2026-09-10T00:49:20+00:00,server03,54.83,34.38,46.36,231.26,normal,0
2026-09-10T00:49:30+00:00,server03,38.44,48.55,43.88,175.74,normal,0
2026-09-10T00:49:40+00:00,server03,45.47,58.38,46.19,210.34,normal,0
2026-09-10T00:49:50+00:00,server03,69.68,57.74,51.3,273.18,normal,0
2026-09-10T00:50:00+00:00,server03,64.24,50.11,53.87,248.59,normal,0
2026-09-10T00:50:10+00:00,server03,35.2,70.87,42.57,172.28,normal,0
2026-09-10T00:50:20+00:00,server03,48.4,41.88,43.51,216.74,normal,0
2026-09-10T00:50:30+00:00,server03,93.49,95.36,67.46,337.41,overload,1
2026-09-10T00:50:40+00:00,server03,73.43,34.67,56.5,270.55,normal,0
2026-09-10T00:50:50+00:00,server03,98.09,93.46,66.42,328.74,overload,1
2026-09-10T00:51:00+00:00,server03,76.42,72.25,56.62,295.08,normal,0
2026-09-10T00:51:10+00:00,server03,54.23,66.82,51.36,233.97,normal,0
2026-09-10T00:51:20+00:00,server03,14.62,75.76,31.35,144.88,normal,0
2026-09-10T00:51:30+00:00,server03,93.82,89.01,61.13,348.5,overload,1
2026-09-10T00:51:40+00:00,server03,56.57,40.04,53.44,225.84,normal,0
2026-09-10T00:51:50+00:00,server03,48.56,63.69,44.24,205.86,normal,0
2026-09-10T00:52:00+00:00,server03,96.05,90.35,58.27,328.7,overload,1
2026-09-10T00:52:10+00:00,server03,89.86,91.7,58.69,319.48,overload,1
2026-09-10T00:52:20+00:00,server03,34.69,52.49,69.18,177.1,cooling_fault,1
2026-09-10T00:52:30+00:00,server03,36.35,56.84,51.02,191.58,normal,0
2026-09-10T00:52:40+00:00,server03,58.22,43.12,51.72,221.66,normal,0
2026-09-10T00:52:50+00:00,server03,35.48,69.97,43.93,192.97,normal,0
2026-09-10T00:53:00+00:00,server03,22.6,47.44,40.35,156.67,normal,0
2026-09-10T00:53:10+00:00,server03,11.01,78.87,33.79,130.69,normal,0
2026-09-10T00:53:20+00:00,server03,65.16,42.69,53.94,248.89,normal,0
2026-09-10T00:53:30+00:00,server03,40.74,46.07,46.45,194.06,normal,0
2026-09-10T00:53:40+00:00,server03,69.44,57.83,54.01,264.47,normal,0
2026-09-10T00:53:50+00:00,server03,75.69,61.27,60.35,279.97,normal,0
2026-09-10T00:54:00+00:00,server03,24.96,43.09,41.99,161.48,normal,0
2026-09-10T00:54:10+00:00,server03,24.16,47.7,38.78,155.33,normal,0
2026-09-10T00:54:20+00:00,server03,72.91,63.7,52.84,289.15,normal,0
2026-09-10T00:54:30+00:00,server03,26.81,42.55,43.85,171.72,normal,0
2026-09-10T00:54:40+00:00,server03,94.83,73.25,90.42,332.2,cooling_fault,1
2026-09-10T00:54:50+00:00,server03,14.0,43.88,37.1,138.44,normal,0
2026-09-10T00:55:00+00:00,server03,65.66,62.15,51.03,245.69,normal,0
2026-09-10T00:55:10+00:00,server03,30.96,48.88,40.89,164.09,normal,0
2026-09-10T00:55:20+00:00,server03,47.5,51.39,43.09,206.65,normal,0
2026-09-10T00:55:30+00:00,server03,63.97,56.64,78.24,256.59,cooling_fault,1
2026-09-10T00:55:40+00:00,server03,55.46,40.2,57.07,222.88,normal,0
2026-09-10T00:55:50+00:00,server03,24.96,48.84,38.76,154.53,normal,0
2026-09-10T00:56:00+00:00,server03,85.86,30.26,65.31,301.48,normal,0
2026-09-10T00:56:10+00:00,server03,62.45,43.11,56.03,276.03,normal,0
2026-09-10T00:56:20+00:00,server03,59.28,62.87,48.21,249.1,normal,0
2026-09-10T00:56:30+00:00,server03,13.29,35.9,37.58,122.2,normal,0
2026-09-10T00:56:40+00:00,server03,42.03,38.11,42.7,187.35,normal,0
2026-09-10T00:56:50+00:00,server03,60.29,38.78,52.83,241.62,normal,0
2026-09-10T00:57:00+00:00,server03,43.82,82.84,42.4,213.44,normal,0
2026-09-10T00:57:10+00:00,server03,51.35,59.43,46.68,221.61,normal,0
2026-09-10T00:57:20+00:00,server03,42.57,35.21,48.63,201.27,normal,0
2026-09-10T00:57:30+00:00,server03,33.83,51.62,38.37,161.74,normal,0
2026-09-10T00:57:40+00:00,server03,94.93,90.68,63.76,344.34,overload,1
2026-09-10T00:57:50+00:00,server03,32.86,27.39,69.36,168.26,cooling_fault,1
2026-09-10T00:58:00+00:00,server03,93.58,42.63,54.13,308.95,normal,0
2026-09-10T00:58:10+00:00,server03,73.87,36.77,51.6,265.49,normal,0
2026-09-10T00:58:20+00:00,server03,70.88,48.83,52.93,258.7,normal,0
2026-09-10T00:58:30+00:00,server03,64.01,58.03,52.95,250.46,normal,0
2026-09-10T00:58:40+00:00,server03,40.53,39.5,66.26,185.97,cooling_fault,1
2026-09-10T00:58:50+00:00,server03,30.9,48.72,41.11,166.35,normal,0
2026-09-10T00:59:00+00:00,server03,54.48,51.48,51.51,240.69,normal,0
2026-09-10T00:59:10+00:00,server03,94.34,51.17,62.61,321.36,normal,0
2026-09-10T00:59:20+00:00,server03,75.1,42.29,59.1,274.59,normal,0
2026-09-10T00:59:30+00:00,server03,30.9,55.93,35.14,166.3,normal,0
2026-09-10T00:59:40+00:00,server03,54.05,83.2,50.63,246.28,normal,0
2026-09-10T00:59:50+00:00,server03,37.31,82.86,65.13,188.03,cooling_fault,1
2026-09-10T01:00:00+00:00,server03,31.27,58.31,40.2,167.77,normal,0
2026-09-10T01:00:10+00:00,server03,26.66,65.3,40.9,150.94,normal,0
2026-09-10T01:00:20+00:00,server03,89.73,63.47,60.31,313.72,normal,0
2026-09-10T01:00:30+00:00,server03,100.0,95.21,67.54,344.24,overload,1
2026-09-10T01:00:40+00:00,server03,79.64,26.25,58.71,269.32,normal,0
2026-09-10T01:00:50+00:00,server03,94.23,40.21,63.09,297.68,normal,0
2026-09-10T01:01:00+00:00,server03,74.91,34.61,87.27,265.42,cooling_fault,1
2026-09-10T01:01:10+00:00,server03,94.22,94.76,66.9,354.35,overload,1
2026-09-10T01:01:20+00:00,server03,59.71,80.75,76.89,260.08,cooling_fault,1
2026-09-10T01:01:30+00:00,server03,11.81,60.26,28.67,128.76,normal,0
2026-09-10T01:01:40+00:00,server03,39.3,57.89,40.41,191.63,normal,0
2026-09-10T01:01:50+00:00,server03,23.04,41.44,40.76,147.02,normal,0
2026-09-10T01:02:00+00:00,server03,71.4,52.33,58.28,274.83,normal,0
2026-09-10T01:02:10+00:00,server03,14.53,40.17,57.46,115.73,cooling_fault,1
2026-09-10T01:02:20+00:00,server03,55.84,43.22,49.27,225.21,normal,0
2026-09-10T01:02:30+00:00,server03,47.3,46.37,44.02,198.34,normal,0
2026-09-10T01:02:40+00:00,server03,43.03,55.82,75.16,210.68,cooling_fault,1
2026-09-10T01:02:50+00:00,server03,77.51,58.38,55.74,286.16,normal,0
2026-09-10T01:03:00+00:00,server03,17.32,62.72,57.6,135.69,cooling_fault,1
2026-09-10T01:03:10+00:00,server03,13.67,47.76,30.81,133.34,normal,0
2026-09-10T01:03:20+00:00,server03,20.73,50.42,64.0,144.72,cooling_fault,1
2026-09-10T01:03:30+00:00,server03,67.68,50.55,54.43,257.68,normal,0
2026-09-10T01:03:40+00:00,server03,16.21,64.98,35.68,158.81,normal,0
2026-09-10T01:03:50+00:00,server03,43.33,97.44,45.75,212.68,normal,0
2026-09-10T01:04:00+00:00,server03,83.58,37.61,60.53,288.08,normal,0
2026-09-10T01:04:10+00:00,server03,61.05,75.15,50.54,239.35,normal,0
2026-09-10T01:04:20+00:00,server03,35.92,60.02,45.1,188.0,normal,0
2026-09-10T01:04:30+00:00,server03,24.2,53.49,37.48,153.27,normal,0
2026-09-10T01:04:40+00:00,server03,16.08,34.53,34.77,130.21,normal,0
2026-09-10T01:04:50+00:00,server03,94.81,76.77,91.97,327.14,cooling_fault,1
2026-09-10T01:05:00+00:00,server03,84.06,59.08,57.21,309.06,normal,0
2026-09-10T01:05:10+00:00,server03,93.3,95.7,60.6,332.69,overload,1
2026-09-10T01:05:20+00:00,server03,96.35,95.36,64.34,326.31,overload,1
2026-09-10T01:05:30+00:00,server03,42.99,68.39,46.86,202.08,normal,0
2026-09-10T01:05:40+00:00,server03,56.06,58.71,48.69,235.85,normal,0
2026-09-10T01:05:50+00:00,server03,69.99,85.26,57.12,285.89,normal,0
2026-09-10T01:06:00+00:00,server03,93.36,50.18,62.8,317.53,normal,0
2026-09-10T01:06:10+00:00,server03,15.98,87.31,39.44,153.24,normal,0
2026-09-10T01:06:20+00:00,server03,62.06,56.09,58.04,242.97,normal,0
2026-09-10T01:06:30+00:00,server03,90.8,72.61,59.24,317.62,normal,0
2026-09-10T01:06:40+00:00,server03,42.36,71.56,42.41,211.84,normal,0
2026-09-10T01:06:50+00:00,server03,63.01,59.78,51.76,253.75,normal,0
2026-09-10T01:07:00+00:00,server03,19.85,51.39,36.18,130.32,normal,0
2026-09-10T01:07:10+00:00,server03,31.17,49.78,41.64,170.51,normal,0
2026-09-10T01:07:20+00:00,server03,74.44,43.24,56.09,272.09,normal,0
2026-09-10T01:07:30+00:00,server03,54.18,58.92,73.3,247.07,cooling_fault,1
2026-09-10T01:07:40+00:00,server03,22.61,50.81,36.65,141.73,normal,0
2026-09-10T01:07:50+00:00,server03,93.94,93.3,61.26,325.57,overload,1
2026-09-10T01:08:00+00:00,server03,68.76,68.1,79.85,277.93,cooling_fault,1
2026-09-10T01:08:10+00:00,server03,15.64,83.24,35.18,143.01,normal,0
2026-09-10T01:08:20+00:00,server03,100.0,95.01,63.28,353.2,overload,1
2026-09-10T01:08:30+00:00,server03,87.97,61.21,60.22,314.02,normal,0
2026-09-10T01:08:40+00:00,server03,75.05,48.06,92.72,275.79,cooling_fault,1
2026-09-10T01:08:50+00:00,server03,91.87,98.92,61.1,323.82,overload,1
2026-09-10T01:09:00+00:00,server03,45.5,64.51,45.99,209.83,normal,0
2026-09-10T01:09:10+00:00,server03,14.45,61.37,38.34,133.53,normal,0
2026-09-10T01:09:20+00:00,server03,74.88,66.31,50.85,265.36,normal,0
2026-09-10T01:09:30+00:00,server03,71.32,36.02,55.26,258.77,normal,0
2026-09-10T01:09:40+00:00,server03,22.18,35.61,34.44,141.49,normal,0
2026-09-10T01:09:50+00:00,server03,72.52,66.84,54.13,270.73,normal,0
2026-09-10T01:10:00+00:00,server03,65.81,67.56,50.23,247.04,normal,0
2026-09-10T01:10:10+00:00,server03,63.41,36.39,48.03,244.55,normal,0
2026-09-10T01:10:20+00:00,server03,38.83,69.48,66.06,203.24,cooling_fault,1
2026-09-10T01:10:30+00:00,server03,65.71,51.83,45.03,244.16,normal,0
2026-09-10T01:10:40+00:00,server03,23.13,28.15,37.93,134.97,normal,0
2026-09-10T01:10:50+00:00,server03,42.0,66.15,47.9,204.32,normal,0
2026-09-10T01:11:00+00:00,server03,87.7,97.35,57.04,315.47,normal,0
2026-09-10T01:11:10+00:00,server03,81.72,62.31,60.63,278.16,normal,0
2026-09-10T01:11:20+00:00,server03,45.22,73.69,39.73,212.7,normal,0
2026-09-10T01:11:30+00:00,server03,59.96,59.76,52.09,233.37,normal,0
2026-09-10T01:11:40+00:00,server03,64.37,62.43,55.5,254.43,normal,0
2026-09-10T01:11:50+00:00,server03,53.8,94.17,53.77,213.56,normal,0
2026-09-10T01:12:00+00:00,server03,98.8,94.45,63.2,343.31,overload,1
2026-09-10T01:12:10+00:00,server03,29.86,72.83,65.23,166.04,cooling_fault,1
2026-09-10T01:12:20+00:00,server03,28.28,46.67,38.18,179.02,normal,0
2026-09-10T01:12:30+00:00,server03,94.51,46.27,89.9,326.97,cooling_fault,1
2026-09-10T01:12:40+00:00,server03,94.11,57.82,60.26,336.2,normal,0
2026-09-10T01:12:50+00:00,server03,29.96,48.74,36.73,162.81,normal,0
2026-09-10T01:13:00+00:00,server03,25.47,49.18,35.11,143.04,normal,0
2026-09-10T01:13:10+00:00,server03,31.63,46.69,39.67,173.03,normal,0
2026-09-10T01:13:20+00:00,server03,58.0,56.33,53.17,229.88,normal,0
2026-09-10T01:13:30+00:00,server03,74.01,35.33,56.41,268.49,normal,0
2026-09-10T01:13:40+00:00,server03,16.11,55.15,39.78,151.83,normal,0
2026-09-10T01:13:50+00:00,server03,67.1,61.77,52.03,261.84,normal,0
2026-09-10T01:14:00+00:00,server03,71.74,49.83,83.0,269.43,cooling_fault,1
2026-09-10T01:14:10+00:00,server03,68.08,61.07,55.42,259.52,normal,0
2026-09-10T01:14:20+00:00,server03,92.11,57.13,62.36,319.02,normal,0
2026-09-10T01:14:30+00:00,server03,35.09,58.13,40.76,180.49,normal,0
2026-09-10T01:14:40+00:00,server03,12.48,63.76,33.73,113.0,normal,0
2026-09-10T01:14:50+00:00,server03,32.11,40.1,43.56,157.91,normal,0
2026-09-10T01:15:00+00:00,server03,52.83,20.97,49.03,209.84,normal,0
2026-09-10T01:15:10+00:00,server03,81.63,53.09,57.11,276.98,normal,0
2026-09-10T01:15:20+00:00,server03,23.85,44.02,34.96,156.62,normal,0
2026-09-10T01:15:30+00:00,server03,33.69,46.25,40.21,165.89,normal,0
2026-09-10T01:15:40+00:00,server03,84.46,58.53,57.2,299.53,normal,0
2026-09-10T01:15:50+00:00,server03,91.01,94.98,59.0,318.5,overload,1
2026-09-10T01:16:00+00:00,server03,34.48,36.75,46.04,181.15,normal,0
2026-09-10T01:16:10+00:00,server03,28.32,63.9,39.06,179.15,normal,0
2026-09-10T01:16:20+00:00,server03,65.55,39.67,54.42,239.01,normal,0
2026-09-10T01:16:30+00:00,server03,97.27,92.53,66.46,359.13,overload,1
2026-09-10T01:16:40+00:00,server03,25.32,48.52,39.12,143.27,normal,0
2026-09-10T01:16:50+00:00,server03,31.89,81.98,35.78,178.88,normal,0
2026-09-10T01:17:00+00:00,server03,48.72,52.43,68.72,205.2,cooling_fault,1
2026-09-10T01:17:10+00:00,server03,16.83,40.16,36.24,126.14,normal,0
2026-09-10T01:17:20+00:00,server03,69.86,54.28,52.87,255.46,normal,0
2026-09-10T01:17:30+00:00,server03,27.49,56.93,37.79,162.06,normal,0
2026-09-10T01:17:40+00:00,server03,53.59,48.99,45.96,217.31,normal,0
2026-09-10T01:17:50+00:00,server03,56.87,71.38,47.12,233.77,normal,0
2026-09-10T01:18:00+00:00,server03,70.67,57.18,55.01,271.05,normal,0
2026-09-10T01:18:10+00:00,server03,57.51,54.97,47.56,232.67,normal,0
2026-09-10T01:18:20+00:00,server03,34.71,69.24,64.65,177.94,cooling_fault,1
2026-09-10T01:18:30+00:00,server03,56.96,67.34,50.99,229.91,normal,0
2026-09-10T01:18:40+00:00,server03,82.07,60.23,64.39,292.08,normal,0
2026-09-10T01:18:50+00:00,server03,42.03,55.36,44.21,190.62,normal,0
2026-09-10T01:19:00+00:00,server03,17.01,41.43,39.0,134.05,normal,0
2026-09-10T01:19:10+00:00,server03,38.86,27.46,47.42,174.47,normal,0
2026-09-10T01:19:20+00:00,server03,45.75,41.15,49.96,217.01,normal,0
2026-09-10T01:19:30+00:00,server03,87.67,55.85,65.88,290.26,normal,0
2026-09-10T01:19:40+00:00,server03,45.9,19.66,44.98,210.84,normal,0
2026-09-10T01:19:50+00:00,server03,25.18,72.98,38.77,163.28,normal,0
2026-09-10T01:20:00+00:00,server03,15.07,68.61,35.46,139.68,normal,0
2026-09-10T01:20:10+00:00,server03,84.06,48.54,64.24,297.37,normal,0
2026-09-10T01:20:20+00:00,server03,91.33,57.77,60.79,317.65,normal,0
2026-09-10T01:20:30+00:00,server03,87.52,73.31,58.62,305.46,normal,0
2026-09-10T01:20:40+00:00,server03,63.64,52.21,49.4,257.98,normal,0
2026-09-10T01:20:50+00:00,server03,26.61,55.19,41.26,164.89,normal,0
2026-09-10T01:21:00+00:00,server03,57.35,83.92,50.83,250.04,normal,0
2026-09-10T01:21:10+00:00,server03,76.14,57.8,58.29,286.17,normal,0
2026-09-10T01:21:20+00:00,server03,54.2,52.24,47.8,236.13,normal,0
2026-09-10T01:21:30+00:00,server03,71.94,66.94,50.92,257.31,normal,0
2026-09-10T01:21:40+00:00,server03,10.81,62.09,32.46,113.49,normal,0
2026-09-10T01:21:50+00:00,server03,53.89,35.91,49.78,216.42,normal,0
2026-09-10T01:22:00+00:00,server03,96.47,96.16,65.26,337.61,overload,1
2026-09-10T01:22:10+00:00,server03,74.67,18.57,58.07,265.97,normal,0
2026-09-10T01:22:20+00:00,server03,27.0,50.26,36.18,165.83,normal,0
2026-09-10T01:22:30+00:00,server03,37.65,63.01,65.66,181.83,cooling_fault,1
2026-09-10T01:22:40+00:00,server03,15.77,65.83,38.06,135.73,normal,0
2026-09-10T01:22:50+00:00,server03,88.51,57.52,59.39,306.2,normal,0
2026-09-10T01:23:00+00:00,server03,17.98,60.97,41.68,135.81,normal,0
2026-09-10T01:23:10+00:00,server03,36.86,43.42,66.81,167.32,cooling_fault,1
2026-09-10T01:23:20+00:00,server03,73.3,48.49,54.47,271.17,normal,0
2026-09-10T01:23:30+00:00,server03,58.89,30.67,52.44,231.43,normal,0
2026-09-10T01:23:40+00:00,server03,98.4,94.93,65.06,339.11,overload,1
2026-09-10T01:23:50+00:00,server03,71.11,44.44,51.8,263.49,normal,0
2026-09-10T01:24:00+00:00,server03,90.83,93.97,66.14,325.88,overload,1
2026-09-10T01:24:10+00:00,server03,29.64,61.57,40.65,164.28,normal,0
2026-09-10T01:24:20+00:00,server03,54.35,39.11,50.02,231.74,normal,0
2026-09-10T01:24:30+00:00,server03,18.08,52.34,38.89,129.29,normal,0
2026-09-10T01:24:40+00:00,server03,84.03,63.68,57.38,302.72,normal,0
2026-09-10T01:24:50+00:00,server03,18.45,77.85,55.82,151.51,cooling_fault,1
2026-09-10T01:25:00+00:00,server03,36.68,35.03,62.71,172.53,cooling_fault,1
2026-09-10T01:25:10+00:00,server03,96.68,91.18,61.22,332.89,overload,1
2026-09-10T01:25:20+00:00,server03,82.32,41.0,55.88,280.82,normal,0
2026-09-10T01:25:30+00:00,server03,21.12,41.56,60.94,136.82,cooling_fault,1
2026-09-10T01:25:40+00:00,server03,29.87,63.26,40.18,165.36,normal,0
2026-09-10T01:25:50+00:00,server03,98.2,97.04,62.97,354.5,overload,1
2026-09-10T01:26:00+00:00,server03,19.14,59.44,36.17,136.12,normal,0
2026-09-10T01:26:10+00:00,server03,69.11,47.38,55.51,251.42,normal,0
2026-09-10T01:26:20+00:00,server03,11.32,36.97,33.29,125.72,normal,0
2026-09-10T01:26:30+00:00,server03,59.66,53.96,57.28,233.98,normal,0
2026-09-10T01:26:40+00:00,server03,76.27,46.16,57.18,273.32,normal,0
2026-09-10T01:26:50+00:00,server03,52.11,54.63,50.94,221.92,normal,0
2026-09-10T01:27:00+00:00,server03,98.72,96.74,64.37,340.92,overload,1
2026-09-10T01:27:10+00:00,server03,18.76,50.99,37.0,154.04,normal,0
2026-09-10T01:27:20+00:00,server03,88.26,33.41,85.06,308.34,cooling_fault,1
2026-09-10T01:27:30+00:00,server03,13.03,52.28,36.71,114.17,normal,0
2026-09-10T01:27:40+00:00,server03,81.88,66.91,82.57,295.65,cooling_fault,1
2026-09-10T01:27:50+00:00,server03,64.62,61.86,55.79,264.91,normal,0
2026-09-10T01:28:00+00:00,server03,73.16,56.39,58.84,275.93,normal,0
2026-09-10T01:28:10+00:00,server03,23.32,62.55,38.07,158.05,normal,0
2026-09-10T01:28:20+00:00,server03,52.6,10.84,53.44,207.11,normal,0
2026-09-10T01:28:30+00:00,server03,28.91,49.95,62.87,158.48,cooling_fault,1
2026-09-10T01:28:40+00:00,server03,13.57,85.46,37.21,147.19,normal,0
2026-09-10T01:28:50+00:00,server03,30.93,53.03,41.14,173.55,normal,0
2026-09-10T01:29:00+00:00,server03,76.76,67.82,60.14,285.11,normal,0
2026-09-10T01:29:10+00:00,server03,23.64,33.38,38.5,148.79,normal,0
2026-09-10T01:29:20+00:00,server03,22.95,61.25,38.8,143.85,normal,0
2026-09-10T01:29:30+00:00,server03,75.87,78.68,55.74,290.1,normal,0
2026-09-10T01:29:40+00:00,server03,65.28,72.23,56.45,269.38,normal,0
2026-09-10T01:29:50+00:00,server03,83.66,45.77,65.65,300.66,normal,0
2026-09-10T01:30:00+00:00,server03,85.89,67.67,64.34,297.73,normal,0
2026-09-10T01:30:10+00:00,server03,20.12,52.33,34.6,142.25,normal,0
2026-09-10T01:30:20+00:00,server03,30.6,33.41,42.38,169.85,normal,0
2026-09-10T01:30:30+00:00,server03,85.59,59.14,55.92,294.9,normal,0
2026-09-10T01:30:40+00:00,server03,53.14,44.37,46.22,220.13,normal,0
2026-09-10T01:30:50+00:00,server03,52.82,79.34,70.7,232.12,cooling_fault,1
2026-09-10T01:31:00+00:00,server03,88.55,43.28,66.78,291.99,normal,0
2026-09-10T01:31:10+00:00,server03,63.95,63.29,56.39,259.32,normal,0
2026-09-10T01:31:20+00:00,server03,58.71,83.01,47.89,262.75,normal,0
2026-09-10T01:31:30+00:00,server03,37.49,41.6,42.45,166.82,normal,0
2026-09-10T01:31:40+00:00,server03,47.9,38.88,49.01,204.88,normal,0
2026-09-10T01:31:50+00:00,server03,32.69,60.33,41.66,170.95,normal,0
2026-09-10T01:32:00+00:00,server03,20.97,37.91,36.48,146.35,normal,0
2026-09-10T01:32:10+00:00,server03,32.47,65.15,38.43,169.89,normal,0
2026-09-10T01:32:20+00:00,server03,62.17,57.45,50.93,258.79,normal,0
2026-09-10T01:32:30+00:00,server03,59.6,88.52,49.33,241.51,normal,0
2026-09-10T01:32:40+00:00,server03,43.58,42.88,53.06,200.0,normal,0
2026-09-10T01:32:50+00:00,server03,66.94,46.33,56.51,241.15,normal,0
2026-09-10T01:33:00+00:00,server03,61.69,51.29,55.64,240.45,normal,0
2026-09-10T01:33:10+00:00,server03,63.35,74.44,47.42,260.27,normal,0
2026-09-10T01:33:20+00:00,server03,26.18,42.71,39.24,154.83,normal,0
2026-09-10T01:33:30+00:00,server03,81.38,46.29,58.87,283.13,normal,0
2026-09-10T01:33:40+00:00,server03,51.03,49.44,50.93,222.94,normal,0
2026-09-10T01:33:50+00:00,server03,74.4,58.65,53.56,289.16,normal,0
2026-09-10T01:34:00+00:00,server03,32.16,93.86,63.53,175.33,cooling_fault,1
2026-09-10T01:34:10+00:00,server03,43.03,89.68,44.22,203.3,normal,0
2026-09-10T01:34:20+00:00,server03,19.57,69.96,35.39,132.94,normal,0
2026-09-10T01:34:30+00:00,server03,30.79,65.33,40.97,188.44,normal,0
2026-09-10T01:34:40+00:00,server03,20.91,54.74,35.57,144.33,normal,0
2026-09-10T01:34:50+00:00,server03,18.18,29.16,39.62,119.88,normal,0
2026-09-10T01:35:00+00:00,server03,71.26,81.06,53.85,262.82,normal,0
2026-09-10T01:35:10+00:00,server03,93.12,41.41,61.6,308.67,normal,0
2026-09-10T01:35:20+00:00,server03,42.58,49.73,39.45,192.46,normal,0
2026-09-10T01:35:30+00:00,server03,44.11,50.09,42.64,196.0,normal,0
2026-09-10T01:35:40+00:00,server03,91.7,65.81,62.24,321.79,normal,0
2026-09-10T01:35:50+00:00,server03,94.94,94.98,61.67,339.01,overload,1
2026-09-10T01:36:00+00:00,server03,30.67,59.17,35.0,180.67,normal,0
2026-09-10T01:36:10+00:00,server03,71.45,77.06,53.49,280.36,normal,0
2026-09-10T01:36:20+00:00,server03,63.14,65.14,55.44,258.23,normal,0
2026-09-10T01:36:30+00:00,server03,83.31,49.52,54.34,283.48,normal,0
2026-09-10T01:36:40+00:00,server03,74.68,57.39,54.51,272.83,normal,0
2026-09-10T01:36:50+00:00,server03,76.45,53.54,58.06,282.26,normal,0
2026-09-10T01:37:00+00:00,server03,71.02,31.81,63.94,271.82,normal,0
2026-09-10T01:37:10+00:00,server03,78.03,55.14,54.87,273.32,normal,0
2026-09-10T01:37:20+00:00,server03,15.48,67.61,32.51,134.93,normal,0
2026-09-10T01:37:30+00:00,server03,55.73,56.19,76.11,233.74,cooling_fault,1
2026-09-10T01:37:40+00:00,server03,89.17,46.74,57.81,295.54,normal,0
2026-09-10T01:37:50+00:00,server03,57.82,34.3,51.05,235.32,normal,0
2026-09-10T01:38:00+00:00,server03,53.74,79.69,50.46,217.91,normal,0
2026-09-10T01:38:10+00:00,server03,35.37,65.37,40.31,184.08,normal,0
2026-09-10T01:38:20+00:00,server03,73.76,46.49,55.15,261.57,normal,0
2026-09-10T01:38:30+00:00,server03,53.39,30.75,51.67,215.95,normal,0
2026-09-10T01:38:40+00:00,server03,65.97,59.92,56.58,253.95,normal,0
2026-09-10T01:38:50+00:00,server03,85.38,62.61,61.1,313.63,normal,0
2026-09-10T01:39:00+00:00,server03,94.67,93.08,62.99,329.05,overload,1
2026-09-10T01:39:10+00:00,server03,49.69,31.76,53.35,203.53,normal,0
2026-09-10T01:39:20+00:00,server03,97.21,94.85,59.52,341.8,overload,1
2026-09-10T01:39:30+00:00,server03,29.94,59.11,37.03,161.94,normal,0
2026-09-10T01:39:40+00:00,server03,25.59,79.48,39.55,162.85,normal,0
2026-09-10T01:39:50+00:00,server03,16.48,55.78,37.16,129.39,normal,0
2026-09-10T01:40:00+00:00,server03,40.13,76.25,49.79,200.1,normal,0
2026-09-10T01:40:10+00:00,server03,80.37,55.03,56.48,288.63,normal,0
2026-09-10T01:40:20+00:00,server03,45.73,52.16,45.45,202.85,normal,0
2026-09-10T01:40:30+00:00,server03,71.77,28.44,86.42,261.87,cooling_fault,1
2026-09-10T01:40:40+00:00,server03,98.18,92.88,61.62,335.23,overload,1
2026-09-10T01:40:50+00:00,server03,57.13,46.24,51.82,212.05,normal,0
2026-09-10T01:41:00+00:00,server03,40.14,52.44,41.56,186.82,normal,0
2026-09-10T01:41:10+00:00,server03,48.85,70.86,45.35,214.77,normal,0
2026-09-10T01:41:20+00:00,server03,27.57,72.85,41.5,157.65,normal,0
2026-09-10T01:41:30+00:00,server03,21.16,37.06,31.39,140.62,normal,0
2026-09-10T01:41:40+00:00,server03,88.26,68.13,56.23,312.73,normal,0
2026-09-10T01:41:50+00:00,server03,74.73,51.82,54.17,250.76,normal,0
2026-09-10T01:42:00+00:00,server03,11.36,32.74,35.4,113.52,normal,0
2026-09-10T01:42:10+00:00,server03,93.69,96.61,60.39,325.08,overload,1
2026-09-10T01:42:20+00:00,server03,53.4,52.79,50.77,218.65,normal,0
2026-09-10T01:42:30+00:00,server03,35.59,31.88,43.12,168.93,normal,0
2026-09-10T01:42:40+00:00,server03,90.58,61.22,56.88,314.92,normal,0
2026-09-10T01:42:50+00:00,server03,10.32,20.27,28.99,120.35,normal,0
2026-09-10T01:43:00+00:00,server03,86.83,41.37,57.14,302.41,normal,0
2026-09-10T01:43:10+00:00,server03,26.51,52.23,39.46,148.19,normal,0
2026-09-10T01:43:20+00:00,server03,53.69,49.41,47.34,226.3,normal,0
2026-09-10T01:43:30+00:00,server03,85.71,72.16,87.48,316.03,cooling_fault,1
2026-09-10T01:43:40+00:00,server03,22.87,51.96,39.64,156.82,normal,0
2026-09-10T01:43:50+00:00,server03,76.13,46.55,59.3,284.81,normal,0
2026-09-10T01:44:00+00:00,server03,74.63,65.7,53.44,280.41,normal,0
2026-09-10T01:44:10+00:00,server03,93.62,62.12,59.02,319.89,normal,0
2026-09-10T01:44:20+00:00,server03,15.65,56.24,35.68,127.87,normal,0
2026-09-10T01:44:30+00:00,server03,37.1,89.32,42.66,186.47,normal,0
2026-09-10T01:44:40+00:00,server03,19.84,48.86,32.85,149.11,normal,0
2026-09-10T01:44:50+00:00,server03,82.07,69.03,59.55,316.84,normal,0
2026-09-10T01:45:00+00:00,server03,72.77,51.16,62.25,284.38,normal,0
2026-09-10T01:45:10+00:00,server03,93.62,92.97,60.28,326.31,overload,1
2026-09-10T01:45:20+00:00,server03,24.39,53.33,40.86,141.23,normal,0
2026-09-10T01:45:30+00:00,server03,30.48,50.58,38.91,163.21,normal,0
2026-09-10T01:45:40+00:00,server03,12.32,51.7,35.43,118.14,normal,0
2026-09-10T01:45:50+00:00,server03,87.14,47.75,82.32,301.52,cooling_fault,1
2026-09-10T01:46:00+00:00,server03,95.81,91.57,66.29,333.64,overload,1
2026-09-10T01:46:10+00:00,server03,46.67,74.21,44.56,225.46,normal,0
2026-09-10T01:46:20+00:00,server03,77.44,76.0,82.78,306.82,cooling_fault,1
2026-09-10T01:46:30+00:00,server03,87.78,50.96,61.49,321.21,normal,0
2026-09-10T01:46:40+00:00,server03,29.15,75.56,35.29,166.26,normal,0
2026-09-10T01:46:50+00:00,server03,51.54,63.96,49.62,239.01,normal,0
2026-09-10T01:47:00+00:00,server03,78.33,75.39,59.03,286.93,normal,0
2026-09-10T01:47:10+00:00,server03,35.43,54.4,42.92,164.27,normal,0
2026-09-10T01:47:20+00:00,server03,42.78,63.21,49.85,203.12,normal,0
2026-09-10T01:47:30+00:00,server03,39.16,65.31,41.1,200.51,normal,0
2026-09-10T01:47:40+00:00,server03,91.67,63.31,92.26,327.16,cooling_fault,1
2026-09-10T01:47:50+00:00,server03,93.44,91.16,64.27,334.91,overload,1
2026-09-10T01:48:00+00:00,server03,76.18,67.01,57.11,284.11,normal,0
2026-09-10T01:48:10+00:00,server03,90.6,54.74,61.87,318.79,normal,0
2026-09-10T01:48:20+00:00,server03,63.7,71.42,51.17,242.75,normal,0
2026-09-10T01:48:30+00:00,server03,21.44,62.45,33.71,164.51,normal,0
2026-09-10T01:48:40+00:00,server03,52.48,69.71,47.5,219.38,normal,0
2026-09-10T01:48:50+00:00,server03,27.74,88.92,37.87,187.01,normal,0
2026-09-10T01:49:00+00:00,server03,71.95,43.98,55.24,272.31,normal,0
2026-09-10T01:49:10+00:00,server03,48.57,47.69,47.25,220.86,normal,0
2026-09-10T01:49:20+00:00,server03,23.86,51.71,38.97,153.46,normal,0
2026-09-10T01:49:30+00:00,server03,95.22,95.43,63.02,349.74,overload,1
2026-09-10T01:49:40+00:00,server03,76.12,43.55,54.17,291.54,normal,0
2026-09-10T01:49:50+00:00,server03,32.3,60.41,40.37,167.62,normal,0
2026-09-10T01:50:00+00:00,server03,94.36,92.87,67.01,334.25,overload,1
2026-09-10T01:50:10+00:00,server03,21.4,65.02,36.46,158.08,normal,0
2026-09-10T01:50:20+00:00,server03,41.35,54.87,44.33,190.16,normal,0
2026-09-10T01:50:30+00:00,server03,91.0,92.71,63.61,318.52,overload,1
2026-09-10T01:50:40+00:00,server03,81.03,49.23,57.32,288.2,normal,0
2026-09-10T01:50:50+00:00,server03,72.55,85.08,50.52,272.81,normal,0
2026-09-10T01:51:00+00:00,server03,16.34,67.91,36.34,152.23,normal,0
2026-09-10T01:51:10+00:00,server03,73.55,48.82,55.45,268.73,normal,0
2026-09-10T01:51:20+00:00,server03,93.1,66.18,61.55,333.74,normal,0
2026-09-10T01:51:30+00:00,server03,90.49,98.02,57.83,325.01,overload,1
2026-09-10T01:51:40+00:00,server03,76.93,67.73,58.67,289.36,normal,0
2026-09-10T01:51:50+00:00,server03,55.01,32.42,53.94,210.53,normal,0
2026-09-10T01:52:00+00:00,server03,15.81,44.05,35.57,126.93,normal,0
2026-09-10T01:52:10+00:00,server03,45.89,48.06,45.66,214.3,normal,0
2026-09-10T01:52:20+00:00,server03,15.33,44.79,36.79,133.04,normal,0
2026-09-10T01:52:30+00:00,server03,98.25,92.33,68.3,347.73,overload,1
2026-09-10T01:52:40+00:00,server03,33.44,46.8,42.18,172.66,normal,0
2026-09-10T01:52:50+00:00,server03,50.14,63.24,73.7,220.16,cooling_fault,1
2026-09-10T01:53:00+00:00,server03,65.89,57.76,60.68,264.85,normal,0
2026-09-10T01:53:10+00:00,server03,94.43,86.42,66.26,338.85,overload,1
2026-09-10T01:53:20+00:00,server03,28.94,37.67,41.46,160.03,normal,0
2026-09-10T01:53:30+00:00,server03,43.61,69.5,71.74,212.14,cooling_fault,1
2026-09-10T01:53:40+00:00,server03,69.15,49.53,57.44,275.86,normal,0
2026-09-10T01:53:50+00:00,server03,70.2,25.68,57.16,251.77,normal,0
2026-09-10T01:54:00+00:00,server03,13.99,86.58,62.89,131.31,cooling_fault,1
2026-09-10T01:54:10+00:00,server03,98.31,94.32,66.92,350.78,overload,1
2026-09-10T01:54:20+00:00,server03,73.89,37.38,55.63,269.96,normal,0
2026-09-10T01:54:30+00:00,server03,96.51,94.71,59.89,337.37,overload,1
2026-09-10T01:54:40+00:00,server03,29.55,58.3,43.45,167.47,normal,0
2026-09-10T01:54:50+00:00,server03,48.94,45.13,46.12,202.57,normal,0
2026-09-10T01:55:00+00:00,server03,38.34,68.99,48.18,206.53,normal,0
2026-09-10T01:55:10+00:00,server03,20.29,27.88,39.0,131.52,normal,0
2026-09-10T01:55:20+00:00,server03,76.48,60.74,52.31,271.69,normal,0
2026-09-10T01:55:30+00:00,server03,70.45,54.62,52.28,248.28,normal,0
2026-09-10T01:55:40+00:00,server03,56.79,37.79,44.73,216.12,normal,0
2026-09-10T01:55:50+00:00,server03,15.47,36.87,35.97,126.23,normal,0
2026-09-10T01:56:00+00:00,server03,37.67,57.42,43.7,179.38,normal,0
2026-09-10T01:56:10+00:00,server03,36.82,56.45,47.04,167.88,normal,0
2026-09-10T01:56:20+00:00,server03,26.18,68.68,40.78,173.29,normal,0
2026-09-10T01:56:30+00:00,server03,15.2,70.97,33.35,158.81,normal,0
2026-09-10T01:56:40+00:00,server03,20.48,60.72,35.01,156.68,normal,0
2026-09-10T01:56:50+00:00,server03,23.51,77.54,66.99,153.07,cooling_fault,1
2026-09-10T01:57:00+00:00,server03,65.13,49.54,51.79,251.48,normal,0
2026-09-10T01:57:10+00:00,server03,17.54,58.59,30.17,131.72,normal,0
2026-09-10T01:57:20+00:00,server03,82.09,28.43,53.79,288.96,normal,0
2026-09-10T01:57:30+00:00,server03,86.93,35.26,58.46,302.23,normal,0
2026-09-10T01:57:40+00:00,server03,80.84,69.48,57.54,280.05,normal,0
2026-09-10T01:57:50+00:00,server03,63.91,43.35,73.15,246.94,cooling_fault,1
2026-09-10T01:58:00+00:00,server03,57.02,54.96,46.02,243.28,normal,0
2026-09-10T01:58:10+00:00,server03,59.02,75.4,49.37,241.84,normal,0
2026-09-10T01:58:20+00:00,server03,34.43,21.71,43.42,164.49,normal,0
2026-09-10T01:58:30+00:00,server03,45.73,28.89,46.81,200.1,normal,0
2026-09-10T01:58:40+00:00,server03,65.72,77.44,54.25,261.15,normal,0
2026-09-10T01:58:50+00:00,server03,39.88,68.73,44.58,199.79,normal,0
2026-09-10T01:59:00+00:00,server03,84.48,87.48,57.32,318.23,normal,0
2026-09-10T01:59:10+00:00,server03,60.52,52.18,49.54,245.51,normal,0
2026-09-10T01:59:20+00:00,server03,81.36,77.07,61.74,311.06,normal,0
2026-09-10T01:59:30+00:00,server03,63.41,65.55,50.46,252.9,normal,0
2026-09-10T01:59:40+00:00,server03,31.15,56.91,39.58,169.9,normal,0
2026-09-10T01:59:50+00:00,server03,61.5,42.27,50.52,234.17,normal,0
2026-09-10T02:00:00+00:00,server03,60.46,52.05,52.92,243.29,normal,0
2026-09-10T02:00:10+00:00,server03,91.82,69.17,59.43,330.92,normal,0
2026-09-10T02:00:20+00:00,server03,53.87,60.37,48.78,231.77,normal,0
2026-09-10T02:00:30+00:00,server03,78.54,24.61,59.07,272.88,normal,0
2026-09-10T02:00:40+00:00,server03,97.45,93.96,67.17,343.69,overload,1
2026-09-10T02:00:50+00:00,server03,10.77,80.25,31.63,127.34,normal,0
2026-09-10T02:01:00+00:00,server03,98.18,93.25,62.95,339.47,overload,1
2026-09-10T02:01:10+00:00,server03,19.62,21.35,38.24,116.59,normal,0
2026-09-10T02:01:20+00:00,server03,20.11,52.54,40.94,143.82,normal,0
2026-09-10T02:01:30+00:00,server03,51.82,19.53,47.9,223.89,normal,0
2026-09-10T02:01:40+00:00,server03,58.46,59.93,53.37,237.6,normal,0
2026-09-10T02:01:50+00:00,server03,94.45,98.01,65.34,330.48,overload,1
2026-09-10T02:02:00+00:00,server03,20.62,37.24,40.27,141.83,normal,0
2026-09-10T02:02:10+00:00,server03,40.5,64.84,70.33,196.15,cooling_fault,1
2026-09-10T02:02:20+00:00,server03,33.53,46.12,41.01,170.58,normal,0
2026-09-10T02:02:30+00:00,server03,69.04,40.47,60.27,254.37,normal,0
2026-09-10T02:02:40+00:00,server03,58.45,25.45,49.74,223.32,normal,0
2026-09-10T02:02:50+00:00,server03,88.12,53.84,60.47,316.16,normal,0
2026-09-10T02:03:00+00:00,server03,74.12,57.22,61.45,276.45,normal,0
2026-09-10T02:03:10+00:00,server03,38.35,33.49,42.02,181.22,normal,0
2026-09-10T02:03:20+00:00,server03,89.61,46.47,58.62,313.9,normal,0
2026-09-10T02:03:30+00:00,server03,67.34,58.66,47.85,247.42,normal,0
2026-09-10T02:03:40+00:00,server03,63.39,46.17,81.73,239.75,cooling_fault,1
2026-09-10T02:03:50+00:00,server03,74.22,55.56,77.83,290.67,cooling_fault,1
2026-09-10T02:04:00+00:00,server03,53.68,48.97,50.11,233.41,normal,0
2026-09-10T02:04:10+00:00,server03,82.1,71.51,60.38,306.28,normal,0
2026-09-10T02:04:20+00:00,server03,45.27,69.04,48.71,221.89,normal,0
2026-09-10T02:04:30+00:00,server03,95.68,87.62,58.65,332.76,overload,1
2026-09-10T02:04:40+00:00,server03,77.27,35.35,55.54,272.35,normal,0
2026-09-10T02:04:50+00:00,server03,86.95,61.79,61.02,314.44,normal,0
2026-09-10T02:05:00+00:00,server03,63.47,29.56,76.29,241.04,cooling_fault,1
2026-09-10T02:05:10+00:00,server03,89.04,72.11,61.2,307.96,normal,0
2026-09-10T02:05:20+00:00,server03,100.0,96.99,68.77,340.77,overload,1
2026-09-10T02:05:30+00:00,server03,93.96,95.55,62.36,330.24,overload,1
2026-09-10T02:05:40+00:00,server03,79.58,52.3,61.19,274.57,normal,0
2026-09-10T02:05:50+00:00,server03,60.97,52.25,74.22,249.39,cooling_fault,1
2026-09-10T02:06:00+00:00,server03,42.07,39.4,62.24,191.56,cooling_fault,1
2026-09-10T02:06:10+00:00,server03,10.06,71.73,39.08,126.41,normal,0
2026-09-10T02:06:20+00:00,server03,33.36,49.25,35.9,187.86,normal,0
2026-09-10T02:06:30+00:00,server03,70.44,63.05,51.73,270.48,normal,0
2026-09-10T02:06:40+00:00,server03,100.0,93.46,63.08,348.84,overload,1
2026-09-10T02:06:50+00:00,server03,99.6,97.22,59.78,351.87,overload,1
2026-09-10T02:07:00+00:00,server03,42.11,58.73,48.33,206.51,normal,0
2026-09-10T02:07:10+00:00,server03,31.24,61.07,40.76,169.71,normal,0
2026-09-10T02:07:20+00:00,server03,54.34,82.67,43.88,235.02,normal,0
2026-09-10T02:07:30+00:00,server03,68.69,40.56,49.77,246.0,normal,0
2026-09-10T02:07:40+00:00,server03,87.52,47.51,66.95,298.43,normal,0
2026-09-10T02:07:50+00:00,server03,80.39,70.24,54.14,288.3,normal,0
2026-09-10T02:08:00+00:00,server03,94.4,43.58,61.56,322.99,normal,0
2026-09-10T02:08:10+00:00,server03,81.07,42.3,56.78,288.99,normal,0
2026-09-10T02:08:20+00:00,server03,53.99,54.67,45.82,240.89,normal,0
2026-09-10T02:08:30+00:00,server03,27.5,55.45,39.88,150.62,normal,0
2026-09-10T02:08:40+00:00,server03,91.61,56.17,62.68,306.73,normal,0
2026-09-10T02:08:50+00:00,server03,68.67,81.1,52.17,274.51,normal,0
2026-09-10T02:09:00+00:00,server03,33.02,82.78,40.2,194.0,normal,0
2026-09-10T02:09:10+00:00,server03,19.18,60.72,36.66,155.21,normal,0
2026-09-10T02:09:20+00:00,server03,10.68,75.69,37.48,137.95,normal,0
2026-09-10T02:09:30+00:00,server03,58.81,48.31,51.9,237.33,normal,0
2026-09-10T02:09:40+00:00,server03,77.44,58.91,59.14,281.39,normal,0
2026-09-10T02:09:50+00:00,server03,30.54,63.14,42.17,181.5,normal,0
2026-09-10T02:10:00+00:00,server03,75.35,69.85,56.89,297.13,normal,0
2026-09-10T02:10:10+00:00,server03,47.33,89.96,63.16,225.68,cooling_fault,1
2026-09-10T02:10:20+00:00,server03,82.98,58.79,56.66,294.66,normal,0
2026-09-10T02:10:30+00:00,server03,33.93,50.07,39.62,178.62,normal,0
2026-09-10T02:10:40+00:00,server03,38.24,30.13,69.63,185.06,cooling_fault,1
2026-09-10T02:10:50+00:00,server03,97.65,99.72,67.17,365.72,overload,1
2026-09-10T02:11:00+00:00,server03,60.77,22.04,51.25,236.49,normal,0
2026-09-10T02:11:10+00:00,server03,25.03,50.95,36.68,151.02,normal,0
2026-09-10T02:11:20+00:00,server03,98.53,93.54,63.62,349.1,overload,1
2026-09-10T02:11:30+00:00,server03,47.92,41.21,43.36,209.81,normal,0
2026-09-10T02:11:40+00:00,server03,73.22,75.15,61.4,273.26,normal,0
2026-09-10T02:11:50+00:00,server03,63.06,86.14,55.3,250.34,normal,0
2026-09-10T02:12:00+00:00,server03,56.97,53.97,47.51,231.21,normal,0
2026-09-10T02:12:10+00:00,server03,95.68,100.0,62.33,351.56,overload,1
2026-09-10T02:12:20+00:00,server03,56.63,46.96,54.43,231.48,normal,0
2026-09-10T02:12:30+00:00,server03,81.23,39.81,61.23,293.33,normal,0
2026-09-10T02:12:40+00:00,server03,37.78,65.75,39.84,194.07,normal,0
2026-09-10T02:12:50+00:00,server03,86.05,60.97,60.42,308.78,normal,0
2026-09-10T02:13:00+00:00,server03,89.59,70.4,62.32,320.94,normal,0
2026-09-10T02:13:10+00:00,server03,92.7,94.67,65.12,331.41,overload,1
2026-09-10T02:13:20+00:00,server03,14.16,30.49,61.09,120.06,cooling_fault,1
2026-09-10T02:13:30+00:00,server03,32.78,44.36,43.01,172.43,normal,0
2026-09-10T02:13:40+00:00,server03,72.47,58.07,57.26,282.68,normal,0
2026-09-10T02:13:50+00:00,server03,97.74,94.09,59.92,344.46,overload,1
2026-09-10T02:14:00+00:00,server03,75.87,3.33,59.16,270.54,normal,0
2026-09-10T02:14:10+00:00,server03,27.14,64.42,37.44,174.64,normal,0
2026-09-10T02:14:20+00:00,server03,63.98,52.64,49.92,251.77,normal,0
2026-09-10T02:14:30+00:00,server03,99.74,97.17,59.82,337.85,overload,1
2026-09-10T02:14:40+00:00,server03,10.37,47.53,39.34,119.98,normal,0
2026-09-10T02:14:50+00:00,server03,90.75,55.82,97.13,307.03,cooling_fault,1
2026-09-10T02:15:00+00:00,server03,93.17,99.69,65.02,329.16,overload,1
2026-09-10T02:15:10+00:00,server03,62.76,60.43,56.2,248.26,normal,0
2026-09-10T02:15:20+00:00,server03,87.69,45.64,60.26,294.67,normal,0
2026-09-10T02:15:30+00:00,server03,70.94,69.85,56.83,270.18,normal,0
2026-09-10T02:15:40+00:00,server03,48.3,75.83,51.26,217.67,normal,0
2026-09-10T02:15:50+00:00,server03,57.33,37.76,46.69,218.53,normal,0
2026-09-10T02:16:00+00:00,server03,95.0,90.69,63.7,334.44,overload,1
2026-09-10T02:16:10+00:00,server03,18.05,61.85,34.23,147.05,normal,0
2026-09-10T02:16:20+00:00,server03,33.64,42.08,40.38,171.94,normal,0
2026-09-10T02:16:30+00:00,server03,45.97,82.38,73.79,218.43,cooling_fault,1
2026-09-10T02:16:40+00:00,server03,92.89,93.29,60.41,310.43,overload,1
2026-09-10T02:16:50+00:00,server03,62.8,60.53,50.85,252.07,normal,0
2026-09-10T02:17:00+00:00,server03,96.85,98.83,63.53,327.9,overload,1
2026-09-10T02:17:10+00:00,server03,92.12,58.88,57.99,337.7,normal,0
2026-09-10T02:17:20+00:00,server03,12.89,39.44,31.4,119.16,normal,0
2026-09-10T02:17:30+00:00,server03,99.87,93.84,61.92,351.67,overload,1
2026-09-10T02:17:40+00:00,server03,42.84,59.14,44.66,201.33,normal,0
2026-09-10T02:17:50+00:00,server03,99.21,100.0,65.26,348.05,overload,1
2026-09-10T02:18:00+00:00,server03,18.0,66.47,37.63,139.79,normal,0
2026-09-10T02:18:10+00:00,server03,20.73,40.45,63.66,143.78,cooling_fault,1
2026-09-10T02:18:20+00:00,server03,58.63,53.36,73.63,236.74,cooling_fault,1
2026-09-10T02:18:30+00:00,server03,89.3,59.52,85.89,320.16,cooling_fault,1
2026-09-10T02:18:40+00:00,server03,20.41,66.45,57.63,150.4,cooling_fault,1
2026-09-10T02:18:50+00:00,server03,86.95,32.57,57.32,302.79,normal,0
2026-09-10T02:19:00+00:00,server03,18.56,63.05,35.83,137.89,normal,0
2026-09-10T02:19:10+00:00,server03,38.39,62.27,41.02,186.53,normal,0
2026-09-10T02:19:20+00:00,server03,85.94,44.43,54.11,302.53,normal,0
2026-09-10T02:19:30+00:00,server03,26.5,39.44,39.31,159.26,normal,0
2026-09-10T02:19:40+00:00,server03,100.0,97.11,65.0,355.04,overload,1
2026-09-10T02:19:50+00:00,server03,42.19,74.45,42.07,203.77,normal,0
2026-09-10T02:20:00+00:00,server03,75.54,49.46,51.32,257.96,normal,0
2026-09-10T02:20:10+00:00,server03,45.14,46.24,46.85,194.63,normal,0
2026-09-10T02:20:20+00:00,server03,90.07,33.8,55.21,293.54,normal,0
2026-09-10T02:20:30+00:00,server03,43.88,70.32,42.4,210.69,normal,0
2026-09-10T02:20:40+00:00,server03,96.05,94.1,64.02,335.42,overload,1
2026-09-10T02:20:50+00:00,server03,41.59,76.75,38.1,199.35,normal,0
2026-09-10T02:21:00+00:00,server03,24.43,29.09,33.32,157.81,normal,0
2026-09-10T02:21:10+00:00,server03,62.84,38.45,53.17,235.77,normal,0
2026-09-10T02:21:20+00:00,server03,58.58,28.84,54.78,232.43,normal,0
2026-09-10T02:21:30+00:00,server03,58.65,76.97,52.3,253.02,normal,0
2026-09-10T02:21:40+00:00,server03,31.45,61.03,39.36,173.02,normal,0
2026-09-10T02:21:50+00:00,server03,35.58,35.18,44.17,178.44,normal,0
2026-09-10T02:22:00+00:00,server03,12.73,49.53,32.45,129.77,normal,0
2026-09-10T02:22:10+00:00,server03,94.48,93.22,62.52,330.3,overload,1
2026-09-10T02:22:20+00:00,server03,96.95,95.04,61.13,347.1,overload,1
2026-09-10T02:22:30+00:00,server03,94.04,97.32,64.08,314.87,overload,1
2026-09-10T02:22:40+00:00,server03,96.38,93.98,64.21,325.02,overload,1
2026-09-10T02:22:50+00:00,server03,50.19,59.23,37.89,211.49,normal,0
2026-09-10T02:23:00+00:00,server03,85.91,84.37,59.42,310.63,normal,0
2026-09-10T02:23:10+00:00,server03,63.36,51.78,54.96,251.37,normal,0
2026-09-10T02:23:20+00:00,server03,63.83,49.81,55.09,245.44,normal,0
2026-09-10T02:23:30+00:00,server03,62.65,76.51,53.34,245.56,normal,0
2026-09-10T02:23:40+00:00,server03,94.05,95.1,61.46,333.18,overload,1
2026-09-10T02:23:50+00:00,server03,23.05,38.12,34.86,148.92,normal,0
2026-09-10T02:24:00+00:00,server03,87.6,78.87,63.1,308.89,normal,0
2026-09-10T02:24:10+00:00,server03,76.18,50.02,86.69,285.72,cooling_fault,1
2026-09-10T02:24:20+00:00,server03,98.03,97.47,64.49,347.74,overload,1
2026-09-10T02:24:30+00:00,server03,11.86,43.32,32.12,119.14,normal,0
2026-09-10T02:24:40+00:00,server03,91.58,97.03,63.09,318.19,overload,1
2026-09-10T02:24:50+00:00,server03,35.73,57.73,39.26,172.23,normal,0
2026-09-10T02:25:00+00:00,server03,71.99,51.51,54.22,267.25,normal,0
2026-09-10T02:25:10+00:00,server03,93.69,31.01,65.42,294.07,normal,0
2026-09-10T02:25:20+00:00,server03,51.21,91.55,46.76,240.7,normal,0
2026-09-10T02:25:30+00:00,server03,33.54,49.6,39.23,181.67,normal,0
2026-09-10T02:25:40+00:00,server03,77.03,63.06,54.27,281.15,normal,0
2026-09-10T02:25:50+00:00,server03,48.32,47.63,51.52,208.63,normal,0
2026-09-10T02:26:00+00:00,server03,21.6,61.82,58.43,153.81,cooling_fault,1
2026-09-10T02:26:10+00:00,server03,73.07,81.91,59.96,273.54,normal,0
2026-09-10T02:26:20+00:00,server03,85.47,33.61,90.37,291.47,cooling_fault,1
2026-09-10T02:26:30+00:00,server03,92.97,53.32,66.34,316.53,normal,0
2026-09-10T02:26:40+00:00,server03,79.48,46.66,54.03,273.08,normal,0
2026-09-10T02:26:50+00:00,server03,22.25,70.92,36.96,143.22,normal,0
2026-09-10T02:27:00+00:00,server03,93.82,62.9,63.25,326.28,normal,0
2026-09-10T02:27:10+00:00,server03,49.74,81.15,49.38,217.62,normal,0
2026-09-10T02:27:20+00:00,server03,94.45,94.05,69.21,333.4,overload,1
2026-09-10T02:27:30+00:00,server03,84.88,58.97,55.87,304.62,normal,0
2026-09-10T02:27:40+00:00,server03,22.33,43.04,36.23,133.24,normal,0
2026-09-10T02:27:50+00:00,server03,96.93,92.31,69.75,346.67,overload,1
2026-09-10T02:28:00+00:00,server03,16.96,40.24,40.66,139.9,normal,0
2026-09-10T02:28:10+00:00,server03,31.38,51.86,37.24,173.67,normal,0
2026-09-10T02:28:20+00:00,server03,11.31,79.27,33.58,141.57,normal,0
2026-09-10T02:28:30+00:00,server03,28.44,49.4,42.08,170.01,normal,0
2026-09-10T02:28:40+00:00,server03,90.96,68.07,59.7,313.12,normal,0
2026-09-10T02:28:50+00:00,server03,64.1,75.9,54.54,256.04,normal,0
2026-09-10T02:29:00+00:00,server03,29.16,45.77,66.36,172.63,cooling_fault,1
2026-09-10T02:29:10+00:00,server03,17.22,68.02,59.07,140.62,cooling_fault,1
2026-09-10T02:29:20+00:00,server03,25.41,77.97,35.57,166.92,normal,0
2026-09-10T02:29:30+00:00,server03,65.81,46.92,77.73,258.52,cooling_fault,1
2026-09-10T02:29:40+00:00,server03,38.33,72.26,44.61,201.74,normal,0
2026-09-10T02:29:50+00:00,server03,61.14,71.72,49.23,252.02,normal,0
2026-09-10T02:30:00+00:00,server03,55.15,33.81,48.44,226.86,normal,0
2026-09-10T02:30:10+00:00,server03,92.7,90.43,68.78,332.22,overload,1
2026-09-10T02:30:20+00:00,server03,55.23,87.84,51.19,216.6,normal,0
2026-09-10T02:30:30+00:00,server03,28.5,51.91,36.58,158.06,normal,0
2026-09-10T02:30:40+00:00,server03,73.43,53.65,59.14,265.59,normal,0
2026-09-10T02:30:50+00:00,server03,53.12,49.92,46.81,212.95,normal,0
2026-09-10T02:31:00+00:00,server03,97.79,91.8,61.44,343.32,overload,1
2026-09-10T02:31:10+00:00,server03,33.32,77.02,41.48,173.36,normal,0
2026-09-10T02:31:20+00:00,server03,95.47,94.55,64.84,343.01,overload,1
2026-09-10T02:31:30+00:00,server03,55.5,59.81,55.61,240.74,normal,0
2026-09-10T02:31:40+00:00,server03,96.39,91.98,67.12,340.09,overload,1
2026-09-10T02:31:50+00:00,server03,48.76,40.51,50.24,214.64,normal,0
2026-09-10T02:32:00+00:00,server03,31.11,40.59,40.76,161.39,normal,0
2026-09-10T02:32:10+00:00,server03,59.07,43.86,48.0,237.24,normal,0
2026-09-10T02:32:20+00:00,server03,95.61,99.23,61.12,338.16,overload,1
2026-09-10T02:32:30+00:00,server03,85.49,71.38,60.24,307.65,normal,0
2026-09-10T02:32:40+00:00,server03,20.03,71.44,30.78,160.24,normal,0
2026-09-10T02:32:50+00:00,server03,34.06,42.52,47.61,185.8,normal,0
2026-09-10T02:33:00+00:00,server03,10.48,45.31,34.07,113.35,normal,0
2026-09-10T02:33:10+00:00,server03,84.04,53.57,56.27,286.82,normal,0
2026-09-10T02:33:20+00:00,server03,90.12,58.7,56.68,319.41,normal,0
2026-09-10T02:33:30+00:00,server03,42.3,49.93,49.96,197.88,normal,0
2026-09-10T02:33:40+00:00,server03,97.68,99.28,63.56,346.98,overload,1
2026-09-10T02:33:50+00:00,server03,84.21,62.96,58.49,299.73,normal,0
2026-09-10T02:34:00+00:00,server03,37.88,46.11,41.03,177.52,normal,0
2026-09-10T02:34:10+00:00,server03,38.47,67.26,45.1,188.15,normal,0
2026-09-10T02:34:20+00:00,server03,47.44,79.89,47.56,201.24,normal,0
2026-09-10T02:34:30+00:00,server03,68.25,48.58,50.99,245.82,normal,0
2026-09-10T02:34:40+00:00,server03,28.09,36.05,40.64,145.13,normal,0
2026-09-10T02:34:50+00:00,server03,36.23,61.96,41.52,185.68,normal,0
2026-09-10T02:35:00+00:00,server03,10.26,43.57,31.85,112.81,normal,0
2026-09-10T02:35:10+00:00,server03,83.87,66.55,80.62,291.7,cooling_fault,1
2026-09-10T02:35:20+00:00,server03,51.61,39.58,72.42,216.45,cooling_fault,1
2026-09-10T02:35:30+00:00,server03,17.22,72.33,37.39,149.79,normal,0
2026-09-10T02:35:40+00:00,server03,79.75,78.77,61.91,313.63,normal,0
2026-09-10T02:35:50+00:00,server03,24.58,67.71,40.73,174.66,normal,0
2026-09-10T02:36:00+00:00,server03,13.42,44.78,36.24,123.93,normal,0
2026-09-10T02:36:10+00:00,server03,41.74,66.9,45.23,201.47,normal,0
2026-09-10T02:36:20+00:00,server03,45.72,60.13,46.3,209.34,normal,0
2026-09-10T02:36:30+00:00,server03,44.24,46.49,51.1,197.67,normal,0
2026-09-10T02:36:40+00:00,server03,79.51,36.3,52.43,278.8,normal,0
2026-09-10T02:36:50+00:00,server03,30.27,64.44,42.35,164.84,normal,0
2026-09-10T02:37:00+00:00,server03,100.0,96.18,66.33,338.74,overload,1
2026-09-10T02:37:10+00:00,server03,100.0,95.97,63.69,347.49,overload,1
2026-09-10T02:37:20+00:00,server03,76.27,64.72,57.53,290.49,normal,0
2026-09-10T02:37:30+00:00,server03,25.16,47.49,37.12,153.13,normal,0
2026-09-10T02:37:40+00:00,server03,79.06,67.55,58.03,279.12,normal,0
2026-09-10T02:37:50+00:00,server03,37.48,79.46,38.3,196.86,normal,0
2026-09-10T02:38:00+00:00,server03,84.53,64.99,62.65,301.89,normal,0
2026-09-10T02:38:10+00:00,server03,93.02,58.68,65.56,323.51,normal,0
2026-09-10T02:38:20+00:00,server03,77.91,70.23,53.99,280.49,normal,0
2026-09-10T02:38:30+00:00,server03,81.51,33.2,62.58,276.79,normal,0
2026-09-10T02:38:40+00:00,server03,94.14,94.11,60.3,339.89,overload,1
2026-09-10T02:38:50+00:00,server03,83.22,45.86,65.53,278.25,normal,0
2026-09-10T02:39:00+00:00,server03,82.08,62.11,59.75,299.08,normal,0
2026-09-10T02:39:10+00:00,server03,75.48,40.51,58.87,278.58,normal,0
2026-09-10T02:39:20+00:00,server03,18.74,59.96,32.88,157.14,normal,0
2026-09-10T02:39:30+00:00,server03,36.57,51.15,41.51,189.24,normal,0
2026-09-10T02:39:40+00:00,server03,35.89,42.76,42.04,172.8,normal,0
2026-09-10T02:39:50+00:00,server03,95.64,100.0,62.7,322.54,overload,1
2026-09-10T02:40:00+00:00,server03,97.35,94.61,62.76,334.44,overload,1
2026-09-10T02:40:10+00:00,server03,31.61,28.93,42.05,174.19,normal,0
2026-09-10T02:40:20+00:00,server03,93.3,92.03,59.9,343.69,overload,1
2026-09-10T02:40:30+00:00,server03,83.88,60.76,59.78,295.94,normal,0
2026-09-10T02:40:40+00:00,server03,79.9,71.3,58.71,296.98,normal,0
2026-09-10T02:40:50+00:00,server03,96.98,93.59,63.33,350.16,overload,1
2026-09-10T02:41:00+00:00,server03,92.33,94.38,64.83,344.97,overload,1
2026-09-10T02:41:10+00:00,server03,93.61,98.83,62.94,342.67,overload,1
2026-09-10T02:41:20+00:00,server03,92.97,63.25,65.56,321.94,normal,0
2026-09-10T02:41:30+00:00,server03,80.4,65.25,58.77,285.16,normal,0
2026-09-10T02:41:40+00:00,server03,85.49,46.62,59.93,285.17,normal,0
2026-09-10T02:41:50+00:00,server03,63.22,38.51,44.75,251.51,normal,0
2026-09-10T02:42:00+00:00,server03,74.63,67.95,58.7,281.05,normal,0
2026-09-10T02:42:10+00:00,server03,25.59,61.31,43.15,159.0,normal,0
2026-09-10T02:42:20+00:00,server03,77.61,60.71,64.38,297.7,normal,0
2026-09-10T02:42:30+00:00,server03,80.48,87.88,57.92,297.69,normal,0
2026-09-10T02:42:40+00:00,server03,12.08,38.75,35.45,111.32,normal,0
2026-09-10T02:42:50+00:00,server03,49.47,89.2,44.25,237.88,normal,0
2026-09-10T02:43:00+00:00,server03,87.59,45.53,83.86,299.74,cooling_fault,1
2026-09-10T02:43:10+00:00,server03,47.53,48.36,72.1,217.89,cooling_fault,1
2026-09-10T02:43:20+00:00,server03,77.91,32.83,55.97,282.52,normal,0
2026-09-10T02:43:30+00:00,server03,24.89,69.01,37.12,154.22,normal,0
2026-09-10T02:43:40+00:00,server03,52.56,47.16,46.73,211.74,normal,0
2026-09-10T02:43:50+00:00,server03,74.2,49.06,59.27,274.76,normal,0
2026-09-10T02:44:00+00:00,server03,48.22,45.82,41.93,202.06,normal,0
2026-09-10T02:44:10+00:00,server03,36.48,69.72,71.65,206.15,cooling_fault,1
2026-09-10T02:44:20+00:00,server03,100.0,99.77,64.58,353.72,overload,1
2026-09-10T02:44:30+00:00,server03,63.46,52.95,50.33,229.32,normal,0
2026-09-10T02:44:40+00:00,server03,26.61,38.87,40.58,143.92,normal,0
2026-09-10T02:44:50+00:00,server03,44.06,49.0,45.23,190.92,normal,0
2026-09-10T02:45:00+00:00,server03,85.93,58.93,61.58,298.77,normal,0
2026-09-10T02:45:10+00:00,server03,49.03,65.33,45.56,220.55,normal,0
2026-09-10T02:45:20+00:00,server03,49.42,46.53,66.34,202.03,cooling_fault,1
2026-09-10T02:45:30+00:00,server03,15.95,44.07,33.79,126.57,normal,0
2026-09-10T02:45:40+00:00,server03,73.88,35.8,59.11,266.9,normal,0
2026-09-10T02:45:50+00:00,server03,18.34,78.85,40.59,144.38,normal,0
2026-09-10T02:46:00+00:00,server03,83.07,41.35,59.07,291.93,normal,0
2026-09-10T02:46:10+00:00,server03,62.8,51.11,52.18,241.04,normal,0
2026-09-10T02:46:20+00:00,server03,75.75,54.96,56.47,284.72,normal,0
2026-09-10T02:46:30+00:00,server03,67.83,54.85,54.43,257.32,normal,0
2026-09-10T00:00:00+00:00,server04,73.33,55.78,55.19,271.24,normal,0
2026-09-10T00:00:10+00:00,server04,96.09,94.83,61.96,345.19,overload,1
2026-09-10T00:00:20+00:00,server04,62.94,45.95,54.03,229.58,normal,0
2026-09-10T00:00:30+00:00,server04,91.63,92.05,63.07,322.55,overload,1
2026-09-10T00:00:40+00:00,server04,94.55,97.19,60.29,335.63,overload,1
2026-09-10T00:00:50+00:00,server04,83.68,86.68,61.75,313.62,normal,0
2026-09-10T00:01:00+00:00,server04,25.83,45.84,39.75,148.23,normal,0
2026-09-10T00:01:10+00:00,server04,51.36,56.91,71.14,218.49,cooling_fault,1
2026-09-10T00:01:20+00:00,server04,19.36,59.69,33.63,136.23,normal,0
2026-09-10T00:01:30+00:00,server04,15.69,37.74,38.83,128.25,normal,0
2026-09-10T00:01:40+00:00,server04,77.51,81.23,52.96,284.54,normal,0
2026-09-10T00:01:50+00:00,server04,90.51,43.13,64.57,318.25,normal,0
2026-09-10T00:02:00+00:00,server04,23.23,48.13,64.27,139.7,cooling_fault,1
2026-09-10T00:02:10+00:00,server04,71.63,51.46,56.14,276.84,normal,0
2026-09-10T00:02:20+00:00,server04,26.68,28.97,38.39,156.72,normal,0
2026-09-10T00:02:30+00:00,server04,100.0,99.89,63.02,348.67,overload,1
2026-09-10T00:02:40+00:00,server04,95.41,94.32,66.26,330.18,overload,1
2026-09-10T00:02:50+00:00,server04,72.6,39.58,53.44,267.61,normal,0
2026-09-10T00:03:00+00:00,server04,18.09,41.06,32.99,131.31,normal,0
2026-09-10T00:03:10+00:00,server04,88.69,40.16,59.97,300.55,normal,0
2026-09-10T00:03:20+00:00,server04,32.58,70.76,37.95,179.03,normal,0
2026-09-10T00:03:30+00:00,server04,29.71,53.99,45.6,160.67,normal,0
2026-09-10T00:03:40+00:00,server04,92.06,90.62,59.86,324.54,overload,1
2026-09-10T00:03:50+00:00,server04,53.97,30.28,47.01,222.61,normal,0
2026-09-10T00:04:00+00:00,server04,33.81,59.39,39.49,181.69,normal,0
2026-09-10T00:04:10+00:00,server04,18.18,60.49,36.53,150.77,normal,0
2026-09-10T00:04:20+00:00,server04,34.67,75.59,47.66,180.34,normal,0
2026-09-10T00:04:30+00:00,server04,99.14,94.77,66.48,352.6,overload,1
2026-09-10T00:04:40+00:00,server04,35.34,54.91,38.72,173.38,normal,0
2026-09-10T00:04:50+00:00,server04,72.8,69.42,57.73,279.08,normal,0
2026-09-10T00:05:00+00:00,server04,83.73,61.19,60.14,302.58,normal,0
2026-09-10T00:05:10+00:00,server04,91.79,92.63,59.04,336.93,overload,1
2026-09-10T00:05:20+00:00,server04,20.53,78.47,37.45,160.91,normal,0
2026-09-10T00:05:30+00:00,server04,28.28,58.15,35.81,164.48,normal,0
2026-09-10T00:05:40+00:00,server04,32.76,64.87,66.2,173.31,cooling_fault,1
2026-09-10T00:05:50+00:00,server04,57.37,58.07,44.2,228.88,normal,0
2026-09-10T00:06:00+00:00,server04,22.42,72.96,34.29,161.32,normal,0
2026-09-10T00:06:10+00:00,server04,30.64,57.0,43.3,159.68,normal,0
2026-09-10T00:06:20+00:00,server04,10.81,60.98,37.07,119.69,normal,0
2026-09-10T00:06:30+00:00,server04,53.25,53.03,48.42,216.88,normal,0
2026-09-10T00:06:40+00:00,server04,77.11,48.4,58.99,287.81,normal,0
2026-09-10T00:06:50+00:00,server04,92.87,95.3,59.77,332.26,overload,1
2026-09-10T00:07:00+00:00,server04,62.33,66.75,81.43,258.02,cooling_fault,1
2026-09-10T00:07:10+00:00,server04,87.05,81.13,59.97,302.43,normal,0
2026-09-10T00:07:20+00:00,server04,32.58,77.59,67.38,181.31,cooling_fault,1
2026-09-10T00:07:30+00:00,server04,90.58,46.22,59.04,293.7,normal,0
2026-09-10T00:07:40+00:00,server04,67.27,68.58,54.71,266.89,normal,0
2026-09-10T00:07:50+00:00,server04,93.71,95.27,65.56,333.08,overload,1
2026-09-10T00:08:00+00:00,server04,28.96,58.06,38.47,166.35,normal,0
2026-09-10T00:08:10+00:00,server04,55.26,59.41,51.01,246.17,normal,0
2026-09-10T00:08:20+00:00,server04,18.24,42.72,31.58,136.49,normal,0
2026-09-10T00:08:30+00:00,server04,80.2,73.17,50.46,304.46,normal,0
2026-09-10T00:08:40+00:00,server04,91.37,97.17,62.49,331.48,overload,1
2026-09-10T00:08:50+00:00,server04,67.19,32.91,53.09,238.18,normal,0
2026-09-10T00:09:00+00:00,server04,60.44,36.38,49.14,228.92,normal,0
2026-09-10T00:09:10+00:00,server04,77.67,48.35,59.14,289.43,normal,0
2026-09-10T00:09:20+00:00,server04,17.28,75.79,40.45,156.63,normal,0
2026-09-10T00:09:30+00:00,server04,58.52,40.24,47.18,232.61,normal,0
2026-09-10T00:09:40+00:00,server04,62.96,47.72,51.92,244.58,normal,0
2026-09-10T00:09:50+00:00,server04,47.4,60.44,47.02,214.76,normal,0
2026-09-10T00:10:00+00:00,server04,90.24,42.42,90.17,311.35,cooling_fault,1
2026-09-10T00:10:10+00:00,server04,54.14,60.17,52.2,219.62,normal,0
2026-09-10T00:10:20+00:00,server04,53.23,47.41,47.02,213.97,normal,0
2026-09-10T00:10:30+00:00,server04,57.05,84.71,45.11,234.72,normal,0
2026-09-10T00:10:40+00:00,server04,42.11,67.52,44.43,196.68,normal,0
2026-09-10T00:10:50+00:00,server04,83.68,37.85,62.13,301.72,normal,0
2026-09-10T00:11:00+00:00,server04,86.75,21.16,58.46,305.15,normal,0
2026-09-10T00:11:10+00:00,server04,100.0,94.29,61.11,347.96,overload,1
2026-09-10T00:11:20+00:00,server04,90.9,58.42,61.87,316.27,normal,0
2026-09-10T00:11:30+00:00,server04,94.24,44.13,59.81,330.39,normal,0
2026-09-10T00:11:40+00:00,server04,28.2,26.34,38.12,163.35,normal,0
2026-09-10T00:11:50+00:00,server04,18.57,61.4,36.7,141.27,normal,0
2026-09-10T00:12:00+00:00,server04,10.24,46.27,40.89,116.54,normal,0
2026-09-10T00:12:10+00:00,server04,13.01,81.65,29.64,138.6,normal,0
2026-09-10T00:12:20+00:00,server04,28.37,42.71,40.88,153.98,normal,0
2026-09-10T00:12:30+00:00,server04,30.32,57.56,36.25,163.27,normal,0
2026-09-10T00:12:40+00:00,server04,44.48,57.28,46.51,217.79,normal,0
2026-09-10T00:12:50+00:00,server04,91.27,72.31,65.73,322.59,normal,0
2026-09-10T00:13:00+00:00,server04,97.87,94.37,58.09,347.7,overload,1
2026-09-10T00:13:10+00:00,server04,48.27,44.04,47.57,211.03,normal,0
2026-09-10T00:13:20+00:00,server04,84.95,55.56,60.37,306.46,normal,0
2026-09-10T00:13:30+00:00,server04,46.59,52.42,45.04,203.03,normal,0
2026-09-10T00:13:40+00:00,server04,10.33,62.19,33.15,123.39,normal,0
2026-09-10T00:13:50+00:00,server04,61.38,48.7,47.97,241.2,normal,0
2026-09-10T00:14:00+00:00,server04,92.52,96.95,65.85,312.2,overload,1
2026-09-10T00:14:10+00:00,server04,67.79,50.99,51.79,253.27,normal,0
2026-09-10T00:14:20+00:00,server04,64.56,47.64,76.22,258.76,cooling_fault,1
2026-09-10T00:14:30+00:00,server04,30.69,73.1,64.97,172.48,cooling_fault,1
2026-09-10T00:14:40+00:00,server04,55.52,47.14,50.95,219.68,normal,0
2026-09-10T00:14:50+00:00,server04,73.48,72.58,55.19,283.49,normal,0
2026-09-10T00:15:00+00:00,server04,78.15,54.88,58.52,276.34,normal,0
2026-09-10T00:15:10+00:00,server04,31.69,44.8,45.37,172.49,normal,0
2026-09-10T00:15:20+00:00,server04,76.95,57.0,56.73,283.96,normal,0
2026-09-10T00:15:30+00:00,server04,62.66,22.74,50.81,241.68,normal,0
2026-09-10T00:15:40+00:00,server04,80.36,54.3,62.2,298.36,normal,0
2026-09-10T00:15:50+00:00,server04,36.19,55.26,72.56,185.61,cooling_fault,1
2026-09-10T00:16:00+00:00,server04,70.57,83.78,52.33,258.55,normal,0
2026-09-10T00:16:10+00:00,server04,88.66,91.74,68.71,317.26,overload,1
2026-09-10T00:16:20+00:00,server04,96.08,92.31,66.22,331.16,overload,1
2026-09-10T00:16:30+00:00,server04,88.69,93.99,62.55,319.89,normal,0
2026-09-10T00:16:40+00:00,server04,68.99,43.59,51.78,272.07,normal,0
2026-09-10T00:16:50+00:00,server04,20.23,37.51,65.79,137.79,cooling_fault,1
2026-09-10T00:17:00+00:00,server04,61.82,43.34,53.53,236.02,normal,0
2026-09-10T00:17:10+00:00,server04,53.7,51.38,51.26,230.29,normal,0
2026-09-10T00:17:20+00:00,server04,33.49,78.99,43.49,180.95,normal,0
2026-09-10T00:17:30+00:00,server04,94.45,56.73,62.57,324.61,normal,0
2026-09-10T00:17:40+00:00,server04,10.5,73.06,37.45,131.37,normal,0
2026-09-10T00:17:50+00:00,server04,10.24,65.35,62.6,132.34,cooling_fault,1
2026-09-10T00:18:00+00:00,server04,97.89,100.0,62.64,343.7,overload,1
2026-09-10T00:18:10+00:00,server04,59.88,25.17,55.08,223.05,normal,0
2026-09-10T00:18:20+00:00,server04,94.96,71.01,65.1,322.91,normal,0
2026-09-10T00:18:30+00:00,server04,85.53,44.49,58.21,299.99,normal,0
2026-09-10T00:18:40+00:00,server04,13.83,40.13,34.91,129.54,normal,0
2026-09-10T00:18:50+00:00,server04,58.07,50.23,53.85,250.22,normal,0
2026-09-10T00:19:00+00:00,server04,93.78,96.14,61.09,327.85,overload,1
2026-09-10T00:19:10+00:00,server04,63.04,35.36,56.56,237.29,normal,0
2026-09-10T00:19:20+00:00,server04,50.87,59.88,46.91,225.81,normal,0
2026-09-10T00:19:30+00:00,server04,37.11,51.93,45.57,173.49,normal,0
2026-09-10T00:19:40+00:00,server04,46.9,54.15,41.83,203.27,normal,0
2026-09-10T00:19:50+00:00,server04,38.69,40.14,39.68,186.88,normal,0
2026-09-10T00:20:00+00:00,server04,21.11,54.42,41.26,154.02,normal,0
2026-09-10T00:20:10+00:00,server04,61.18,61.84,47.33,240.38,normal,0
2026-09-10T00:20:20+00:00,server04,36.59,61.56,37.02,176.62,normal,0
2026-09-10T00:20:30+00:00,server04,32.1,36.24,40.5,182.05,normal,0
2026-09-10T00:20:40+00:00,server04,74.55,39.74,74.54,261.02,cooling_fault,1
2026-09-10T00:20:50+00:00,server04,84.93,60.76,56.83,303.25,normal,0
2026-09-10T00:21:00+00:00,server04,50.72,66.56,47.23,227.6,normal,0
2026-09-10T00:21:10+00:00,server04,90.8,77.23,60.15,316.81,normal,0
2026-09-10T00:21:20+00:00,server04,86.42,38.33,59.39,303.1,normal,0
2026-09-10T00:21:30+00:00,server04,46.32,50.14,48.29,214.66,normal,0
2026-09-10T00:21:40+00:00,server04,89.18,69.08,63.83,336.18,normal,0
2026-09-10T00:21:50+00:00,server04,63.57,41.32,51.47,242.32,normal,0
2026-09-10T00:22:00+00:00,server04,93.9,98.58,58.7,321.87,overload,1
2026-09-10T00:22:10+00:00,server04,37.08,36.13,41.07,173.74,normal,0
2026-09-10T00:22:20+00:00,server04,58.28,46.91,50.38,242.06,normal,0
2026-09-10T00:22:30+00:00,server04,63.87,58.38,76.62,254.65,cooling_fault,1
2026-09-10T00:22:40+00:00,server04,79.36,26.67,57.07,281.18,normal,0
2026-09-10T00:22:50+00:00,server04,72.99,35.51,57.97,259.78,normal,0
2026-09-10T00:23:00+00:00,server04,98.57,96.38,64.15,338.16,overload,1
2026-09-10T00:23:10+00:00,server04,52.24,30.78,43.59,209.59,normal,0
2026-09-10T00:23:20+00:00,server04,86.64,64.64,63.59,309.57,normal,0
2026-09-10T00:23:30+00:00,server04,64.83,55.14,48.81,243.91,normal,0
2026-09-10T00:23:40+00:00,server04,10.99,58.48,29.5,124.5,normal,0
2026-09-10T00:23:50+00:00,server04,25.12,45.62,35.43,158.82,normal,0
2026-09-10T00:24:00+00:00,server04,98.45,93.67,63.24,359.36,overload,1
2026-09-10T00:24:10+00:00,server04,92.88,79.82,64.81,324.22,normal,0
2026-09-10T00:24:20+00:00,server04,14.5,44.41,33.91,123.55,normal,0
2026-09-10T00:24:30+00:00,server04,48.71,43.4,46.96,198.38,normal,0
2026-09-10T00:24:40+00:00,server04,92.53,91.46,62.06,337.97,overload,1
2026-09-10T00:24:50+00:00,server04,17.22,53.05,35.02,143.58,normal,0
2026-09-10T00:25:00+00:00,server04,15.48,73.54,32.89,133.66,normal,0
2026-09-10T00:25:10+00:00,server04,60.83,47.96,55.2,232.03,normal,0
2026-09-10T00:25:20+00:00,server04,73.65,44.53,54.48,287.02,normal,0
2026-09-10T00:25:30+00:00,server04,17.11,85.89,33.26,141.32,normal,0
2026-09-10T00:25:40+00:00,server04,54.98,70.43,45.3,238.31,normal,0
2026-09-10T00:25:50+00:00,server04,29.33,58.58,40.95,168.4,normal,0
2026-09-10T00:26:00+00:00,server04,70.12,77.05,50.97,283.41,normal,0
2026-09-10T00:26:10+00:00,server04,64.79,29.97,72.14,240.79,cooling_fault,1
2026-09-10T00:26:20+00:00,server04,63.2,45.74,74.38,234.81,cooling_fault,1
2026-09-10T00:26:30+00:00,server04,32.15,86.5,43.14,189.76,normal,0
2026-09-10T00:26:40+00:00,server04,16.47,41.9,31.66,139.38,normal,0
2026-09-10T00:26:50+00:00,server04,77.84,57.04,56.36,274.56,normal,0
2026-09-10T00:27:00+00:00,server04,75.67,68.53,78.62,287.09,cooling_fault,1
2026-09-10T00:27:10+00:00,server04,46.01,66.78,47.82,225.64,normal,0
2026-09-10T00:27:20+00:00,server04,46.01,54.46,43.78,197.09,normal,0
2026-09-10T00:27:30+00:00,server04,39.53,66.19,45.08,202.08,normal,0
2026-09-10T00:27:40+00:00,server04,12.44,60.68,33.48,118.2,normal,0
2026-09-10T00:27:50+00:00,server04,66.85,40.1,52.67,262.48,normal,0
2026-09-10T00:28:00+00:00,server04,15.35,41.33,36.17,123.83,normal,0
2026-09-10T00:28:10+00:00,server04,96.37,92.88,62.83,339.88,overload,1
2026-09-10T00:28:20+00:00,server04,34.63,54.98,37.99,176.87,normal,0
2026-09-10T00:28:30+00:00,server04,90.7,65.09,61.84,315.46,normal,0
2026-09-10T00:28:40+00:00,server04,68.99,44.87,84.08,273.68,cooling_fault,1
2026-09-10T00:28:50+00:00,server04,31.63,61.87,43.52,184.67,normal,0
2026-09-10T00:29:00+00:00,server04,81.52,61.9,85.62,286.87,cooling_fault,1
2026-09-10T00:29:10+00:00,server04,45.03,37.17,40.81,195.83,normal,0
2026-09-10T00:29:20+00:00,server04,96.32,96.67,64.27,338.1,overload,1
2026-09-10T00:29:30+00:00,server04,77.41,53.47,55.79,280.32,normal,0
2026-09-10T00:29:40+00:00,server04,12.29,46.56,33.44,128.72,normal,0
2026-09-10T00:29:50+00:00,server04,70.4,73.18,60.51,275.38,normal,0
2026-09-10T00:30:00+00:00,server04,56.83,67.39,72.26,224.84,cooling_fault,1
2026-09-10T00:30:10+00:00,server04,28.52,61.58,37.34,175.94,normal,0
2026-09-10T00:30:20+00:00,server04,29.52,73.7,40.35,190.83,normal,0
2026-09-10T00:30:30+00:00,server04,80.48,56.04,57.71,287.97,normal,0
2026-09-10T00:30:40+00:00,server04,25.38,34.21,53.78,148.43,cooling_fault,1
2026-09-10T00:30:50+00:00,server04,16.26,8.45,33.14,120.18,normal,0
2026-09-10T00:31:00+00:00,server04,77.31,75.89,84.13,296.53,cooling_fault,1
2026-09-10T00:31:10+00:00,server04,73.14,61.59,84.58,270.52,cooling_fault,1
2026-09-10T00:31:20+00:00,server04,88.44,32.78,81.6,296.75,cooling_fault,1
2026-09-10T00:31:30+00:00,server04,21.74,70.49,34.84,145.52,normal,0
2026-09-10T00:31:40+00:00,server04,33.42,45.95,36.13,176.32,normal,0
2026-09-10T00:31:50+00:00,server04,58.92,70.33,50.44,228.39,normal,0
2026-09-10T00:32:00+00:00,server04,31.01,50.25,42.11,184.29,normal,0
2026-09-10T00:32:10+00:00,server04,55.24,41.56,45.53,225.81,normal,0
2026-09-10T00:32:20+00:00,server04,72.64,55.27,51.81,271.01,normal,0
2026-09-10T00:32:30+00:00,server04,66.33,57.66,51.63,257.02,normal,0
2026-09-10T00:32:40+00:00,server04,30.31,53.51,41.26,158.26,normal,0
2026-09-10T00:32:50+00:00,server04,47.07,67.63,46.75,225.08,normal,0
2026-09-10T00:33:00+00:00,server04,21.73,36.7,68.36,149.32,cooling_fault,1
2026-09-10T00:33:10+00:00,server04,18.25,35.7,56.25,111.6,cooling_fault,1
2026-09-10T00:33:20+00:00,server04,56.68,56.47,69.94,232.27,cooling_fault,1
2026-09-10T00:33:30+00:00,server04,38.64,59.09,45.51,189.47,normal,0
2026-09-10T00:33:40+00:00,server04,97.9,91.44,68.43,352.18,overload,1
2026-09-10T00:33:50+00:00,server04,21.99,79.88,32.8,166.66,normal,0
2026-09-10T00:34:00+00:00,server04,99.29,95.36,61.02,342.92,overload,1
2026-09-10T00:34:10+00:00,server04,33.75,45.68,64.3,179.85,cooling_fault,1
2026-09-10T00:34:20+00:00,server04,89.58,100.0,61.96,329.63,overload,1
2026-09-10T00:34:30+00:00,server04,20.67,57.89,34.09,140.54,normal,0
2026-09-10T00:34:40+00:00,server04,93.66,61.62,61.67,315.58,normal,0
2026-09-10T00:34:50+00:00,server04,67.46,38.05,53.05,247.18,normal,0
2026-09-10T00:35:00+00:00,server04,38.92,63.33,44.33,191.42,normal,0
2026-09-10T00:35:10+00:00,server04,46.19,53.32,44.68,218.7,normal,0
2026-09-10T00:35:20+00:00,server04,26.17,73.4,43.02,170.35,normal,0
2026-09-10T00:35:30+00:00,server04,95.81,94.27,57.03,343.97,overload,1
2026-09-10T00:35:40+00:00,server04,69.91,53.24,82.13,252.73,cooling_fault,1
2026-09-10T00:35:50+00:00,server04,94.77,52.98,60.85,316.13,normal,0
2026-09-10T00:36:00+00:00,server04,94.72,90.7,70.79,334.25,overload,1
2026-09-10T00:36:10+00:00,server04,59.59,52.4,50.33,249.16,normal,0
2026-09-10T00:36:20+00:00,server04,61.6,48.51,52.84,250.56,normal,0
2026-09-10T00:36:30+00:00,server04,19.5,50.92,36.81,122.23,normal,0
2026-09-10T00:36:40+00:00,server04,67.41,68.45,53.33,275.91,normal,0
2026-09-10T00:36:50+00:00,server04,46.79,47.98,43.01,211.66,normal,0
2026-09-10T00:37:00+00:00,server04,51.9,48.78,47.99,201.76,normal,0
2026-09-10T00:37:10+00:00,server04,74.77,38.49,55.86,268.94,normal,0
2026-09-10T00:37:20+00:00,server04,36.61,59.97,39.54,181.39,normal,0
2026-09-10T00:37:30+00:00,server04,45.61,54.91,46.96,201.99,normal,0
2026-09-10T00:37:40+00:00,server04,64.61,53.54,53.7,252.94,normal,0
2026-09-10T00:37:50+00:00,server04,96.95,96.41,62.96,333.05,overload,1
2026-09-10T00:38:00+00:00,server04,37.99,81.44,59.45,205.16,cooling_fault,1
2026-09-10T00:38:10+00:00,server04,27.13,21.96,38.79,163.34,normal,0
2026-09-10T00:38:20+00:00,server04,94.99,89.17,59.28,345.84,overload,1
2026-09-10T00:38:30+00:00,server04,45.42,26.99,46.75,186.68,normal,0
2026-09-10T00:38:40+00:00,server04,94.74,95.88,61.43,323.56,overload,1
2026-09-10T00:38:50+00:00,server04,35.85,60.91,42.64,191.49,normal,0
2026-09-10T00:39:00+00:00,server04,74.59,47.8,58.98,275.69,normal,0
2026-09-10T00:39:10+00:00,server04,50.74,71.57,45.53,223.83,normal,0
2026-09-10T00:39:20+00:00,server04,71.23,79.17,77.78,283.27,cooling_fault,1
2026-09-10T00:39:30+00:00,server04,37.72,85.31,42.37,196.27,normal,0
2026-09-10T00:39:40+00:00,server04,80.72,46.59,61.32,274.51,normal,0
2026-09-10T00:39:50+00:00,server04,88.11,65.96,60.8,306.97,normal,0
2026-09-10T00:40:00+00:00,server04,29.23,67.57,61.03,168.27,cooling_fault,1
2026-09-10T00:40:10+00:00,server04,18.89,54.86,35.88,143.99,normal,0
2026-09-10T00:40:20+00:00,server04,27.44,49.37,37.46,147.85,normal,0
2026-09-10T00:40:30+00:00,server04,85.95,57.1,58.0,304.04,normal,0
2026-09-10T00:40:40+00:00,server04,95.21,96.33,60.93,338.17,overload,1
2026-09-10T00:40:50+00:00,server04,93.9,74.91,63.72,328.09,normal,0
2026-09-10T00:41:00+00:00,server04,28.22,34.83,39.37,157.3,normal,0
2026-09-10T00:41:10+00:00,server04,99.94,92.94,67.44,343.93,overload,1
2026-09-10T00:41:20+00:00,server04,98.42,98.73,62.97,353.94,overload,1
2026-09-10T00:41:30+00:00,server04,93.63,54.62,62.76,304.8,normal,0
2026-09-10T00:41:40+00:00,server04,56.68,48.6,51.98,230.88,normal,0
2026-09-10T00:41:50+00:00,server04,77.46,41.02,57.28,291.01,normal,0
2026-09-10T00:42:00+00:00,server04,21.12,88.84,40.87,163.88,normal,0
2026-09-10T00:42:10+00:00,server04,28.12,66.44,33.29,170.58,normal,0
2026-09-10T00:42:20+00:00,server04,37.2,52.07,38.35,170.47,normal,0
2026-09-10T00:42:30+00:00,server04,55.74,18.8,47.78,226.46,normal,0
2026-09-10T00:42:40+00:00,server04,79.2,70.75,53.65,290.16,normal,0
2026-09-10T00:42:50+00:00,server04,17.62,33.19,33.75,127.12,normal,0
2026-09-10T00:43:00+00:00,server04,78.74,62.7,59.81,285.65,normal,0
2026-09-10T00:43:10+00:00,server04,84.93,48.38,65.42,279.71,normal,0
2026-09-10T00:43:20+00:00,server04,39.1,60.74,42.89,180.57,normal,0
2026-09-10T00:43:30+00:00,server04,51.02,68.39,51.5,236.09,normal,0
2026-09-10T00:43:40+00:00,server04,74.59,31.16,52.01,256.88,normal,0
2026-09-10T00:43:50+00:00,server04,55.19,56.2,50.01,228.87,normal,0
2026-09-10T00:44:00+00:00,server04,15.62,52.21,31.87,137.74,normal,0
2026-09-10T00:44:10+00:00,server04,53.72,53.13,51.47,226.62,normal,0
2026-09-10T00:44:20+00:00,server04,69.84,60.32,55.98,274.0,normal,0
2026-09-10T00:44:30+00:00,server04,17.07,29.13,35.62,127.52,normal,0
2026-09-10T00:44:40+00:00,server04,95.53,96.82,58.15,335.51,overload,1
2026-09-10T00:44:50+00:00,server04,94.92,45.0,63.44,322.33,normal,0
2026-09-10T00:45:00+00:00,server04,34.86,61.07,42.46,163.58,normal,0
2026-09-10T00:45:10+00:00,server04,25.12,63.82,42.45,151.56,normal,0
2026-09-10T00:45:20+00:00,server04,20.89,78.88,37.32,137.43,normal,0
2026-09-10T00:45:30+00:00,server04,33.73,49.36,60.99,188.73,cooling_fault,1
2026-09-10T00:45:40+00:00,server04,20.08,48.53,34.25,153.31,normal,0
2026-09-10T00:45:50+00:00,server04,84.79,35.78,58.3,297.66,normal,0
2026-09-10T00:46:00+00:00,server04,68.54,48.69,54.19,270.93,normal,0
2026-09-10T00:46:10+00:00,server04,56.05,96.2,48.32,241.87,normal,0
2026-09-10T00:46:20+00:00,server04,11.69,56.17,36.85,128.14,normal,0
2026-09-10T00:46:30+00:00,server04,78.74,58.13,84.06,295.28,cooling_fault,1
2026-09-10T00:46:40+00:00,server04,52.13,47.31,47.19,209.6,normal,0
2026-09-10T00:46:50+00:00,server04,34.61,89.05,40.41,192.55,normal,0
2026-09-10T00:47:00+00:00,server04,79.14,88.28,62.26,294.51,normal,0
2026-09-10T00:47:10+00:00,server04,27.69,54.7,36.4,156.47,normal,0
2026-09-10T00:47:20+00:00,server04,30.8,51.89,66.82,179.06,cooling_fault,1
2026-09-10T00:47:30+00:00,server04,65.1,85.27,53.68,252.8,normal,0
2026-09-10T00:47:40+00:00,server04,19.52,16.8,62.54,128.91,cooling_fault,1
2026-09-10T00:47:50+00:00,server04,96.25,94.59,63.61,336.58,overload,1
2026-09-10T00:48:00+00:00,server04,40.25,44.64,46.67,191.86,normal,0
2026-09-10T00:48:10+00:00,server04,71.58,49.39,57.26,270.64,normal,0
2026-09-10T00:48:20+00:00,server04,83.8,44.88,57.88,287.33,normal,0
2026-09-10T00:48:30+00:00,server04,89.54,54.44,64.31,299.15,normal,0
2026-09-10T00:48:40+00:00,server04,41.51,48.6,41.39,204.46,normal,0
2026-09-10T00:48:50+00:00,server04,56.0,48.56,46.54,220.55,normal,0
2026-09-10T00:49:00+00:00,server04,19.41,61.19,35.67,143.42,normal,0
2026-09-10T00:49:10+00:00,server04,41.68,73.5,45.37,202.97,normal,0
2026-09-10T00:49:20+00:00,server04,78.75,48.8,55.03,291.9,normal,0
2026-09-10T00:49:30+00:00,server04,98.85,99.94,66.16,350.08,overload,1
2026-09-10T00:49:40+00:00,server04,43.17,38.64,44.27,207.62,normal,0
2026-09-10T00:49:50+00:00,server04,93.74,98.32,62.0,333.6,overload,1
2026-09-10T00:50:00+00:00,server04,16.4,32.97,31.57,133.9,normal,0
2026-09-10T00:50:10+00:00,server04,57.23,37.62,49.22,237.57,normal,0
2026-09-10T00:50:20+00:00,server04,61.37,37.14,50.38,241.15,normal,0
2026-09-10T00:50:30+00:00,server04,96.65,94.84,66.42,345.99,overload,1
2026-09-10T00:50:40+00:00,server04,94.32,54.63,88.96,327.17,cooling_fault,1
2026-09-10T00:50:50+00:00,server04,94.84,46.15,65.54,322.77,normal,0
2026-09-10T00:51:00+00:00,server04,86.14,49.74,62.35,304.53,normal,0
2026-09-10T00:51:10+00:00,server04,61.98,65.99,51.47,244.8,normal,0
2026-09-10T00:51:20+00:00,server04,57.68,31.09,51.32,232.98,normal,0
2026-09-10T00:51:30+00:00,server04,64.79,65.42,54.42,261.54,normal,0
2026-09-10T00:51:40+00:00,server04,58.64,28.0,53.8,234.76,normal,0
2026-09-10T00:51:50+00:00,server04,48.43,67.06,42.44,209.39,normal,0
2026-09-10T00:52:00+00:00,server04,87.24,80.19,59.81,306.51,normal,0
2026-09-10T00:52:10+00:00,server04,89.57,88.32,89.38,330.35,cooling_fault,1
2026-09-10T00:52:20+00:00,server04,84.39,65.49,58.02,299.84,normal,0
2026-09-10T00:52:30+00:00,server04,94.81,42.67,61.84,320.75,normal,0
2026-09-10T00:52:40+00:00,server04,70.57,59.27,54.16,260.52,normal,0
2026-09-10T00:52:50+00:00,server04,68.56,55.7,57.29,251.23,normal,0
2026-09-10T00:53:00+00:00,server04,53.13,61.18,46.34,235.01,normal,0
2026-09-10T00:53:10+00:00,server04,44.24,46.37,44.68,203.44,normal,0
2026-09-10T00:53:20+00:00,server04,31.65,44.33,38.77,165.58,normal,0
2026-09-10T00:53:30+00:00,server04,56.04,66.96,49.61,237.65,normal,0
2026-09-10T00:53:40+00:00,server04,30.83,51.76,39.66,161.2,normal,0
2026-09-10T00:53:50+00:00,server04,96.41,91.6,61.61,351.24,overload,1
2026-09-10T00:54:00+00:00,server04,43.35,37.51,42.92,193.71,normal,0
2026-09-10T00:54:10+00:00,server04,67.44,75.27,81.97,272.62,cooling_fault,1
2026-09-10T00:54:20+00:00,server04,66.95,62.01,56.05,273.32,normal,0
2026-09-10T00:54:30+00:00,server04,13.25,94.5,34.93,137.83,normal,0
2026-09-10T00:54:40+00:00,server04,68.35,56.01,48.74,256.6,normal,0
2026-09-10T00:54:50+00:00,server04,38.0,71.67,40.41,209.31,normal,0
2026-09-10T00:55:00+00:00,server04,77.46,30.73,55.25,283.52,normal,0
2026-09-10T00:55:10+00:00,server04,10.91,58.41,29.49,122.93,normal,0
2026-09-10T00:55:20+00:00,server04,47.31,53.12,51.25,199.41,normal,0
2026-09-10T00:55:30+00:00,server04,41.7,63.67,43.73,198.74,normal,0
2026-09-10T00:55:40+00:00,server04,32.75,57.96,41.52,166.7,normal,0
2026-09-10T00:55:50+00:00,server04,68.64,40.21,57.83,274.17,normal,0
2026-09-10T00:56:00+00:00,server04,91.82,51.02,86.86,318.92,cooling_fault,1
2026-09-10T00:56:10+00:00,server04,99.96,88.89,64.1,352.97,overload,1
2026-09-10T00:56:20+00:00,server04,76.84,63.9,61.45,273.25,normal,0
2026-09-10T00:56:30+00:00,server04,93.16,90.39,58.21,322.92,overload,1
2026-09-10T00:56:40+00:00,server04,95.06,95.09,60.41,341.75,overload,1
2026-09-10T00:56:50+00:00,server04,93.34,100.0,63.76,334.14,overload,1
2026-09-10T00:57:00+00:00,server04,24.01,82.86,39.96,166.81,normal,0
2026-09-10T00:57:10+00:00,server04,68.12,40.65,79.28,278.75,cooling_fault,1
2026-09-10T00:57:20+00:00,server04,42.76,59.07,44.28,198.72,normal,0
2026-09-10T00:57:30+00:00,server04,92.35,58.33,60.86,335.32,normal,0
2026-09-10T00:57:40+00:00,server04,13.49,44.96,37.52,131.74,normal,0
2026-09-10T00:57:50+00:00,server04,15.01,43.71,40.31,123.04,normal,0
2026-09-10T00:58:00+00:00,server04,58.22,70.13,48.32,233.07,normal,0
2026-09-10T00:58:10+00:00,server04,68.16,61.07,54.06,253.14,normal,0
2026-09-10T00:58:20+00:00,server04,27.09,64.65,41.96,164.23,normal,0
2026-09-10T00:58:30+00:00,server04,91.32,52.64,59.13,319.59,normal,0
2026-09-10T00:58:40+00:00,server04,64.27,46.02,50.39,246.04,normal,0
2026-09-10T00:58:50+00:00,server04,63.01,68.89,78.4,249.82,cooling_fault,1
2026-09-10T00:59:00+00:00,server04,66.55,20.81,47.52,244.67,normal,0
2026-09-10T00:59:10+00:00,server04,77.9,78.03,58.65,288.38,normal,0
2026-09-10T00:59:20+00:00,server04,81.31,62.69,56.13,289.54,normal,0
2026-09-10T00:59:30+00:00,server04,74.05,39.25,54.93,271.59,normal,0
2026-09-10T00:59:40+00:00,server04,48.63,47.4,46.86,206.97,normal,0
2026-09-10T00:59:50+00:00,server04,94.55,33.26,61.49,315.19,normal,0
2026-09-10T01:00:00+00:00,server04,53.35,61.28,50.72,221.36,normal,0
2026-09-10T01:00:10+00:00,server04,27.05,60.78,36.6,165.37,normal,0
2026-09-10T01:00:20+00:00,server04,93.53,58.76,65.91,312.42,normal,0
2026-09-10T01:00:30+00:00,server04,94.99,96.03,68.08,338.8,overload,1
2026-09-10T01:00:40+00:00,server04,94.54,79.69,64.63,334.39,normal,0
2026-09-10T01:00:50+00:00,server04,56.56,40.2,50.96,218.41,normal,0
2026-09-10T01:01:00+00:00,server04,77.87,6.14,56.21,261.53,normal,0
2026-09-10T01:01:10+00:00,server04,96.01,100.0,64.52,343.09,overload,1
2026-09-10T01:01:20+00:00,server04,17.88,61.81,37.1,147.14,normal,0
2026-09-10T01:01:30+00:00,server04,100.0,99.77,66.44,338.63,overload,1
2026-09-10T01:01:40+00:00,server04,33.89,63.01,61.73,198.05,cooling_fault,1
2026-09-10T01:01:50+00:00,server04,52.81,23.17,48.36,210.29,normal,0
2026-09-10T01:02:00+00:00,server04,54.75,72.08,46.09,230.77,normal,0
2026-09-10T01:02:10+00:00,server04,80.06,60.53,60.19,292.44,normal,0
2026-09-10T01:02:20+00:00,server04,39.56,60.83,48.67,179.76,normal,0
2026-09-10T01:02:30+00:00,server04,90.6,76.92,63.89,321.33,normal,0
2026-09-10T01:02:40+00:00,server04,89.58,49.18,57.34,321.63,normal,0
2026-09-10T01:02:50+00:00,server04,88.28,59.07,64.38,317.53,normal,0
2026-09-10T01:03:00+00:00,server04,84.33,70.24,60.7,296.36,normal,0
2026-09-10T01:03:10+00:00,server04,89.54,71.7,66.57,326.3,normal,0
2026-09-10T01:03:20+00:00,server04,84.26,76.99,59.37,295.0,normal,0
2026-09-10T01:03:30+00:00,server04,53.25,73.43,71.44,237.54,cooling_fault,1
2026-09-10T01:03:40+00:00,server04,77.68,53.52,58.57,291.05,normal,0
2026-09-10T01:03:50+00:00,server04,69.52,73.4,61.37,274.53,normal,0
2026-09-10T01:04:00+00:00,server04,68.73,82.44,56.27,269.51,normal,0
2026-09-10T01:04:10+00:00,server04,40.53,64.47,45.25,181.05,normal,0
2026-09-10T01:04:20+00:00,server04,81.28,75.31,59.08,293.97,normal,0
2026-09-10T01:04:30+00:00,server04,92.48,74.87,62.61,325.52,normal,0
2026-09-10T01:04:40+00:00,server04,32.48,80.47,39.86,187.28,normal,0
2026-09-10T01:04:50+00:00,server04,30.81,58.11,41.9,170.5,normal,0
2026-09-10T01:05:00+00:00,server04,65.6,58.99,50.29,244.31,normal,0
2026-09-10T01:05:10+00:00,server04,97.96,96.25,61.64,345.07,overload,1
2026-09-10T01:05:20+00:00,server04,27.03,55.95,69.82,151.46,cooling_fault,1
2026-09-10T01:05:30+00:00,server04,46.86,51.67,45.37,216.24,normal,0
2026-09-10T01:05:40+00:00,server04,70.66,53.52,56.14,271.55,normal,0
2026-09-10T01:05:50+00:00,server04,77.52,69.65,81.89,274.71,cooling_fault,1
2026-09-10T01:06:00+00:00,server04,53.94,71.37,44.69,229.89,normal,0
2026-09-10T01:06:10+00:00,server04,10.84,37.25,26.64,129.39,normal,0
2026-09-10T01:06:20+00:00,server04,79.67,68.93,59.68,289.32,normal,0
2026-09-10T01:06:30+00:00,server04,79.14,56.25,63.4,274.82,normal,0
2026-09-10T01:06:40+00:00,server04,69.06,42.72,60.3,269.26,normal,0
2026-09-10T01:06:50+00:00,server04,67.48,41.18,48.64,266.28,normal,0
2026-09-10T01:07:00+00:00,server04,72.85,65.04,55.27,277.89,normal,0
2026-09-10T01:07:10+00:00,server04,73.12,53.05,59.87,282.53,normal,0
2026-09-10T01:07:20+00:00,server04,20.62,43.92,35.42,153.12,normal,0
2026-09-10T01:07:30+00:00,server04,12.4,66.09,31.86,137.39,normal,0
2026-09-10T01:07:40+00:00,server04,86.56,69.45,57.04,315.53,normal,0
2026-09-10T01:07:50+00:00,server04,54.96,55.66,47.62,231.73,normal,0
2026-09-10T01:08:00+00:00,server04,90.26,63.4,62.95,317.99,normal,0
2026-09-10T01:08:10+00:00,server04,32.49,58.72,40.85,184.48,normal,0
2026-09-10T01:08:20+00:00,server04,97.13,90.79,66.82,335.7,overload,1
2026-09-10T01:08:30+00:00,server04,70.04,65.46,83.42,271.37,cooling_fault,1
2026-09-10T01:08:40+00:00,server04,85.69,66.69,63.39,305.12,normal,0
2026-09-10T01:08:50+00:00,server04,11.66,34.09,52.2,104.72,cooling_fault,1
2026-09-10T01:09:00+00:00,server04,56.5,65.24,49.69,241.91,normal,0
2026-09-10T01:09:10+00:00,server04,41.96,46.34,48.95,182.34,normal,0
2026-09-10T01:09:20+00:00,server04,80.49,66.73,58.11,293.27,normal,0
2026-09-10T01:09:30+00:00,server04,58.31,55.04,56.32,238.63,normal,0
2026-09-10T01:09:40+00:00,server04,33.5,63.46,39.96,180.59,normal,0
2026-09-10T01:09:50+00:00,server04,32.99,60.25,42.75,178.0,normal,0
2026-09-10T01:10:00+00:00,server04,94.91,78.53,64.49,352.19,normal,0
2026-09-10T01:10:10+00:00,server04,98.88,92.82,68.81,339.52,overload,1
2026-09-10T01:10:20+00:00,server04,13.87,61.78,34.15,125.51,normal,0
2026-09-10T01:10:30+00:00,server04,50.0,62.01,43.63,227.36,normal,0
2026-09-10T01:10:40+00:00,server04,72.07,63.3,57.07,286.79,normal,0
2026-09-10T01:10:50+00:00,server04,86.52,73.89,58.35,303.85,normal,0
2026-09-10T01:11:00+00:00,server04,13.99,33.84,36.55,112.47,normal,0
2026-09-10T01:11:10+00:00,server04,56.36,83.7,77.4,237.93,cooling_fault,1
2026-09-10T01:11:20+00:00,server04,86.71,54.55,63.91,297.03,normal,0
2026-09-10T01:11:30+00:00,server04,81.98,51.95,64.09,286.07,normal,0
2026-09-10T01:11:40+00:00,server04,62.04,82.7,46.77,242.19,normal,0
2026-09-10T01:11:50+00:00,server04,72.57,69.32,55.76,283.11,normal,0
2026-09-10T01:12:00+00:00,server04,47.25,79.78,45.8,211.21,normal,0
2026-09-10T01:12:10+00:00,server04,57.81,56.66,53.24,234.13,normal,0
2026-09-10T01:12:20+00:00,server04,97.12,95.86,68.83,344.81,overload,1
2026-09-10T01:12:30+00:00,server04,24.36,70.13,40.85,165.26,normal,0
2026-09-10T01:12:40+00:00,server04,88.52,98.83,62.3,321.93,overload,1
2026-09-10T01:12:50+00:00,server04,30.36,76.2,43.51,168.63,normal,0
2026-09-10T01:13:00+00:00,server04,39.47,64.5,47.14,203.61,normal,0
2026-09-10T01:13:10+00:00,server04,11.44,46.54,31.53,120.1,normal,0
2026-09-10T01:13:20+00:00,server04,72.5,35.46,79.59,249.16,cooling_fault,1
2026-09-10T01:13:30+00:00,server04,95.99,93.93,60.8,338.58,overload,1
2026-09-10T01:13:40+00:00,server04,22.16,84.36,38.27,162.76,normal,0
2026-09-10T01:13:50+00:00,server04,35.12,54.66,77.31,178.38,cooling_fault,1
2026-09-10T01:14:00+00:00,server04,73.2,13.67,53.25,278.84,normal,0
2026-09-10T01:14:10+00:00,server04,16.02,49.78,28.54,124.52,normal,0
2026-09-10T01:14:20+00:00,server04,56.24,54.84,48.09,238.95,normal,0
2026-09-10T01:14:30+00:00,server04,16.17,57.93,34.55,129.14,normal,0
2026-09-10T01:14:40+00:00,server04,19.14,71.69,39.76,141.15,normal,0
2026-09-10T01:14:50+00:00,server04,58.28,68.57,50.81,237.47,normal,0
2026-09-10T01:15:00+00:00,server04,76.79,72.79,54.84,280.04,normal,0
2026-09-10T01:15:10+00:00,server04,39.52,81.69,43.51,196.26,normal,0
2026-09-10T01:15:20+00:00,server04,41.83,61.06,43.48,207.72,normal,0
2026-09-10T01:15:30+00:00,server04,83.7,57.77,57.93,298.14,normal,0
2026-09-10T01:15:40+00:00,server04,41.09,70.03,44.11,192.22,normal,0
2026-09-10T01:15:50+00:00,server04,22.43,53.05,42.5,145.67,normal,0
2026-09-10T01:16:00+00:00,server04,74.96,35.25,57.18,264.38,normal,0
2026-09-10T01:16:10+00:00,server04,63.12,52.75,49.98,242.62,normal,0
2026-09-10T01:16:20+00:00,server04,23.63,52.67,38.42,171.35,normal,0
2026-09-10T01:16:30+00:00,server04,19.53,65.78,36.65,148.8,normal,0
2026-09-10T01:16:40+00:00,server04,64.5,46.2,51.09,248.8,normal,0
2026-09-10T01:16:50+00:00,server04,62.12,87.41,52.25,260.63,normal,0
2026-09-10T01:17:00+00:00,server04,25.1,68.92,37.5,179.23,normal,0
2026-09-10T01:17:10+00:00,server04,82.06,52.32,65.31,288.53,normal,0
2026-09-10T01:17:20+00:00,server04,93.26,61.06,63.33,316.82,normal,0
2026-09-10T01:17:30+00:00,server04,82.76,47.67,88.65,295.75,cooling_fault,1
2026-09-10T01:17:40+00:00,server04,51.15,18.03,49.75,205.41,normal,0
2026-09-10T01:17:50+00:00,server04,14.32,64.04,34.19,126.28,normal,0
2026-09-10T01:18:00+00:00,server04,30.15,46.14,36.16,154.71,normal,0
2026-09-10T01:18:10+00:00,server04,81.57,54.52,57.05,284.55,normal,0
2026-09-10T01:18:20+00:00,server04,55.56,54.06,44.88,235.17,normal,0
2026-09-10T01:18:30+00:00,server04,88.07,68.31,61.81,318.26,normal,0
2026-09-10T01:18:40+00:00,server04,26.38,71.55,40.76,179.56,normal,0
2026-09-10T01:18:50+00:00,server04,45.07,51.22,42.9,199.74,normal,0
2026-09-10T01:19:00+00:00,server04,80.19,41.22,59.27,298.4,normal,0
2026-09-10T01:19:10+00:00,server04,22.28,70.21,38.84,154.2,normal,0
2026-09-10T01:19:20+00:00,server04,95.4,96.95,63.81,332.22,overload,1
2026-09-10T01:19:30+00:00,server04,77.85,61.43,56.31,276.21,normal,0
2026-09-10T01:19:40+00:00,server04,99.12,89.04,68.71,342.92,overload,1
2026-09-10T01:19:50+00:00,server04,14.88,79.79,38.22,141.59,normal,0
2026-09-10T01:20:00+00:00,server04,28.06,68.17,43.85,161.29,normal,0
2026-09-10T01:20:10+00:00,server04,66.49,46.24,56.5,255.19,normal,0
2026-09-10T01:20:20+00:00,server04,70.35,33.48,56.26,250.48,normal,0
2026-09-10T01:20:30+00:00,server04,53.25,67.67,47.85,225.16,normal,0
2026-09-10T01:20:40+00:00,server04,92.76,96.9,63.31,335.17,overload,1
2026-09-10T01:20:50+00:00,server04,11.65,72.63,37.14,141.08,normal,0
2026-09-10T01:21:00+00:00,server04,71.35,48.76,54.37,275.44,normal,0
2026-09-10T01:21:10+00:00,server04,11.49,39.31,33.41,113.88,normal,0
2026-09-10T01:21:20+00:00,server04,81.55,43.51,55.41,282.55,normal,0
2026-09-10T01:21:30+00:00,server04,53.42,71.72,69.83,248.05,cooling_fault,1
2026-09-10T01:21:40+00:00,server04,28.98,80.32,44.11,172.19,normal,0
2026-09-10T01:21:50+00:00,server04,35.82,57.05,38.65,163.23,normal,0
2026-09-10T01:22:00+00:00,server04,94.21,82.83,86.93,323.28,cooling_fault,1
2026-09-10T01:22:10+00:00,server04,23.83,64.01,30.76,181.66,normal,0
2026-09-10T01:22:20+00:00,server04,56.0,44.22,52.56,231.62,normal,0
2026-09-10T01:22:30+00:00,server04,97.38,94.66,65.29,347.91,overload,1
2026-09-10T01:22:40+00:00,server04,44.23,75.89,40.69,202.53,normal,0
2026-09-10T01:22:50+00:00,server04,44.79,49.06,49.54,201.03,normal,0
2026-09-10T01:23:00+00:00,server04,12.66,55.87,34.55,131.6,normal,0
2026-09-10T01:23:10+00:00,server04,21.53,37.1,36.21,137.81,normal,0
2026-09-10T01:23:20+00:00,server04,56.78,61.06,52.34,231.51,normal,0
2026-09-10T01:23:30+00:00,server04,78.11,56.68,59.15,279.07,normal,0
2026-09-10T01:23:40+00:00,server04,37.17,66.21,43.25,187.98,normal,0
2026-09-10T01:23:50+00:00,server04,51.85,76.37,72.32,223.91,cooling_fault,1
2026-09-10T01:24:00+00:00,server04,99.76,97.64,62.02,358.04,overload,1
2026-09-10T01:24:10+00:00,server04,68.25,50.6,51.54,248.41,normal,0
2026-09-10T01:24:20+00:00,server04,74.74,64.26,57.02,283.04,normal,0
2026-09-10T01:24:30+00:00,server04,24.54,63.54,34.76,160.94,normal,0
2026-09-10T01:24:40+00:00,server04,96.05,99.83,65.94,325.66,overload,1
2026-09-10T01:24:50+00:00,server04,62.81,96.96,53.41,248.91,normal,0
2026-09-10T01:25:00+00:00,server04,26.7,52.19,42.47,153.02,normal,0
2026-09-10T01:25:10+00:00,server04,88.53,92.15,60.97,317.21,overload,1
2026-09-10T01:25:20+00:00,server04,22.64,59.94,37.67,152.81,normal,0
2026-09-10T01:25:30+00:00,server04,94.97,99.08,60.27,353.08,overload,1
2026-09-10T01:25:40+00:00,server04,44.51,50.66,46.2,206.82,normal,0
2026-09-10T01:25:50+00:00,server04,17.75,61.56,29.86,139.65,normal,0
2026-09-10T01:26:00+00:00,server04,29.21,31.01,40.89,170.51,normal,0
2026-09-10T01:26:10+00:00,server04,17.08,29.75,36.27,120.49,normal,0
2026-09-10T01:26:20+00:00,server04,55.88,47.65,55.0,233.12,normal,0
2026-09-10T01:26:30+00:00,server04,68.22,52.75,53.29,257.17,normal,0
2026-09-10T01:26:40+00:00,server04,61.33,80.88,49.23,253.17,normal,0
2026-09-10T01:26:50+00:00,server04,22.96,87.59,61.28,158.93,cooling_fault,1
2026-09-10T01:27:00+00:00,server04,10.24,53.48,30.23,117.22,normal,0
2026-09-10T01:27:10+00:00,server04,82.23,55.36,58.96,291.07,normal,0
2026-09-10T01:27:20+00:00,server04,28.22,31.65,62.07,164.45,cooling_fault,1
2026-09-10T01:27:30+00:00,server04,75.4,49.52,60.13,268.4,normal,0
2026-09-10T01:27:40+00:00,server04,10.48,56.02,34.4,122.42,normal,0
2026-09-10T01:27:50+00:00,server04,74.08,81.17,81.1,268.5,cooling_fault,1
2026-09-10T01:28:00+00:00,server04,45.48,55.49,45.14,188.89,normal,0
2026-09-10T01:28:10+00:00,server04,30.4,46.22,43.54,153.99,normal,0
2026-09-10T01:28:20+00:00,server04,45.34,53.46,73.02,204.74,cooling_fault,1
2026-09-10T01:28:30+00:00,server04,44.6,37.09,49.82,210.69,normal,0
2026-09-10T01:28:40+00:00,server04,19.74,49.78,37.93,140.86,normal,0
2026-09-10T01:28:50+00:00,server04,21.01,53.28,44.59,142.2,normal,0
2026-09-10T01:29:00+00:00,server04,100.0,96.51,59.34,349.2,overload,1
2026-09-10T01:29:10+00:00,server04,74.0,39.06,83.92,277.2,cooling_fault,1
2026-09-10T01:29:20+00:00,server04,66.99,39.11,54.5,266.56,normal,0
2026-09-10T01:29:30+00:00,server04,88.95,51.48,59.62,314.19,normal,0
2026-09-10T01:29:40+00:00,server04,87.84,62.61,61.79,314.05,normal,0
2026-09-10T01:29:50+00:00,server04,93.26,94.87,62.58,328.1,overload,1
2026-09-10T01:30:00+00:00,server04,98.72,98.56,68.79,335.99,overload,1
2026-09-10T01:30:10+00:00,server04,88.2,56.2,60.16,304.13,normal,0
2026-09-10T01:30:20+00:00,server04,33.52,35.06,48.76,171.14,normal,0
2026-09-10T01:30:30+00:00,server04,67.21,63.62,53.82,267.24,normal,0
2026-09-10T01:30:40+00:00,server04,60.56,32.62,54.05,236.09,normal,0
2026-09-10T01:30:50+00:00,server04,94.0,82.73,56.68,331.82,normal,0
2026-09-10T01:31:00+00:00,server04,46.07,77.73,76.36,216.01,cooling_fault,1
2026-09-10T01:31:10+00:00,server04,98.81,93.95,62.93,355.28,overload,1
2026-09-10T01:31:20+00:00,server04,43.96,51.41,71.81,199.39,cooling_fault,1
2026-09-10T01:31:30+00:00,server04,99.49,93.79,70.88,349.33,overload,1
2026-09-10T01:31:40+00:00,server04,24.95,74.73,40.44,164.18,normal,0
2026-09-10T01:31:50+00:00,server04,29.49,50.95,68.5,166.03,cooling_fault,1
2026-09-10T01:32:00+00:00,server04,63.4,22.63,51.59,246.96,normal,0
2026-09-10T01:32:10+00:00,server04,58.06,57.75,74.55,243.91,cooling_fault,1
2026-09-10T01:32:20+00:00,server04,55.48,70.24,50.03,221.06,normal,0
2026-09-10T01:32:30+00:00,server04,20.08,64.86,39.71,155.17,normal,0
2026-09-10T01:32:40+00:00,server04,98.9,90.27,64.29,333.13,overload,1
2026-09-10T01:32:50+00:00,server04,72.19,71.4,57.25,273.22,normal,0
2026-09-10T01:33:00+00:00,server04,32.36,71.66,67.97,166.47,cooling_fault,1
2026-09-10T01:33:10+00:00,server04,48.47,67.06,44.88,206.66,normal,0
2026-09-10T01:33:20+00:00,server04,94.01,58.49,69.48,328.25,normal,0
2026-09-10T01:33:30+00:00,server04,91.52,50.71,65.83,317.12,normal,0
2026-09-10T01:33:40+00:00,server04,41.55,55.92,44.37,188.3,normal,0
2026-09-10T01:33:50+00:00,server04,44.71,54.93,41.41,201.6,normal,0
2026-09-10T01:34:00+00:00,server04,45.62,56.28,44.73,202.77,normal,0
2026-09-10T01:34:10+00:00,server04,27.69,59.18,43.96,173.28,normal,0
2026-09-10T01:34:20+00:00,server04,80.86,78.44,54.84,302.78,normal,0
2026-09-10T01:34:30+00:00,server04,29.7,43.44,42.37,164.91,normal,0
2026-09-10T01:34:40+00:00,server04,69.72,43.46,48.97,261.52,normal,0
2026-09-10T01:34:50+00:00,server04,52.75,56.52,50.11,222.63,normal,0
2026-09-10T01:35:00+00:00,server04,55.66,42.32,74.1,232.2,cooling_fault,1
2026-09-10T01:35:10+00:00,server04,92.11,60.03,63.31,325.07,normal,0
2026-09-10T01:35:20+00:00,server04,37.06,53.13,39.15,188.15,normal,0
2026-09-10T01:35:30+00:00,server04,77.2,61.53,55.13,275.6,normal,0
2026-09-10T01:35:40+00:00,server04,92.99,91.16,63.19,332.68,overload,1
2026-09-10T01:35:50+00:00,server04,52.08,43.34,46.49,230.87,normal,0
2026-09-10T01:36:00+00:00,server04,44.05,46.15,74.92,205.99,cooling_fault,1
2026-09-10T01:36:10+00:00,server04,34.1,56.6,46.88,170.08,normal,0
2026-09-10T01:36:20+00:00,server04,94.12,93.77,62.89,341.68,overload,1
2026-09-10T01:36:30+00:00,server04,42.23,59.15,72.28,185.66,cooling_fault,1
2026-09-10T01:36:40+00:00,server04,93.52,93.67,63.75,331.95,overload,1
2026-09-10T01:36:50+00:00,server04,96.43,94.13,68.34,345.33,overload,1
2026-09-10T01:37:00+00:00,server04,80.6,44.42,64.74,278.07,normal,0
2026-09-10T01:37:10+00:00,server04,35.19,50.13,40.96,173.33,normal,0
2026-09-10T01:37:20+00:00,server04,92.39,97.95,64.28,328.06,overload,1
2026-09-10T01:37:30+00:00,server04,11.13,38.48,30.62,123.49,normal,0
2026-09-10T01:37:40+00:00,server04,12.63,49.13,33.85,122.44,normal,0
2026-09-10T01:37:50+00:00,server04,85.56,62.84,60.15,318.35,normal,0
2026-09-10T01:38:00+00:00,server04,76.29,57.0,57.43,264.99,normal,0
2026-09-10T01:38:10+00:00,server04,14.39,23.21,34.69,115.03,normal,0
2026-09-10T01:38:20+00:00,server04,38.75,61.24,48.85,193.5,normal,0
2026-09-10T01:38:30+00:00,server04,65.35,52.08,49.57,255.3,normal,0
2026-09-10T01:38:40+00:00,server04,13.86,30.34,28.82,117.05,normal,0
2026-09-10T01:38:50+00:00,server04,69.86,44.75,56.15,264.79,normal,0
2026-09-10T01:39:00+00:00,server04,25.59,45.16,35.67,150.79,normal,0
2026-09-10T01:39:10+00:00,server04,51.73,46.82,51.42,224.6,normal,0
2026-09-10T01:39:20+00:00,server04,74.67,76.73,52.95,274.51,normal,0
2026-09-10T01:39:30+00:00,server04,42.05,44.93,46.37,190.89,normal,0
2026-09-10T01:39:40+00:00,server04,94.19,59.82,63.59,336.15,normal,0
2026-09-10T01:39:50+00:00,server04,37.41,76.59,46.05,193.92,normal,0
2026-09-10T01:40:00+00:00,server04,38.17,39.19,43.47,179.31,normal,0
2026-09-10T01:40:10+00:00,server04,48.22,37.58,47.61,211.16,normal,0
2026-09-10T01:40:20+00:00,server04,39.85,51.05,48.01,206.05,normal,0
2026-09-10T01:40:30+00:00,server04,32.77,42.45,69.0,183.62,cooling_fault,1
2026-09-10T01:40:40+00:00,server04,20.98,42.42,37.37,154.12,normal,0
2026-09-10T01:40:50+00:00,server04,61.76,49.6,50.78,228.53,normal,0
2026-09-10T01:41:00+00:00,server04,37.47,82.9,39.12,200.65,normal,0
2026-09-10T01:41:10+00:00,server04,11.85,39.9,30.95,121.2,normal,0
2026-09-10T01:41:20+00:00,server04,94.32,98.87,61.81,320.88,overload,1
2026-09-10T01:41:30+00:00,server04,44.51,60.13,46.58,216.81,normal,0
2026-09-10T01:41:40+00:00,server04,76.42,78.18,50.84,286.42,normal,0
2026-09-10T01:41:50+00:00,server04,35.97,64.9,44.65,177.47,normal,0
2026-09-10T01:42:00+00:00,server04,73.3,37.89,56.82,263.35,normal,0
2026-09-10T01:42:10+00:00,server04,65.73,81.67,54.31,257.32,normal,0
2026-09-10T01:42:20+00:00,server04,48.21,68.7,47.07,219.52,normal,0
2026-09-10T01:42:30+00:00,server04,19.92,32.48,42.21,128.36,normal,0
2026-09-10T01:42:40+00:00,server04,60.48,51.4,51.04,253.73,normal,0
2026-09-10T01:42:50+00:00,server04,12.91,74.45,32.62,141.86,normal,0
2026-09-10T01:43:00+00:00,server04,46.15,52.67,69.4,199.6,cooling_fault,1
2026-09-10T01:43:10+00:00,server04,88.89,60.5,60.43,314.95,normal,0
2026-09-10T01:43:20+00:00,server04,61.69,38.65,50.91,233.45,normal,0
2026-09-10T01:43:30+00:00,server04,78.36,32.0,63.49,279.97,normal,0
2026-09-10T01:43:40+00:00,server04,39.84,64.25,75.59,186.24,cooling_fault,1
2026-09-10T01:43:50+00:00,server04,47.48,29.56,68.97,217.79,cooling_fault,1
2026-09-10T01:44:00+00:00,server04,27.7,86.29,48.68,187.61,normal,0
2026-09-10T01:44:10+00:00,server04,78.29,58.42,58.29,285.43,normal,0
2026-09-10T01:44:20+00:00,server04,68.35,48.01,49.79,261.36,normal,0
2026-09-10T01:44:30+00:00,server04,68.51,52.86,52.86,269.17,normal,0
2026-09-10T01:44:40+00:00,server04,89.68,58.09,86.03,313.92,cooling_fault,1
2026-09-10T01:44:50+00:00,server04,56.2,67.74,52.64,224.39,normal,0
2026-09-10T01:45:00+00:00,server04,87.68,75.77,61.35,306.97,normal,0
2026-09-10T01:45:10+00:00,server04,18.51,43.73,39.28,145.64,normal,0
2026-09-10T01:45:20+00:00,server04,15.82,64.76,32.0,136.73,normal,0
2026-09-10T01:45:30+00:00,server04,63.97,29.34,77.91,247.41,cooling_fault,1
2026-09-10T01:45:40+00:00,server04,36.09,46.82,42.01,182.99,normal,0
2026-09-10T01:45:50+00:00,server04,35.6,38.12,43.65,170.95,normal,0
2026-09-10T01:46:00+00:00,server04,17.43,34.03,35.26,121.84,normal,0
2026-09-10T01:46:10+00:00,server04,82.23,57.54,58.43,305.23,normal,0
2026-09-10T01:46:20+00:00,server04,58.27,65.73,63.89,238.96,cooling_fault,1
2026-09-10T01:46:30+00:00,server04,48.26,77.12,45.76,234.09,normal,0
2026-09-10T01:46:40+00:00,server04,92.75,97.29,61.44,334.24,overload,1
2026-09-10T01:46:50+00:00,server04,95.57,94.09,63.99,342.73,overload,1
2026-09-10T01:47:00+00:00,server04,64.51,49.1,51.01,261.31,normal,0
2026-09-10T01:47:10+00:00,server04,70.58,25.85,52.21,258.99,normal,0
2026-09-10T01:47:20+00:00,server04,36.89,52.37,47.1,190.41,normal,0
2026-09-10T01:47:30+00:00,server04,93.88,30.27,62.6,315.5,normal,0
2026-09-10T01:47:40+00:00,server04,92.17,51.09,63.46,320.35,normal,0
2026-09-10T01:47:50+00:00,server04,88.52,54.09,63.01,307.05,normal,0
2026-09-10T01:48:00+00:00,server04,34.9,54.32,43.3,187.76,normal,0
2026-09-10T01:48:10+00:00,server04,17.19,89.93,63.83,144.55,cooling_fault,1
2026-09-10T01:48:20+00:00,server04,78.76,64.2,62.05,274.8,normal,0
2026-09-10T01:48:30+00:00,server04,73.14,63.52,57.38,272.67,normal,0
2026-09-10T01:48:40+00:00,server04,78.87,64.5,59.77,293.66,normal,0
2026-09-10T01:48:50+00:00,server04,23.74,39.63,40.81,163.74,normal,0
2026-09-10T01:49:00+00:00,server04,29.33,41.24,40.18,157.63,normal,0
2026-09-10T01:49:10+00:00,server04,36.3,53.51,46.22,196.39,normal,0
2026-09-10T01:49:20+00:00,server04,32.8,66.0,38.95,179.39,normal,0
2026-09-10T01:49:30+00:00,server04,45.37,67.81,47.45,207.91,normal,0
2026-09-10T01:49:40+00:00,server04,17.3,63.3,38.19,153.33,normal,0
2026-09-10T01:49:50+00:00,server04,29.65,81.53,40.79,182.78,normal,0
2026-09-10T01:50:00+00:00,server04,13.55,38.55,34.93,118.91,normal,0
2026-09-10T01:50:10+00:00,server04,46.56,20.6,42.82,204.18,normal,0
2026-09-10T01:50:20+00:00,server04,36.91,63.22,40.28,193.33,normal,0
2026-09-10T01:50:30+00:00,server04,24.31,53.63,46.19,148.37,normal,0
2026-09-10T01:50:40+00:00,server04,70.8,40.56,50.0,257.29,normal,0
2026-09-10T01:50:50+00:00,server04,44.81,51.53,48.42,196.55,normal,0
2026-09-10T01:51:00+00:00,server04,59.85,59.81,51.64,247.94,normal,0
2026-09-10T01:51:10+00:00,server04,95.42,91.16,62.66,348.22,overload,1
2026-09-10T01:51:20+00:00,server04,29.01,44.8,35.32,152.69,normal,0
2026-09-10T01:51:30+00:00,server04,70.47,59.68,54.74,262.77,normal,0
2026-09-10T01:51:40+00:00,server04,78.78,67.61,55.48,286.27,normal,0
2026-09-10T01:51:50+00:00,server04,69.85,63.17,46.58,268.63,normal,0
2026-09-10T01:52:00+00:00,server04,85.93,53.38,59.02,306.24,normal,0
2026-09-10T01:52:10+00:00,server04,80.74,42.85,58.15,274.28,normal,0
2026-09-10T01:52:20+00:00,server04,100.0,90.48,64.0,342.41,overload,1
2026-09-10T01:52:30+00:00,server04,55.79,47.8,46.43,228.3,normal,0
2026-09-10T01:52:40+00:00,server04,83.99,69.83,60.21,309.35,normal,0
2026-09-10T01:52:50+00:00,server04,33.78,51.8,46.2,177.56,normal,0
2026-09-10T01:53:00+00:00,server04,23.33,47.26,38.88,156.73,normal,0
2026-09-10T01:53:10+00:00,server04,11.46,57.76,35.09,111.18,normal,0
2026-09-10T01:53:20+00:00,server04,71.19,55.49,52.21,263.54,normal,0
2026-09-10T01:53:30+00:00,server04,66.77,38.14,55.64,255.52,normal,0
2026-09-10T01:53:40+00:00,server04,67.17,24.43,52.13,242.44,normal,0
2026-09-10T01:53:50+00:00,server04,90.34,59.87,65.41,310.23,normal,0
2026-09-10T01:54:00+00:00,server04,29.38,57.49,39.54,182.53,normal,0
2026-09-10T01:54:10+00:00,server04,13.46,44.71,38.69,127.38,normal,0
2026-09-10T01:54:20+00:00,server04,23.38,68.2,39.83,163.64,normal,0
2026-09-10T01:54:30+00:00,server04,80.11,44.03,63.47,275.59,normal,0
2026-09-10T01:54:40+00:00,server04,29.11,53.53,38.47,167.01,normal,0
2026-09-10T01:54:50+00:00,server04,88.51,54.56,91.55,298.29,cooling_fault,1
2026-09-10T01:55:00+00:00,server04,15.19,56.16,35.77,141.49,normal,0
2026-09-10T01:55:10+00:00,server04,47.42,45.36,70.2,218.13,cooling_fault,1
2026-09-10T01:55:20+00:00,server04,40.44,34.51,48.36,182.49,normal,0
2026-09-10T01:55:30+00:00,server04,18.35,51.06,39.02,141.39,normal,0
2026-09-10T01:55:40+00:00,server04,29.1,50.08,40.62,156.92,normal,0
2026-09-10T01:55:50+00:00,server04,46.28,47.07,48.38,204.32,normal,0
2026-09-10T01:56:00+00:00,server04,83.98,38.6,61.7,303.56,normal,0
2026-09-10T01:56:10+00:00,server04,60.42,46.2,50.75,236.02,normal,0
2026-09-10T01:56:20+00:00,server04,37.13,26.56,40.07,182.43,normal,0
2026-09-10T01:56:30+00:00,server04,35.19,63.4,46.3,183.07,normal,0
2026-09-10T01:56:40+00:00,server04,82.73,80.85,80.41,303.12,cooling_fault,1
2026-09-10T01:56:50+00:00,server04,33.66,28.79,68.55,161.58,cooling_fault,1
2026-09-10T01:57:00+00:00,server04,41.5,72.86,66.18,204.11,cooling_fault,1
2026-09-10T01:57:10+00:00,server04,45.8,59.45,47.17,208.87,normal,0
2026-09-10T01:57:20+00:00,server04,93.45,94.69,62.33,336.12,overload,1
2026-09-10T01:57:30+00:00,server04,58.58,42.84,43.96,227.29,normal,0
2026-09-10T01:57:40+00:00,server04,77.99,58.63,57.55,299.63,normal,0
2026-09-10T01:57:50+00:00,server04,26.51,65.73,42.53,160.46,normal,0
2026-09-10T01:58:00+00:00,server04,46.83,54.82,44.51,200.84,normal,0
2026-09-10T01:58:10+00:00,server04,26.69,32.0,35.98,151.78,normal,0
2026-09-10T01:58:20+00:00,server04,54.92,64.01,50.94,225.71,normal,0
2026-09-10T01:58:30+00:00,server04,35.66,64.83,45.15,187.85,normal,0
2026-09-10T01:58:40+00:00,server04,18.52,47.75,67.43,136.69,cooling_fault,1
2026-09-10T01:58:50+00:00,server04,76.81,25.34,53.99,262.18,normal,0
2026-09-10T01:59:00+00:00,server04,78.32,86.03,56.64,300.61,normal,0
2026-09-10T01:59:10+00:00,server04,96.62,94.92,63.08,344.68,overload,1
2026-09-10T01:59:20+00:00,server04,19.63,61.41,36.72,132.8,normal,0
2026-09-10T01:59:30+00:00,server04,16.64,64.29,38.09,130.11,normal,0
2026-09-10T01:59:40+00:00,server04,52.48,69.39,54.73,226.15,normal,0
2026-09-10T01:59:50+00:00,server04,39.73,43.41,38.14,192.54,normal,0
2026-09-10T02:00:00+00:00,server04,76.63,42.81,58.94,278.23,normal,0
2026-09-10T02:00:10+00:00,server04,86.64,50.65,64.57,306.29,normal,0
2026-09-10T02:00:20+00:00,server04,59.63,43.15,75.77,233.18,cooling_fault,1
2026-09-10T02:00:30+00:00,server04,95.54,91.33,60.96,344.41,overload,1
2026-09-10T02:00:40+00:00,server04,54.8,70.9,46.44,214.91,normal,0
2026-09-10T02:00:50+00:00,server04,74.65,51.26,51.45,282.67,normal,0
2026-09-10T02:01:00+00:00,server04,46.89,61.29,42.52,213.34,normal,0
2026-09-10T02:01:10+00:00,server04,26.07,65.82,40.67,148.42,normal,0
2026-09-10T02:01:20+00:00,server04,41.14,74.23,47.79,193.41,normal,0
2026-09-10T02:01:30+00:00,server04,75.76,68.51,51.49,264.7,normal,0
2026-09-10T02:01:40+00:00,server04,94.68,57.38,64.91,334.33,normal,0
2026-09-10T02:01:50+00:00,server04,43.27,64.77,41.62,210.61,normal,0
2026-09-10T02:02:00+00:00,server04,76.94,57.12,56.51,288.03,normal,0
2026-09-10T02:02:10+00:00,server04,67.52,45.69,50.82,257.12,normal,0
2026-09-10T02:02:20+00:00,server04,39.12,63.88,41.4,194.76,normal,0
2026-09-10T02:02:30+00:00,server04,51.15,46.04,47.75,220.74,normal,0
2026-09-10T02:02:40+00:00,server04,24.22,40.28,37.35,163.37,normal,0
2026-09-10T02:02:50+00:00,server04,61.56,38.93,50.96,235.95,normal,0
2026-09-10T02:03:00+00:00,server04,69.98,58.83,50.58,260.89,normal,0
2026-09-10T02:03:10+00:00,server04,79.47,91.49,59.92,290.07,normal,0
2026-09-10T02:03:20+00:00,server04,21.52,47.21,38.94,127.63,normal,0
2026-09-10T02:03:30+00:00,server04,94.57,94.67,67.5,325.28,overload,1
2026-09-10T02:03:40+00:00,server04,62.49,57.56,47.03,258.04,normal,0
2026-09-10T02:03:50+00:00,server04,57.48,50.34,48.97,223.53,normal,0
2026-09-10T02:04:00+00:00,server04,67.86,65.06,55.3,275.38,normal,0
2026-09-10T02:04:10+00:00,server04,26.09,32.95,45.71,157.79,normal,0
2026-09-10T02:04:20+00:00,server04,28.93,75.34,36.07,166.0,normal,0
2026-09-10T02:04:30+00:00,server04,80.9,53.55,60.45,279.24,normal,0
2026-09-10T02:04:40+00:00,server04,80.68,61.0,58.01,286.59,normal,0
2026-09-10T02:04:50+00:00,server04,92.47,95.73,62.44,339.65,overload,1
2026-09-10T02:05:00+00:00,server04,75.51,46.26,54.94,265.18,normal,0
2026-09-10T02:05:10+00:00,server04,34.36,42.07,39.73,179.38,normal,0
2026-09-10T02:05:20+00:00,server04,58.59,68.45,50.01,248.8,normal,0
2026-09-10T02:05:30+00:00,server04,10.01,57.34,37.67,131.67,normal,0
2026-09-10T02:05:40+00:00,server04,37.0,40.2,45.23,191.88,normal,0
2026-09-10T02:05:50+00:00,server04,41.97,65.92,72.67,201.7,cooling_fault,1
2026-09-10T02:06:00+00:00,server04,96.29,92.64,61.64,333.29,overload,1
2026-09-10T02:06:10+00:00,server04,23.3,54.39,66.2,162.32,cooling_fault,1
2026-09-10T02:06:20+00:00,server04,41.76,43.64,40.32,200.75,normal,0
2026-09-10T02:06:30+00:00,server04,81.46,62.27,52.52,297.1,normal,0
2026-09-10T02:06:40+00:00,server04,47.32,76.44,49.29,211.81,normal,0
2026-09-10T02:06:50+00:00,server04,25.51,43.11,43.35,140.52,normal,0
2026-09-10T02:07:00+00:00,server04,33.15,51.9,38.83,158.64,normal,0
2026-09-10T02:07:10+00:00,server04,15.49,71.68,33.07,142.29,normal,0
2026-09-10T02:07:20+00:00,server04,97.44,88.29,70.39,339.22,overload,1
2026-09-10T02:07:30+00:00,server04,18.38,41.87,34.47,133.76,normal,0
2026-09-10T02:07:40+00:00,server04,35.07,37.62,44.74,185.06,normal,0
2026-09-10T02:07:50+00:00,server04,20.82,38.11,37.5,143.23,normal,0
2026-09-10T02:08:00+00:00,server04,69.24,59.63,51.07,273.62,normal,0
2026-09-10T02:08:10+00:00,server04,31.17,61.31,46.82,182.6,normal,0
2026-09-10T02:08:20+00:00,server04,69.33,44.48,55.86,260.87,normal,0
2026-09-10T02:08:30+00:00,server04,68.57,55.58,56.52,253.45,normal,0
2026-09-10T02:08:40+00:00,server04,23.4,72.96,41.12,157.36,normal,0
2026-09-10T02:08:50+00:00,server04,93.94,50.64,65.13,317.6,normal,0
2026-09-10T02:09:00+00:00,server04,52.4,61.09,50.44,227.36,normal,0
2026-09-10T02:09:10+00:00,server04,69.34,72.19,55.44,261.87,normal,0
2026-09-10T02:09:20+00:00,server04,96.51,93.27,65.2,340.24,overload,1
2026-09-10T02:09:30+00:00,server04,86.43,76.2,64.39,311.8,normal,0
2026-09-10T02:09:40+00:00,server04,28.98,80.79,43.25,179.8,normal,0
2026-09-10T02:09:50+00:00,server04,84.74,53.09,61.71,295.69,normal,0
2026-09-10T02:10:00+00:00,server04,57.87,43.4,48.53,233.46,normal,0
2026-09-10T02:10:10+00:00,server04,98.43,98.23,64.64,357.65,overload,1
2026-09-10T02:10:20+00:00,server04,41.76,87.28,45.99,213.06,normal,0
2026-09-10T02:10:30+00:00,server04,43.06,45.84,44.92,201.54,normal,0
2026-09-10T02:10:40+00:00,server04,91.57,56.5,57.58,329.87,normal,0
2026-09-10T02:10:50+00:00,server04,54.45,46.61,49.87,228.0,normal,0
2026-09-10T02:11:00+00:00,server04,37.95,32.79,70.77,190.39,cooling_fault,1
2026-09-10T02:11:10+00:00,server04,35.96,68.96,40.61,171.13,normal,0
2026-09-10T02:11:20+00:00,server04,18.87,78.13,36.25,140.67,normal,0
2026-09-10T02:11:30+00:00,server04,92.11,96.54,59.31,323.38,overload,1
2026-09-10T02:11:40+00:00,server04,62.97,87.97,48.92,252.74,normal,0
2026-09-10T02:11:50+00:00,server04,60.92,22.54,51.58,229.08,normal,0
2026-09-10T02:12:00+00:00,server04,19.25,46.48,36.92,148.22,normal,0
2026-09-10T02:12:10+00:00,server04,27.12,55.4,37.38,160.25,normal,0
2026-09-10T02:12:20+00:00,server04,29.34,52.78,61.55,168.92,cooling_fault,1
2026-09-10T02:12:30+00:00,server04,18.46,44.82,34.46,143.79,normal,0
2026-09-10T02:12:40+00:00,server04,12.47,73.81,30.25,148.51,normal,0
2026-09-10T02:12:50+00:00,server04,25.68,53.37,39.8,155.54,normal,0
2026-09-10T02:13:00+00:00,server04,59.22,46.41,56.17,236.28,normal,0
2026-09-10T02:13:10+00:00,server04,30.21,82.98,38.92,193.88,normal,0
2026-09-10T02:13:20+00:00,server04,21.61,57.55,44.21,131.59,normal,0
2026-09-10T02:13:30+00:00,server04,23.48,51.8,38.67,149.76,normal,0
2026-09-10T02:13:40+00:00,server04,84.99,35.3,60.89,300.29,normal,0
2026-09-10T02:13:50+00:00,server04,93.3,75.03,91.03,333.09,cooling_fault,1
2026-09-10T02:14:00+00:00,server04,67.88,78.56,56.18,261.92,normal,0
2026-09-10T02:14:10+00:00,server04,47.03,67.57,46.23,208.6,normal,0
2026-09-10T02:14:20+00:00,server04,36.35,40.88,38.74,171.95,normal,0
2026-09-10T02:14:30+00:00,server04,91.91,53.89,63.66,316.66,normal,0
2026-09-10T02:14:40+00:00,server04,94.69,75.62,64.2,323.09,normal,0
2026-09-10T02:14:50+00:00,server04,76.66,56.46,57.76,278.19,normal,0
2026-09-10T02:15:00+00:00,server04,100.0,95.71,67.21,345.33,overload,1
2026-09-10T02:15:10+00:00,server04,95.75,94.03,65.64,345.26,overload,1
2026-09-10T02:15:20+00:00,server04,98.96,100.0,65.81,356.31,overload,1
2026-09-10T02:15:30+00:00,server04,94.66,52.68,60.53,324.84,normal,0
2026-09-10T02:15:40+00:00,server04,59.19,69.72,54.33,255.92,normal,0
2026-09-10T02:15:50+00:00,server04,17.88,98.92,39.28,154.37,normal,0
2026-09-10T02:16:00+00:00,server04,95.83,89.2,61.22,335.86,overload,1
2026-09-10T02:16:10+00:00,server04,47.04,93.38,45.71,223.13,normal,0
2026-09-10T02:16:20+00:00,server04,76.33,47.84,60.46,281.09,normal,0
2026-09-10T02:16:30+00:00,server04,13.4,52.42,34.04,131.96,normal,0
2026-09-10T02:16:40+00:00,server04,36.44,60.08,43.01,168.26,normal,0
2026-09-10T02:16:50+00:00,server04,45.01,40.23,46.6,205.29,normal,0
2026-09-10T02:17:00+00:00,server04,97.53,95.96,66.98,340.41,overload,1
2026-09-10T02:17:10+00:00,server04,56.33,71.65,44.89,243.21,normal,0
2026-09-10T02:17:20+00:00,server04,83.59,43.29,59.52,294.08,normal,0
2026-09-10T02:17:30+00:00,server04,50.48,64.54,42.13,215.17,normal,0
2026-09-10T02:17:40+00:00,server04,98.48,96.2,65.84,357.01,overload,1
2026-09-10T02:17:50+00:00,server04,78.01,55.99,57.04,294.46,normal,0
2026-09-10T02:18:00+00:00,server04,87.15,67.51,61.46,312.06,normal,0
2026-09-10T02:18:10+00:00,server04,64.61,1.23,57.22,229.88,normal,0
2026-09-10T02:18:20+00:00,server04,23.1,43.24,38.81,148.06,normal,0
2026-09-10T02:18:30+00:00,server04,32.38,54.5,44.12,163.35,normal,0
2026-09-10T02:18:40+00:00,server04,98.18,93.08,61.65,338.82,overload,1
2026-09-10T02:18:50+00:00,server04,95.71,94.37,60.41,344.2,overload,1
2026-09-10T02:19:00+00:00,server04,79.3,31.7,60.77,292.4,normal,0
2026-09-10T02:19:10+00:00,server04,30.66,79.57,62.28,190.08,cooling_fault,1
2026-09-10T02:19:20+00:00,server04,76.05,44.21,59.62,282.45,normal,0
2026-09-10T02:19:30+00:00,server04,100.0,94.97,74.44,359.3,overload,1
2026-09-10T02:19:40+00:00,server04,16.93,32.05,31.59,122.78,normal,0
2026-09-10T02:19:50+00:00,server04,97.46,93.16,63.7,339.79,overload,1
2026-09-10T02:20:00+00:00,server04,78.27,60.25,58.3,279.14,normal,0
2026-09-10T02:20:10+00:00,server04,15.09,40.11,37.84,128.69,normal,0
2026-09-10T02:20:20+00:00,server04,16.19,67.19,69.35,128.9,cooling_fault,1
2026-09-10T02:20:30+00:00,server04,67.84,95.34,57.46,273.68,normal,0
2026-09-10T02:20:40+00:00,server04,38.73,66.19,39.47,182.16,normal,0
2026-09-10T02:20:50+00:00,server04,10.62,60.7,32.4,131.07,normal,0
2026-09-10T02:21:00+00:00,server04,92.08,58.21,64.03,327.92,normal,0
2026-09-10T02:21:10+00:00,server04,26.08,29.67,33.07,150.09,normal,0
2026-09-10T02:21:20+00:00,server04,78.91,41.93,62.19,288.98,normal,0
2026-09-10T02:21:30+00:00,server04,94.67,96.22,61.26,329.61,overload,1
2026-09-10T02:21:40+00:00,server04,70.71,72.72,52.54,275.2,normal,0
2026-09-10T02:21:50+00:00,server04,92.98,94.11,58.75,340.68,overload,1
2026-09-10T02:22:00+00:00,server04,15.17,45.26,38.47,139.71,normal,0
2026-09-10T02:22:10+00:00,server04,11.22,54.12,31.61,126.24,normal,0
2026-09-10T02:22:20+00:00,server04,76.54,53.48,52.32,263.3,normal,0
2026-09-10T02:22:30+00:00,server04,94.86,59.54,60.98,342.6,normal,0
2026-09-10T02:22:40+00:00,server04,75.13,90.09,85.04,282.17,cooling_fault,1
2026-09-10T02:22:50+00:00,server04,73.04,55.47,56.86,270.11,normal,0
2026-09-10T02:23:00+00:00,server04,44.44,65.6,44.49,203.45,normal,0
2026-09-10T02:23:10+00:00,server04,21.46,38.32,40.27,137.14,normal,0
2026-09-10T02:23:20+00:00,server04,94.93,50.4,61.9,327.64,normal,0
2026-09-10T02:23:30+00:00,server04,99.75,97.98,66.49,321.78,overload,1
2026-09-10T02:23:40+00:00,server04,93.63,71.86,65.93,329.37,normal,0
2026-09-10T02:23:50+00:00,server04,90.96,51.07,67.25,315.75,normal,0
2026-09-10T02:24:00+00:00,server04,79.68,76.1,59.71,305.61,normal,0
2026-09-10T02:24:10+00:00,server04,85.02,63.93,64.09,311.37,normal,0
2026-09-10T02:24:20+00:00,server04,70.81,67.16,50.47,270.36,normal,0
2026-09-10T02:24:30+00:00,server04,70.08,60.59,60.99,263.86,normal,0
2026-09-10T02:24:40+00:00,server04,93.14,67.94,60.66,325.8,normal,0
2026-09-10T02:24:50+00:00,server04,100.0,98.64,56.8,342.74,overload,1
2026-09-10T02:25:00+00:00,server04,47.95,0.0,44.6,195.04,normal,0
2026-09-10T02:25:10+00:00,server04,46.49,55.62,47.3,204.5,normal,0
2026-09-10T02:25:20+00:00,server04,87.22,54.14,57.91,296.58,normal,0
2026-09-10T02:25:30+00:00,server04,39.46,42.64,45.6,188.25,normal,0
2026-09-10T02:25:40+00:00,server04,48.77,44.53,49.28,216.57,normal,0
2026-09-10T02:25:50+00:00,server04,72.17,63.04,55.45,259.98,normal,0
2026-09-10T02:26:00+00:00,server04,28.64,32.27,63.62,168.68,cooling_fault,1
2026-09-10T02:26:10+00:00,server04,62.87,59.04,53.79,249.38,normal,0
2026-09-10T02:26:20+00:00,server04,28.02,45.89,44.01,169.64,normal,0
2026-09-10T02:26:30+00:00,server04,21.28,48.96,36.98,141.48,normal,0
2026-09-10T02:26:40+00:00,server04,52.71,58.24,49.12,215.75,normal,0
2026-09-10T02:26:50+00:00,server04,16.17,77.09,32.21,129.78,normal,0
2026-09-10T02:27:00+00:00,server04,15.41,60.39,37.43,124.22,normal,0
2026-09-10T02:27:10+00:00,server04,89.41,94.57,54.8,333.62,overload,1
2026-09-10T02:27:20+00:00,server04,31.96,32.31,42.31,181.27,normal,0
2026-09-10T02:27:30+00:00,server04,48.75,47.72,44.45,210.76,normal,0
2026-09-10T02:27:40+00:00,server04,58.65,57.09,53.13,234.2,normal,0
2026-09-10T02:27:50+00:00,server04,62.41,38.14,52.89,244.77,normal,0
2026-09-10T02:28:00+00:00,server04,60.62,52.76,48.37,247.78,normal,0
2026-09-10T02:28:10+00:00,server04,42.02,46.47,51.03,184.38,normal,0
2026-09-10T02:28:20+00:00,server04,64.09,51.13,55.72,254.33,normal,0
2026-09-10T02:28:30+00:00,server04,12.7,62.23,40.75,131.17,normal,0
2026-09-10T02:28:40+00:00,server04,64.6,15.72,52.51,248.49,normal,0
2026-09-10T02:28:50+00:00,server04,75.49,64.74,59.73,292.0,normal,0
2026-09-10T02:29:00+00:00,server04,86.08,20.3,63.06,296.8,normal,0
2026-09-10T02:29:10+00:00,server04,24.64,69.48,37.85,159.69,normal,0
2026-09-10T02:29:20+00:00,server04,23.72,37.77,39.99,142.5,normal,0
2026-09-10T02:29:30+00:00,server04,82.0,40.07,61.35,289.63,normal,0
2026-09-10T02:29:40+00:00,server04,39.66,59.65,45.06,201.13,normal,0
2026-09-10T02:29:50+00:00,server04,21.46,64.26,38.63,148.05,normal,0
2026-09-10T02:30:00+00:00,server04,96.64,99.14,65.58,333.15,overload,1
2026-09-10T02:30:10+00:00,server04,56.04,23.62,52.67,214.03,normal,0
2026-09-10T02:30:20+00:00,server04,69.79,51.58,55.8,282.36,normal,0
2026-09-10T02:30:30+00:00,server04,42.88,98.34,45.36,217.06,normal,0
2026-09-10T02:30:40+00:00,server04,26.5,50.68,39.39,161.44,normal,0
2026-09-10T02:30:50+00:00,server04,88.57,42.54,88.43,312.81,cooling_fault,1
2026-09-10T02:31:00+00:00,server04,59.54,78.15,53.46,247.56,normal,0
2026-09-10T02:31:10+00:00,server04,63.7,45.69,73.29,245.72,cooling_fault,1
2026-09-10T02:31:20+00:00,server04,50.47,55.35,77.52,216.03,cooling_fault,1
2026-09-10T02:31:30+00:00,server04,93.07,47.41,82.5,333.66,cooling_fault,1
2026-09-10T02:31:40+00:00,server04,95.71,100.0,59.59,338.61,overload,1
2026-09-10T02:31:50+00:00,server04,95.57,100.0,65.81,349.81,overload,1
2026-09-10T02:32:00+00:00,server04,73.76,47.68,55.47,263.43,normal,0
2026-09-10T02:32:10+00:00,server04,84.4,80.34,61.32,325.57,normal,0
2026-09-10T02:32:20+00:00,server04,92.35,93.93,66.8,328.94,overload,1
2026-09-10T02:32:30+00:00,server04,76.64,37.04,52.64,291.04,normal,0
2026-09-10T02:32:40+00:00,server04,64.14,53.61,76.44,243.3,cooling_fault,1
2026-09-10T02:32:50+00:00,server04,12.69,76.28,37.28,123.58,normal,0
2026-09-10T02:33:00+00:00,server04,65.04,45.63,53.31,254.37,normal,0
2026-09-10T02:33:10+00:00,server04,80.56,42.06,64.18,270.53,normal,0
2026-09-10T02:33:20+00:00,server04,54.82,64.64,47.06,240.31,normal,0
2026-09-10T02:33:30+00:00,server04,90.83,38.58,62.16,296.78,normal,0
2026-09-10T02:33:40+00:00,server04,27.76,82.4,44.88,168.52,normal,0
2026-09-10T02:33:50+00:00,server04,30.46,48.91,45.96,161.14,normal,0
2026-09-10T02:34:00+00:00,server04,88.98,60.62,65.0,299.42,normal,0
2026-09-10T02:34:10+00:00,server04,100.0,97.2,64.38,362.82,overload,1
2026-09-10T02:34:20+00:00,server04,57.36,53.98,51.9,214.76,normal,0
2026-09-10T02:34:30+00:00,server04,17.8,54.05,40.0,148.72,normal,0
2026-09-10T02:34:40+00:00,server04,18.33,40.11,36.58,141.28,normal,0
2026-09-10T02:34:50+00:00,server04,20.02,47.42,35.26,147.92,normal,0
2026-09-10T02:35:00+00:00,server04,14.89,70.62,35.54,125.28,normal,0
2026-09-10T02:35:10+00:00,server04,51.19,33.95,40.4,220.28,normal,0
2026-09-10T02:35:20+00:00,server04,28.03,64.59,42.23,160.36,normal,0
2026-09-10T02:35:30+00:00,server04,92.81,75.2,66.06,327.81,normal,0
2026-09-10T02:35:40+00:00,server04,10.34,61.61,29.85,117.15,normal,0
2026-09-10T02:35:50+00:00,server04,96.71,95.25,61.89,347.23,overload,1
2026-09-10T02:36:00+00:00,server04,37.48,66.71,45.91,183.6,normal,0
2026-09-10T02:36:10+00:00,server04,68.33,52.04,54.35,264.09,normal,0
2026-09-10T02:36:20+00:00,server04,65.25,38.82,54.0,252.65,normal,0
2026-09-10T02:36:30+00:00,server04,66.67,68.73,49.38,257.18,normal,0
2026-09-10T02:36:40+00:00,server04,82.01,50.64,59.37,277.4,normal,0
2026-09-10T02:36:50+00:00,server04,13.48,28.77,67.89,122.69,cooling_fault,1
2026-09-10T02:37:00+00:00,server04,59.84,64.07,53.88,230.34,normal,0
2026-09-10T02:37:10+00:00,server04,99.74,94.8,64.55,322.99,overload,1
2026-09-10T02:37:20+00:00,server04,43.91,73.01,47.56,206.69,normal,0
2026-09-10T02:37:30+00:00,server04,99.02,93.82,71.2,337.01,overload,1
2026-09-10T02:37:40+00:00,server04,23.46,43.62,37.12,155.78,normal,0
2026-09-10T02:37:50+00:00,server04,73.79,55.88,48.89,261.73,normal,0
2026-09-10T02:38:00+00:00,server04,40.56,51.52,48.41,192.2,normal,0
2026-09-10T02:38:10+00:00,server04,91.46,80.66,66.61,328.46,normal,0
2026-09-10T02:38:20+00:00,server04,96.92,96.15,64.0,336.89,overload,1
2026-09-10T02:38:30+00:00,server04,79.75,37.82,62.01,289.8,normal,0
2026-09-10T02:38:40+00:00,server04,97.06,96.17,71.0,348.77,overload,1
2026-09-10T02:38:50+00:00,server04,10.32,48.48,37.76,124.54,normal,0
2026-09-10T02:39:00+00:00,server04,48.22,67.56,40.59,208.61,normal,0
2026-09-10T02:39:10+00:00,server04,93.91,28.51,62.06,317.86,normal,0
2026-09-10T02:39:20+00:00,server04,70.92,56.23,53.71,256.63,normal,0
2026-09-10T02:39:30+00:00,server04,57.46,66.29,76.17,242.17,cooling_fault,1
2026-09-10T02:39:40+00:00,server04,74.18,75.51,53.78,280.1,normal,0
2026-09-10T02:39:50+00:00,server04,14.27,39.78,34.03,111.31,normal,0
2026-09-10T02:40:00+00:00,server04,16.57,68.66,38.24,147.08,normal,0
2026-09-10T02:40:10+00:00,server04,58.12,65.18,48.37,237.44,normal,0
2026-09-10T02:40:20+00:00,server04,87.16,31.51,56.8,300.48,normal,0
2026-09-10T02:40:30+00:00,server04,41.96,96.47,41.93,213.21,normal,0
2026-09-10T02:40:40+00:00,server04,99.2,96.97,67.93,347.61,overload,1
2026-09-10T02:40:50+00:00,server04,30.31,42.22,66.89,153.03,cooling_fault,1
2026-09-10T02:41:00+00:00,server04,68.01,75.23,53.48,250.95,normal,0
2026-09-10T02:41:10+00:00,server04,10.51,40.0,37.12,133.52,normal,0
2026-09-10T02:41:20+00:00,server04,10.56,58.57,30.36,117.38,normal,0
2026-09-10T02:41:30+00:00,server04,63.94,42.44,51.02,254.76,normal,0
2026-09-10T02:41:40+00:00,server04,43.97,91.93,51.48,217.69,normal,0
2026-09-10T02:41:50+00:00,server04,99.92,94.62,67.75,362.5,overload,1
2026-09-10T02:42:00+00:00,server04,14.62,60.42,35.43,133.32,normal,0
2026-09-10T02:42:10+00:00,server04,13.0,71.78,35.98,131.31,normal,0
2026-09-10T02:42:20+00:00,server04,91.82,58.92,60.02,325.6,normal,0
2026-09-10T02:42:30+00:00,server04,67.2,45.42,75.2,264.0,cooling_fault,1
2026-09-10T02:42:40+00:00,server04,73.73,52.75,55.2,278.37,normal,0
2026-09-10T02:42:50+00:00,server04,92.23,99.15,61.05,344.7,overload,1
2026-09-10T02:43:00+00:00,server04,68.12,52.22,47.92,264.43,normal,0
2026-09-10T02:43:10+00:00,server04,44.26,71.56,43.9,200.46,normal,0
2026-09-10T02:43:20+00:00,server04,21.96,48.92,41.51,138.05,normal,0
2026-09-10T02:43:30+00:00,server04,92.35,36.52,67.65,310.86,normal,0
2026-09-10T02:43:40+00:00,server04,68.66,52.72,77.12,260.26,cooling_fault,1
2026-09-10T02:43:50+00:00,server04,93.94,36.95,67.33,310.65,normal,0
2026-09-10T02:44:00+00:00,server04,75.83,52.63,60.83,277.09,normal,0
2026-09-10T02:44:10+00:00,server04,95.19,93.49,61.31,332.51,overload,1
2026-09-10T02:44:20+00:00,server04,80.6,49.82,61.16,275.69,normal,0
2026-09-10T02:44:30+00:00,server04,48.64,88.55,50.06,226.79,normal,0
2026-09-10T02:44:40+00:00,server04,94.12,93.81,62.75,344.99,overload,1
2026-09-10T02:44:50+00:00,server04,27.08,58.55,41.63,156.94,normal,0
2026-09-10T02:45:00+00:00,server04,88.35,73.01,61.98,313.23,normal,0
2026-09-10T02:45:10+00:00,server04,73.82,69.11,61.71,284.59,normal,0
2026-09-10T02:45:20+00:00,server04,19.72,50.54,39.03,146.05,normal,0
2026-09-10T02:45:30+00:00,server04,16.48,50.09,56.24,144.02,cooling_fault,1
2026-09-10T02:45:40+00:00,server04,70.44,55.33,51.67,262.24,normal,0
2026-09-10T02:45:50+00:00,server04,37.74,47.69,40.98,179.15,normal,0
2026-09-10T02:46:00+00:00,server04,55.56,41.58,51.21,227.43,normal,0
2026-09-10T02:46:10+00:00,server04,80.85,65.16,59.65,299.51,normal,0
2026-09-10T02:46:20+00:00,server04,96.15,94.91,60.59,345.95,overload,1
2026-09-10T02:46:30+00:00,server04,35.46,68.73,40.53,195.71,normal,0
2026-09-10T00:00:00+00:00,server05,91.15,34.92,63.39,312.65,normal,0
2026-09-10T00:00:10+00:00,server05,87.48,22.82,59.64,295.04,normal,0
2026-09-10T00:00:20+00:00,server05,42.47,38.86,46.81,191.61,normal,0
2026-09-10T00:00:30+00:00,server05,54.55,61.46,48.45,216.37,normal,0
2026-09-10T00:00:40+00:00,server05,48.03,64.03,45.93,202.83,normal,0
2026-09-10T00:00:50+00:00,server05,77.9,67.65,56.44,273.78,normal,0
2026-09-10T00:01:00+00:00,server05,31.39,75.88,41.07,177.73,normal,0
2026-09-10T00:01:10+00:00,server05,59.84,45.32,50.65,229.86,normal,0
2026-09-10T00:01:20+00:00,server05,100.0,98.13,66.56,361.85,overload,1
2026-09-10T00:01:30+00:00,server05,30.92,48.09,73.84,184.64,cooling_fault,1
2026-09-10T00:01:40+00:00,server05,14.69,50.74,33.44,134.69,normal,0
2026-09-10T00:01:50+00:00,server05,33.92,40.89,67.58,184.36,cooling_fault,1
2026-09-10T00:02:00+00:00,server05,25.73,63.12,58.38,153.97,cooling_fault,1
2026-09-10T00:02:10+00:00,server05,92.11,61.09,63.84,319.17,normal,0
2026-09-10T00:02:20+00:00,server05,49.1,44.53,48.44,210.3,normal,0
2026-09-10T00:02:30+00:00,server05,56.88,70.79,54.04,245.69,normal,0
2026-09-10T00:02:40+00:00,server05,82.47,97.33,55.89,314.19,normal,0
2026-09-10T00:02:50+00:00,server05,42.68,57.78,43.41,203.18,normal,0
2026-09-10T00:03:00+00:00,server05,62.91,71.06,53.57,256.91,normal,0
2026-09-10T00:03:10+00:00,server05,55.64,82.59,46.56,236.85,normal,0
2026-09-10T00:03:20+00:00,server05,35.55,67.72,39.46,197.11,normal,0
2026-09-10T00:03:30+00:00,server05,43.34,56.79,49.95,194.2,normal,0
2026-09-10T00:03:40+00:00,server05,31.14,71.31,68.17,180.98,cooling_fault,1
2026-09-10T00:03:50+00:00,server05,89.16,80.32,60.87,316.13,normal,0
2026-09-10T00:04:00+00:00,server05,79.07,59.8,55.51,307.86,normal,0
2026-09-10T00:04:10+00:00,server05,13.12,62.8,34.61,127.54,normal,0
2026-09-10T00:04:20+00:00,server05,52.9,32.19,49.3,216.28,normal,0
2026-09-10T00:04:30+00:00,server05,84.83,49.59,62.31,302.73,normal,0
2026-09-10T00:04:40+00:00,server05,45.03,52.04,47.61,187.83,normal,0
2026-09-10T00:04:50+00:00,server05,79.25,87.77,55.13,287.59,normal,0
2026-09-10T00:05:00+00:00,server05,68.95,60.07,54.69,258.49,normal,0
2026-09-10T00:05:10+00:00,server05,96.85,91.15,59.77,336.74,overload,1
2026-09-10T00:05:20+00:00,server05,69.97,69.69,58.79,274.07,normal,0
2026-09-10T00:05:30+00:00,server05,72.56,35.16,54.16,262.0,normal,0
2026-09-10T00:05:40+00:00,server05,93.06,97.29,64.31,339.05,overload,1
2026-09-10T00:05:50+00:00,server05,16.99,54.26,37.54,131.16,normal,0
2026-09-10T00:06:00+00:00,server05,27.55,42.82,67.21,163.23,cooling_fault,1
2026-09-10T00:06:10+00:00,server05,40.83,68.37,44.12,193.71,normal,0
2026-09-10T00:06:20+00:00,server05,99.11,97.19,64.3,337.91,overload,1
2026-09-10T00:06:30+00:00,server05,19.95,35.83,36.63,160.08,normal,0
2026-09-10T00:06:40+00:00,server05,51.56,39.08,44.36,221.84,normal,0
2026-09-10T00:06:50+00:00,server05,62.92,57.15,62.69,244.36,normal,0
2026-09-10T00:07:00+00:00,server05,91.64,71.98,63.69,314.64,normal,0
2026-09-10T00:07:10+00:00,server05,49.13,75.28,43.25,217.56,normal,0
2026-09-10T00:07:20+00:00,server05,95.8,95.85,66.91,328.81,overload,1
2026-09-10T00:07:30+00:00,server05,43.06,74.57,48.43,212.28,normal,0
2026-09-10T00:07:40+00:00,server05,49.48,54.21,49.35,223.12,normal,0
2026-09-10T00:07:50+00:00,server05,85.22,51.06,64.01,311.62,normal,0
2026-09-10T00:08:00+00:00,server05,50.9,74.79,43.19,211.86,normal,0
2026-09-10T00:08:10+00:00,server05,53.55,39.1,49.41,222.39,normal,0
2026-09-10T00:08:20+00:00,server05,73.0,61.45,58.93,261.97,normal,0
2026-09-10T00:08:30+00:00,server05,97.38,100.0,61.05,344.86,overload,1
2026-09-10T00:08:40+00:00,server05,59.37,57.9,49.3,229.42,normal,0
2026-09-10T00:08:50+00:00,server05,50.74,62.15,49.55,225.17,normal,0
2026-09-10T00:09:00+00:00,server05,67.98,65.6,53.82,261.58,normal,0
2026-09-10T00:09:10+00:00,server05,22.03,79.26,41.12,154.6,normal,0
2026-09-10T00:09:20+00:00,server05,60.36,65.95,48.63,250.18,normal,0
2026-09-10T00:09:30+00:00,server05,56.29,98.84,51.17,238.76,normal,0
2026-09-10T00:09:40+00:00,server05,51.07,62.39,70.61,219.66,cooling_fault,1
2026-09-10T00:09:50+00:00,server05,10.06,60.19,65.62,113.18,cooling_fault,1
2026-09-10T00:10:00+00:00,server05,32.18,47.51,44.48,159.79,normal,0
2026-09-10T00:10:10+00:00,server05,96.67,94.59,59.78,326.71,overload,1
2026-09-10T00:10:20+00:00,server05,89.58,55.29,67.94,319.76,normal,0
2026-09-10T00:10:30+00:00,server05,62.04,36.74,53.57,243.24,normal,0
2026-09-10T00:10:40+00:00,server05,92.77,65.55,65.44,329.81,normal,0
2026-09-10T00:10:50+00:00,server05,37.37,43.37,42.2,174.34,normal,0
2026-09-10T00:11:00+00:00,server05,18.95,45.77,35.16,133.13,normal,0
2026-09-10T00:11:10+00:00,server05,62.93,47.49,78.34,231.2,cooling_fault,1
2026-09-10T00:11:20+00:00,server05,96.5,93.67,62.47,346.66,overload,1
2026-09-10T00:11:30+00:00,server05,90.0,53.21,61.11,332.02,normal,0
2026-09-10T00:11:40+00:00,server05,37.51,82.17,45.14,189.28,normal,0
2026-09-10T00:11:50+00:00,server05,48.65,79.68,48.67,230.53,normal,0
2026-09-10T00:12:00+00:00,server05,91.99,38.49,87.4,323.28,cooling_fault,1
2026-09-10T00:12:10+00:00,server05,94.48,54.0,64.07,320.15,normal,0
2026-09-10T00:12:20+00:00,server05,64.75,30.87,75.9,234.8,cooling_fault,1
2026-09-10T00:12:30+00:00,server05,53.83,48.89,46.45,231.94,normal,0
2026-09-10T00:12:40+00:00,server05,37.49,35.99,67.73,170.0,cooling_fault,1
2026-09-10T00:12:50+00:00,server05,35.45,69.88,43.83,196.11,normal,0
2026-09-10T00:13:00+00:00,server05,44.96,68.1,48.46,204.15,normal,0
2026-09-10T00:13:10+00:00,server05,56.5,24.87,76.53,212.69,cooling_fault,1
2026-09-10T00:13:20+00:00,server05,19.75,44.2,35.61,150.26,normal,0
2026-09-10T00:13:30+00:00,server05,50.35,60.47,46.97,225.31,normal,0
2026-09-10T00:13:40+00:00,server05,75.44,92.04,55.69,290.16,normal,0
2026-09-10T00:13:50+00:00,server05,28.95,61.9,39.14,172.96,normal,0
2026-09-10T00:14:00+00:00,server05,41.44,70.23,40.78,194.4,normal,0
2026-09-10T00:14:10+00:00,server05,80.57,39.94,58.64,286.59,normal,0
2026-09-10T00:14:20+00:00,server05,47.62,48.94,49.7,219.62,normal,0
2026-09-10T00:14:30+00:00,server05,25.19,57.36,61.92,145.99,cooling_fault,1
2026-09-10T00:14:40+00:00,server05,26.17,70.87,38.83,168.85,normal,0
2026-09-10T00:14:50+00:00,server05,13.31,84.92,63.64,142.34,cooling_fault,1
2026-09-10T00:15:00+00:00,server05,94.9,89.74,64.59,315.1,overload,1
2026-09-10T00:15:10+00:00,server05,95.99,93.66,70.11,353.07,overload,1
2026-09-10T00:15:20+00:00,server05,93.22,100.0,64.49,326.2,overload,1
2026-09-10T00:15:30+00:00,server05,78.11,46.02,57.76,283.79,normal,0
2026-09-10T00:15:40+00:00,server05,76.27,39.62,59.3,267.66,normal,0
2026-09-10T00:15:50+00:00,server05,94.35,38.0,59.48,315.51,normal,0
2026-09-10T00:16:00+00:00,server05,38.08,28.42,42.82,173.91,normal,0
2026-09-10T00:16:10+00:00,server05,85.63,53.79,57.74,315.45,normal,0
2026-09-10T00:16:20+00:00,server05,23.72,56.61,37.55,147.79,normal,0
2026-09-10T00:16:30+00:00,server05,89.0,40.61,92.87,323.89,cooling_fault,1
2026-09-10T00:16:40+00:00,server05,92.12,66.07,59.3,316.51,normal,0
2026-09-10T00:16:50+00:00,server05,24.94,49.68,58.48,149.15,cooling_fault,1
2026-09-10T00:17:00+00:00,server05,84.58,56.88,52.91,307.63,normal,0
2026-09-10T00:17:10+00:00,server05,51.25,57.31,46.25,206.78,normal,0
2026-09-10T00:17:20+00:00,server05,88.86,67.95,66.56,315.44,normal,0
2026-09-10T00:17:30+00:00,server05,16.79,66.06,33.99,136.08,normal,0
2026-09-10T00:17:40+00:00,server05,92.2,95.99,61.33,314.17,overload,1
2026-09-10T00:17:50+00:00,server05,44.49,67.79,46.43,218.7,normal,0
2026-09-10T00:18:00+00:00,server05,34.3,54.12,40.96,182.47,normal,0
2026-09-10T00:18:10+00:00,server05,67.13,55.13,54.88,249.6,normal,0
2026-09-10T00:18:20+00:00,server05,15.44,71.58,36.99,151.56,normal,0
2026-09-10T00:18:30+00:00,server05,20.56,51.04,40.0,143.2,normal,0
2026-09-10T00:18:40+00:00,server05,94.69,34.81,60.89,307.64,normal,0
2026-09-10T00:18:50+00:00,server05,57.57,57.23,51.46,238.2,normal,0
2026-09-10T00:19:00+00:00,server05,28.33,74.03,42.76,166.64,normal,0
2026-09-10T00:19:10+00:00,server05,66.31,74.54,59.51,251.96,normal,0
2026-09-10T00:19:20+00:00,server05,67.32,71.06,59.43,268.79,normal,0
2026-09-10T00:19:30+00:00,server05,100.0,99.39,67.99,339.56,overload,1
2026-09-10T00:19:40+00:00,server05,11.28,53.5,33.83,135.66,normal,0
2026-09-10T00:19:50+00:00,server05,30.05,59.75,37.94,161.43,normal,0
2026-09-10T00:20:00+00:00,server05,68.44,54.05,51.48,245.47,normal,0
2026-09-10T00:20:10+00:00,server05,43.41,44.29,42.3,195.56,normal,0
2026-09-10T00:20:20+00:00,server05,45.03,37.17,45.59,207.59,normal,0
2026-09-10T00:20:30+00:00,server05,63.55,50.11,49.57,240.17,normal,0
2026-09-10T00:20:40+00:00,server05,20.07,61.94,37.27,149.12,normal,0
2026-09-10T00:20:50+00:00,server05,49.78,50.12,70.53,234.61,cooling_fault,1
2026-09-10T00:21:00+00:00,server05,32.24,75.49,45.0,168.98,normal,0
2026-09-10T00:21:10+00:00,server05,84.57,64.17,58.93,301.43,normal,0
2026-09-10T00:21:20+00:00,server05,14.59,33.35,33.83,110.28,normal,0
2026-09-10T00:21:30+00:00,server05,32.89,60.04,40.57,185.94,normal,0
2026-09-10T00:21:40+00:00,server05,84.79,58.76,58.32,306.13,normal,0
2026-09-10T00:21:50+00:00,server05,72.15,72.1,51.66,268.48,normal,0
2026-09-10T00:22:00+00:00,server05,15.56,63.17,34.37,148.49,normal,0
2026-09-10T00:22:10+00:00,server05,93.97,64.04,58.84,341.43,normal,0
2026-09-10T00:22:20+00:00,server05,77.43,64.7,53.54,270.82,normal,0
2026-09-10T00:22:30+00:00,server05,41.76,60.94,49.74,209.06,normal,0
2026-09-10T00:22:40+00:00,server05,19.67,77.84,36.64,148.85,normal,0
2026-09-10T00:22:50+00:00,server05,88.76,95.84,63.23,322.94,overload,1
2026-09-10T00:23:00+00:00,server05,95.87,89.01,68.54,333.85,overload,1
2026-09-10T00:23:10+00:00,server05,72.91,69.68,56.34,282.04,normal,0
2026-09-10T00:23:20+00:00,server05,74.13,74.42,53.91,272.25,normal,0
2026-09-10T00:23:30+00:00,server05,85.2,64.71,55.69,283.5,normal,0
2026-09-10T00:23:40+00:00,server05,34.72,45.85,35.6,185.26,normal,0
2026-09-10T00:23:50+00:00,server05,44.9,59.55,39.54,197.75,normal,0
2026-09-10T00:24:00+00:00,server05,93.75,94.19,63.55,341.32,overload,1
2026-09-10T00:24:10+00:00,server05,73.82,65.67,53.06,275.32,normal,0
2026-09-10T00:24:20+00:00,server05,84.46,65.11,59.85,299.74,normal,0
2026-09-10T00:24:30+00:00,server05,55.86,56.5,46.57,235.66,normal,0
2026-09-10T00:24:40+00:00,server05,78.55,44.09,55.2,268.32,normal,0
2026-09-10T00:24:50+00:00,server05,94.65,92.42,59.75,331.79,overload,1
2026-09-10T00:25:00+00:00,server05,51.78,36.27,43.51,219.57,normal,0
2026-09-10T00:25:10+00:00,server05,23.79,63.39,38.74,155.73,normal,0
2026-09-10T00:25:20+00:00,server05,82.46,44.49,55.61,293.4,normal,0
2026-09-10T00:25:30+00:00,server05,19.75,52.4,36.79,146.31,normal,0
2026-09-10T00:25:40+00:00,server05,34.9,73.67,41.25,197.2,normal,0
2026-09-10T00:25:50+00:00,server05,32.05,73.58,40.8,180.85,normal,0
2026-09-10T00:26:00+00:00,server05,55.54,77.96,78.64,245.14,cooling_fault,1
2026-09-10T00:26:10+00:00,server05,48.81,58.27,75.17,210.48,cooling_fault,1
2026-09-10T00:26:20+00:00,server05,26.65,65.29,42.5,160.01,normal,0
2026-09-10T00:26:30+00:00,server05,48.24,51.06,69.44,203.8,cooling_fault,1
2026-09-10T00:26:40+00:00,server05,63.05,67.41,54.69,239.46,normal,0
2026-09-10T00:26:50+00:00,server05,30.38,51.85,40.19,166.69,normal,0
2026-09-10T00:27:00+00:00,server05,50.47,46.43,51.62,215.26,normal,0
2026-09-10T00:27:10+00:00,server05,46.46,48.88,44.34,212.28,normal,0
2026-09-10T00:27:20+00:00,server05,61.56,55.87,50.71,239.83,normal,0
2026-09-10T00:27:30+00:00,server05,19.59,78.64,66.08,145.59,cooling_fault,1
2026-09-10T00:27:40+00:00,server05,44.53,62.97,68.05,192.83,cooling_fault,1
2026-09-10T00:27:50+00:00,server05,61.83,57.35,52.17,250.57,normal,0
2026-09-10T00:28:00+00:00,server05,89.74,93.95,60.04,322.27,overload,1
2026-09-10T00:28:10+00:00,server05,94.81,34.76,85.46,319.21,cooling_fault,1
2026-09-10T00:28:20+00:00,server05,17.59,50.7,38.65,143.1,normal,0
2026-09-10T00:28:30+00:00,server05,95.93,93.8,60.38,329.31,overload,1
2026-09-10T00:28:40+00:00,server05,85.43,48.77,61.89,298.05,normal,0
2026-09-10T00:28:50+00:00,server05,95.2,97.46,60.25,339.39,overload,1
2026-09-10T00:29:00+00:00,server05,18.63,50.6,31.81,140.77,normal,0
2026-09-10T00:29:10+00:00,server05,99.22,94.72,63.01,355.82,overload,1
2026-09-10T00:29:20+00:00,server05,49.38,27.56,51.21,221.77,normal,0
2026-09-10T00:29:30+00:00,server05,93.55,95.21,61.2,332.84,overload,1
2026-09-10T00:29:40+00:00,server05,56.1,40.59,50.21,217.88,normal,0
2026-09-10T00:29:50+00:00,server05,69.58,48.93,52.64,269.23,normal,0
2026-09-10T00:30:00+00:00,server05,12.67,54.66,28.05,110.83,normal,0
2026-09-10T00:30:10+00:00,server05,74.77,51.48,53.58,272.97,normal,0
2026-09-10T00:30:20+00:00,server05,91.5,65.85,60.36,318.95,normal,0
2026-09-10T00:30:30+00:00,server05,12.73,79.79,34.37,143.84,normal,0
2026-09-10T00:30:40+00:00,server05,44.76,22.96,46.12,199.48,normal,0
2026-09-10T00:30:50+00:00,server05,45.52,64.06,47.57,198.9,normal,0
2026-09-10T00:31:00+00:00,server05,41.91,63.87,44.29,202.8,normal,0
2026-09-10T00:31:10+00:00,server05,31.84,59.26,44.89,173.14,normal,0
2026-09-10T00:31:20+00:00,server05,98.03,99.3,68.18,350.78,overload,1
2026-09-10T00:31:30+00:00,server05,25.21,46.23,64.0,167.87,cooling_fault,1
2026-09-10T00:31:40+00:00,server05,51.94,49.27,45.88,226.2,normal,0
2026-09-10T00:31:50+00:00,server05,34.04,43.46,68.92,166.46,cooling_fault,1
2026-09-10T00:32:00+00:00,server05,43.6,42.7,48.42,192.82,normal,0
2026-09-10T00:32:10+00:00,server05,80.46,70.56,56.16,303.4,normal,0
2026-09-10T00:32:20+00:00,server05,76.31,55.45,55.29,284.13,normal,0
2026-09-10T00:32:30+00:00,server05,56.18,55.69,44.92,230.94,normal,0
2026-09-10T00:32:40+00:00,server05,63.77,69.27,51.19,250.17,normal,0
2026-09-10T00:32:50+00:00,server05,35.85,84.49,43.38,186.71,normal,0
2026-09-10T00:33:00+00:00,server05,60.34,42.54,79.16,234.16,cooling_fault,1
2026-09-10T00:33:10+00:00,server05,37.65,64.74,67.85,184.77,cooling_fault,1
2026-09-10T00:33:20+00:00,server05,82.24,73.29,63.19,285.34,normal,0
2026-09-10T00:33:30+00:00,server05,90.2,63.16,64.75,318.04,normal,0
2026-09-10T00:33:40+00:00,server05,46.04,64.31,48.27,210.9,normal,0
2026-09-10T00:33:50+00:00,server05,42.31,59.04,46.96,204.3,normal,0
2026-09-10T00:34:00+00:00,server05,95.85,94.74,61.21,332.12,overload,1
2026-09-10T00:34:10+00:00,server05,82.24,67.21,58.63,304.1,normal,0
2026-09-10T00:34:20+00:00,server05,98.53,93.57,65.71,350.44,overload,1
2026-09-10T00:34:30+00:00,server05,17.73,88.99,39.05,155.7,normal,0
2026-09-10T00:34:40+00:00,server05,12.33,53.35,37.21,117.81,normal,0
2026-09-10T00:34:50+00:00,server05,23.76,64.84,35.72,154.67,normal,0
2026-09-10T00:35:00+00:00,server05,83.0,18.4,55.97,286.82,normal,0
2026-09-10T00:35:10+00:00,server05,57.17,64.14,72.5,229.72,cooling_fault,1
2026-09-10T00:35:20+00:00,server05,64.52,68.61,53.72,265.69,normal,0
2026-09-10T00:35:30+00:00,server05,71.67,85.52,80.3,281.66,cooling_fault,1
2026-09-10T00:35:40+00:00,server05,31.68,68.41,44.48,172.61,normal,0
2026-09-10T00:35:50+00:00,server05,36.35,60.86,45.16,189.64,normal,0
2026-09-10T00:36:00+00:00,server05,25.85,71.68,37.38,163.52,normal,0
2026-09-10T00:36:10+00:00,server05,58.12,73.35,49.57,242.56,normal,0
2026-09-10T00:36:20+00:00,server05,14.03,58.48,32.56,129.34,normal,0
2026-09-10T00:36:30+00:00,server05,93.48,58.59,61.42,322.21,normal,0
2026-09-10T00:36:40+00:00,server05,99.43,93.68,66.71,341.1,overload,1
2026-09-10T00:36:50+00:00,server05,93.98,71.27,93.78,329.27,cooling_fault,1
2026-09-10T00:37:00+00:00,server05,59.05,38.17,48.86,221.21,normal,0
2026-09-10T00:37:10+00:00,server05,72.19,28.3,51.97,247.83,normal,0
2026-09-10T00:37:20+00:00,server05,81.12,29.65,58.27,283.73,normal,0
2026-09-10T00:37:30+00:00,server05,13.34,53.88,33.6,125.54,normal,0
2026-09-10T00:37:40+00:00,server05,83.56,50.3,55.28,293.76,normal,0
2026-09-10T00:37:50+00:00,server05,21.12,64.16,44.03,136.23,normal,0
2026-09-10T00:38:00+00:00,server05,80.88,47.17,86.46,293.3,cooling_fault,1
2026-09-10T00:38:10+00:00,server05,16.59,60.0,30.57,132.22,normal,0
2026-09-10T00:38:20+00:00,server05,26.9,62.45,31.87,152.48,normal,0
2026-09-10T00:38:30+00:00,server05,42.45,49.35,42.42,180.72,normal,0
2026-09-10T00:38:40+00:00,server05,22.2,32.17,37.86,147.58,normal,0
2026-09-10T00:38:50+00:00,server05,31.93,55.57,39.05,173.74,normal,0
2026-09-10T00:39:00+00:00,server05,59.32,66.86,48.74,247.53,normal,0
2026-09-10T00:39:10+00:00,server05,88.2,48.04,62.91,317.11,normal,0
2026-09-10T00:39:20+00:00,server05,38.66,72.46,44.13,192.59,normal,0
2026-09-10T00:39:30+00:00,server05,68.74,52.33,49.64,246.75,normal,0
2026-09-10T00:39:40+00:00,server05,63.59,58.06,52.16,243.41,normal,0
2026-09-10T00:39:50+00:00,server05,84.82,52.05,57.43,303.01,normal,0
2026-09-10T00:40:00+00:00,server05,75.72,65.58,55.99,280.04,normal,0
2026-09-10T00:40:10+00:00,server05,48.9,26.9,74.34,200.39,cooling_fault,1
2026-09-10T00:40:20+00:00,server05,81.61,52.83,54.77,307.18,normal,0
2026-09-10T00:40:30+00:00,server05,64.55,26.66,53.4,237.79,normal,0
2026-09-10T00:40:40+00:00,server05,42.03,75.26,43.42,190.61,normal,0
2026-09-10T00:40:50+00:00,server05,11.8,27.71,30.96,110.74,normal,0
2026-09-10T00:41:00+00:00,server05,58.31,49.78,77.29,218.57,cooling_fault,1
2026-09-10T00:41:10+00:00,server05,92.42,57.48,60.73,318.73,normal,0
2026-09-10T00:41:20+00:00,server05,20.71,67.92,38.21,154.18,normal,0
2026-09-10T00:41:30+00:00,server05,38.27,81.11,41.38,183.44,normal,0
2026-09-10T00:41:40+00:00,server05,64.95,76.89,49.34,258.31,normal,0
2026-09-10T00:41:50+00:00,server05,32.04,52.43,42.29,181.25,normal,0
2026-09-10T00:42:00+00:00,server05,63.35,42.76,56.78,236.25,normal,0
2026-09-10T00:42:10+00:00,server05,49.68,77.34,75.13,205.53,cooling_fault,1
2026-09-10T00:42:20+00:00,server05,83.46,60.24,57.18,295.86,normal,0
2026-09-10T00:42:30+00:00,server05,54.1,36.71,51.59,224.98,normal,0
2026-09-10T00:42:40+00:00,server05,58.6,56.43,54.5,238.78,normal,0
2026-09-10T00:42:50+00:00,server05,90.38,96.38,60.44,318.95,overload,1
2026-09-10T00:43:00+00:00,server05,50.01,24.9,75.36,212.24,cooling_fault,1
2026-09-10T00:43:10+00:00,server05,25.9,31.14,38.05,150.09,normal,0
2026-09-10T00:43:20+00:00,server05,64.93,39.1,53.44,245.54,normal,0
2026-09-10T00:43:30+00:00,server05,89.46,64.37,62.65,318.47,normal,0
2026-09-10T00:43:40+00:00,server05,96.51,90.87,60.82,339.16,overload,1
2026-09-10T00:43:50+00:00,server05,61.16,39.14,50.31,246.2,normal,0
2026-09-10T00:44:00+00:00,server05,85.3,58.68,59.11,304.46,normal,0
2026-09-10T00:44:10+00:00,server05,47.23,76.52,51.05,223.06,normal,0
2026-09-10T00:44:20+00:00,server05,50.55,40.77,46.76,232.89,normal,0
2026-09-10T00:44:30+00:00,server05,82.12,60.68,59.81,295.11,normal,0
2026-09-10T00:44:40+00:00,server05,87.9,98.85,58.91,305.67,overload,1
2026-09-10T00:44:50+00:00,server05,26.16,66.52,42.5,155.39,normal,0
2026-09-10T00:45:00+00:00,server05,40.28,67.32,37.79,197.89,normal,0
2026-09-10T00:45:10+00:00,server05,83.86,65.63,62.54,278.97,normal,0
2026-09-10T00:45:20+00:00,server05,33.58,75.02,38.23,169.06,normal,0
2026-09-10T00:45:30+00:00,server05,92.46,50.34,63.94,323.18,normal,0
2026-09-10T00:45:40+00:00,server05,22.66,39.19,40.05,151.91,normal,0
2026-09-10T00:45:50+00:00,server05,72.25,17.69,58.39,253.62,normal,0
2026-09-10T00:46:00+00:00,server05,23.69,54.44,39.64,152.5,normal,0
2026-09-10T00:46:10+00:00,server05,30.5,34.88,31.11,160.33,normal,0
2026-09-10T00:46:20+00:00,server05,94.87,92.22,65.82,324.3,overload,1
2026-09-10T00:46:30+00:00,server05,50.8,59.75,49.24,227.43,normal,0
2026-09-10T00:46:40+00:00,server05,86.29,62.3,62.0,312.91,normal,0
2026-09-10T00:46:50+00:00,server05,10.94,39.02,35.51,123.79,normal,0
2026-09-10T00:47:00+00:00,server05,56.22,63.95,49.28,245.52,normal,0
2026-09-10T00:47:10+00:00,server05,99.0,95.7,70.13,348.24,overload,1
2026-09-10T00:47:20+00:00,server05,46.25,44.45,71.16,208.05,cooling_fault,1
2026-09-10T00:47:30+00:00,server05,88.51,58.19,62.91,309.67,normal,0
2026-09-10T00:47:40+00:00,server05,90.6,41.32,61.53,313.92,normal,0
2026-09-10T00:47:50+00:00,server05,87.49,51.45,65.16,309.77,normal,0
2026-09-10T00:48:00+00:00,server05,92.92,92.86,62.54,333.08,overload,1
2026-09-10T00:48:10+00:00,server05,44.4,49.45,44.01,217.77,normal,0
2026-09-10T00:48:20+00:00,server05,94.31,30.42,61.95,323.0,normal,0
2026-09-10T00:48:30+00:00,server05,15.27,54.89,38.67,127.05,normal,0
2026-09-10T00:48:40+00:00,server05,54.03,62.24,48.37,230.68,normal,0
2026-09-10T00:48:50+00:00,server05,91.74,93.98,60.55,324.6,overload,1
2026-09-10T00:49:00+00:00,server05,56.15,24.92,73.71,213.73,cooling_fault,1
2026-09-10T00:49:10+00:00,server05,24.03,22.38,36.09,147.22,normal,0
2026-09-10T00:49:20+00:00,server05,57.02,70.74,49.47,231.89,normal,0
2026-09-10T00:49:30+00:00,server05,73.25,85.04,61.02,279.75,normal,0
2026-09-10T00:49:40+00:00,server05,77.69,53.1,58.63,284.8,normal,0
2026-09-10T00:49:50+00:00,server05,84.15,70.99,57.89,295.87,normal,0
2026-09-10T00:50:00+00:00,server05,12.79,38.6,61.15,119.58,cooling_fault,1
2026-09-10T00:50:10+00:00,server05,26.48,60.96,38.92,175.32,normal,0
2026-09-10T00:50:20+00:00,server05,13.88,49.43,37.22,129.75,normal,0
2026-09-10T00:50:30+00:00,server05,51.59,73.86,51.6,238.31,normal,0
2026-09-10T00:50:40+00:00,server05,71.78,60.11,79.29,255.67,cooling_fault,1
2026-09-10T00:50:50+00:00,server05,12.08,55.65,28.56,123.39,normal,0
2026-09-10T00:51:00+00:00,server05,71.42,57.49,81.72,277.6,cooling_fault,1
2026-09-10T00:51:10+00:00,server05,94.87,95.55,63.85,341.54,overload,1
2026-09-10T00:51:20+00:00,server05,83.79,20.03,60.58,291.0,normal,0
2026-09-10T00:51:30+00:00,server05,81.39,54.09,56.36,304.99,normal,0
2026-09-10T00:51:40+00:00,server05,89.47,24.21,63.09,307.55,normal,0
2026-09-10T00:51:50+00:00,server05,68.33,49.78,83.18,266.87,cooling_fault,1
2026-09-10T00:52:00+00:00,server05,39.31,85.47,46.56,189.9,normal,0
2026-09-10T00:52:10+00:00,server05,85.47,37.87,58.96,296.11,normal,0
2026-09-10T00:52:20+00:00,server05,78.9,82.52,56.18,285.07,normal,0
2026-09-10T00:52:30+00:00,server05,28.25,48.95,42.44,155.8,normal,0
2026-09-10T00:52:40+00:00,server05,25.84,55.16,38.7,163.44,normal,0
2026-09-10T00:52:50+00:00,server05,23.16,25.0,37.5,145.47,normal,0
2026-09-10T00:53:00+00:00,server05,64.38,77.32,52.94,256.87,normal,0
2026-09-10T00:53:10+00:00,server05,52.15,59.94,48.99,214.66,normal,0
2026-09-10T00:53:20+00:00,server05,32.96,45.63,39.16,176.04,normal,0
2026-09-10T00:53:30+00:00,server05,40.21,42.07,43.68,196.53,normal,0
2026-09-10T00:53:40+00:00,server05,55.68,59.63,53.58,235.43,normal,0
2026-09-10T00:53:50+00:00,server05,97.92,94.53,64.82,339.44,overload,1
2026-09-10T00:54:00+00:00,server05,55.14,60.2,48.44,238.68,normal,0
2026-09-10T00:54:10+00:00,server05,90.69,92.91,57.12,328.22,overload,1
2026-09-10T00:54:20+00:00,server05,37.27,69.46,40.27,183.81,normal,0
2026-09-10T00:54:30+00:00,server05,59.93,24.81,51.82,213.7,normal,0
2026-09-10T00:54:40+00:00,server05,90.59,100.0,60.99,317.44,normal,0
2026-09-10T00:54:50+00:00,server05,63.43,44.95,49.43,242.3,normal,0
2026-09-10T00:55:00+00:00,server05,21.6,41.78,35.55,141.07,normal,0
2026-09-10T00:55:10+00:00,server05,24.18,64.65,37.77,143.4,normal,0
2026-09-10T00:55:20+00:00,server05,43.99,34.25,44.3,189.52,normal,0
2026-09-10T00:55:30+00:00,server05,12.26,53.91,33.72,113.76,normal,0
2026-09-10T00:55:40+00:00,server05,20.04,43.79,37.59,149.03,normal,0
2026-09-10T00:55:50+00:00,server05,38.61,98.77,43.14,197.63,normal,0
2026-09-10T00:56:00+00:00,server05,38.88,73.72,42.55,202.43,normal,0
2026-09-10T00:56:10+00:00,server05,66.85,41.04,58.63,252.19,normal,0
2026-09-10T00:56:20+00:00,server05,50.6,52.88,52.23,222.78,normal,0
2026-09-10T00:56:30+00:00,server05,15.83,75.94,36.54,162.99,normal,0
2026-09-10T00:56:40+00:00,server05,15.16,49.11,38.02,129.14,normal,0
2026-09-10T00:56:50+00:00,server05,41.29,69.28,45.88,193.68,normal,0
2026-09-10T00:57:00+00:00,server05,40.64,68.3,46.81,196.6,normal,0
2026-09-10T00:57:10+00:00,server05,60.3,57.24,52.8,237.19,normal,0
2026-09-10T00:57:20+00:00,server05,37.59,47.82,42.84,171.28,normal,0
2026-09-10T00:57:30+00:00,server05,38.42,54.88,35.35,186.64,normal,0
2026-09-10T00:57:40+00:00,server05,94.17,99.36,55.66,329.29,overload,1
2026-09-10T00:57:50+00:00,server05,90.92,43.32,67.92,314.22,normal,0
2026-09-10T00:58:00+00:00,server05,35.15,57.43,46.09,196.83,normal,0
2026-09-10T00:58:10+00:00,server05,85.29,54.35,58.57,308.86,normal,0
2026-09-10T00:58:20+00:00,server05,20.1,71.5,41.13,140.1,normal,0
2026-09-10T00:58:30+00:00,server05,81.67,74.85,55.68,290.97,normal,0
2026-09-10T00:58:40+00:00,server05,20.48,52.87,38.76,135.89,normal,0
2026-09-10T00:58:50+00:00,server05,19.22,40.31,34.53,139.97,normal,0
2026-09-10T00:59:00+00:00,server05,79.79,62.55,80.17,298.24,cooling_fault,1
2026-09-10T00:59:10+00:00,server05,92.88,68.44,55.15,329.33,normal,0
2026-09-10T00:59:20+00:00,server05,88.95,84.37,59.54,326.44,normal,0
2026-09-10T00:59:30+00:00,server05,15.06,51.24,34.36,143.74,normal,0
2026-09-10T00:59:40+00:00,server05,13.41,39.31,32.94,131.84,normal,0
2026-09-10T00:59:50+00:00,server05,89.22,30.75,63.49,313.77,normal,0
2026-09-10T01:00:00+00:00,server05,100.0,91.04,67.73,339.15,overload,1
2026-09-10T01:00:10+00:00,server05,34.85,82.02,43.7,185.02,normal,0
2026-09-10T01:00:20+00:00,server05,45.9,47.34,50.11,214.56,normal,0
2026-09-10T01:00:30+00:00,server05,20.85,55.94,59.17,150.32,cooling_fault,1
2026-09-10T01:00:40+00:00,server05,98.68,99.04,62.38,346.83,overload,1
2026-09-10T01:00:50+00:00,server05,96.72,95.99,66.73,351.43,overload,1
2026-09-10T01:01:00+00:00,server05,93.42,90.94,64.26,343.49,overload,1
2026-09-10T01:01:10+00:00,server05,30.04,86.27,41.98,179.34,normal,0
2026-09-10T01:01:20+00:00,server05,20.75,65.3,38.77,143.95,normal,0
2026-09-10T01:01:30+00:00,server05,89.81,79.96,64.12,315.34,normal,0
2026-09-10T01:01:40+00:00,server05,87.05,47.61,59.21,294.12,normal,0
2026-09-10T01:01:50+00:00,server05,96.49,94.2,71.26,344.59,overload,1
2026-09-10T01:02:00+00:00,server05,72.27,60.97,54.1,282.39,normal,0
2026-09-10T01:02:10+00:00,server05,48.57,39.71,44.97,212.01,normal,0
2026-09-10T01:02:20+00:00,server05,10.73,34.96,33.77,119.2,normal,0
2026-09-10T01:02:30+00:00,server05,21.77,42.75,42.1,143.6,normal,0
2026-09-10T01:02:40+00:00,server05,23.54,56.36,60.03,155.98,cooling_fault,1
2026-09-10T01:02:50+00:00,server05,69.15,46.73,55.27,253.37,normal,0
2026-09-10T01:03:00+00:00,server05,97.06,94.68,63.58,345.51,overload,1
2026-09-10T01:03:10+00:00,server05,42.83,38.16,43.07,198.92,normal,0
2026-09-10T01:03:20+00:00,server05,13.79,43.23,36.68,124.29,normal,0
2026-09-10T01:03:30+00:00,server05,70.93,50.31,57.67,266.43,normal,0
2026-09-10T01:03:40+00:00,server05,83.01,40.44,56.3,288.8,normal,0
2026-09-10T01:03:50+00:00,server05,21.87,59.29,35.6,155.81,normal,0
2026-09-10T01:04:00+00:00,server05,23.22,45.04,36.07,149.92,normal,0
2026-09-10T01:04:10+00:00,server05,38.11,33.15,46.4,191.66,normal,0
2026-09-10T01:04:20+00:00,server05,96.68,92.03,62.52,327.71,overload,1
2026-09-10T01:04:30+00:00,server05,32.51,63.09,47.26,176.3,normal,0
2026-09-10T01:04:40+00:00,server05,74.55,50.76,79.13,276.91,cooling_fault,1
2026-09-10T01:04:50+00:00,server05,31.96,64.77,45.45,178.62,normal,0
2026-09-10T01:05:00+00:00,server05,28.47,50.44,44.01,152.49,normal,0
2026-09-10T01:05:10+00:00,server05,93.45,51.83,61.85,317.72,normal,0
2026-09-10T01:05:20+00:00,server05,40.67,68.86,44.27,207.01,normal,0
2026-09-10T01:05:30+00:00,server05,84.37,42.64,62.11,287.05,normal,0
2026-09-10T01:05:40+00:00,server05,34.95,13.78,47.21,168.06,normal,0
2026-09-10T01:05:50+00:00,server05,38.7,61.59,40.88,186.74,normal,0
2026-09-10T01:06:00+00:00,server05,77.16,47.27,59.57,281.54,normal,0
2026-09-10T01:06:10+00:00,server05,89.36,53.6,58.22,325.0,normal,0
2026-09-10T01:06:20+00:00,server05,80.77,70.52,56.89,276.21,normal,0
2026-09-10T01:06:30+00:00,server05,97.91,94.69,63.01,323.43,overload,1
2026-09-10T01:06:40+00:00,server05,92.75,92.83,65.01,322.23,overload,1
2026-09-10T01:06:50+00:00,server05,55.87,68.09,48.35,246.26,normal,0
2026-09-10T01:07:00+00:00,server05,29.1,31.91,35.23,162.11,normal,0
2026-09-10T01:07:10+00:00,server05,81.18,60.7,60.89,301.45,normal,0
2026-09-10T01:07:20+00:00,server05,93.25,95.83,64.13,328.74,overload,1
2026-09-10T01:07:30+00:00,server05,92.25,93.12,63.4,341.38,overload,1
2026-09-10T01:07:40+00:00,server05,62.18,56.2,51.54,234.51,normal,0
2026-09-10T01:07:50+00:00,server05,68.61,63.62,56.85,269.64,normal,0
2026-09-10T01:08:00+00:00,server05,85.47,40.26,59.76,291.41,normal,0
2026-09-10T01:08:10+00:00,server05,33.54,53.52,43.82,170.62,normal,0
2026-09-10T01:08:20+00:00,server05,62.3,59.6,51.53,254.01,normal,0
2026-09-10T01:08:30+00:00,server05,90.99,66.25,60.67,317.52,normal,0
2026-09-10T01:08:40+00:00,server05,80.48,59.49,58.89,281.64,normal,0
2026-09-10T01:08:50+00:00,server05,71.23,45.12,50.84,263.24,normal,0
2026-09-10T01:09:00+00:00,server05,54.88,48.37,49.54,227.06,normal,0
2026-09-10T01:09:10+00:00,server05,75.57,39.4,56.77,259.15,normal,0
2026-09-10T01:09:20+00:00,server05,79.43,72.66,50.46,305.82,normal,0
2026-09-10T01:09:30+00:00,server05,83.98,59.49,61.25,297.14,normal,0
2026-09-10T01:09:40+00:00,server05,45.84,49.0,45.14,200.41,normal,0
2026-09-10T01:09:50+00:00,server05,95.93,94.65,66.81,328.33,overload,1
2026-09-10T01:10:00+00:00,server05,82.46,59.4,60.51,299.35,normal,0
2026-09-10T01:10:10+00:00,server05,37.64,56.37,40.14,192.36,normal,0
2026-09-10T01:10:20+00:00,server05,84.85,60.55,57.23,297.72,normal,0
2026-09-10T01:10:30+00:00,server05,34.67,69.6,39.18,176.18,normal,0
2026-09-10T01:10:40+00:00,server05,40.02,54.6,49.56,192.2,normal,0
2026-09-10T01:10:50+00:00,server05,97.96,94.98,63.89,326.64,overload,1
2026-09-10T01:11:00+00:00,server05,64.7,58.47,60.04,255.08,normal,0
2026-09-10T01:11:10+00:00,server05,78.61,63.11,57.25,286.94,normal,0
2026-09-10T01:11:20+00:00,server05,44.31,52.45,47.38,194.01,normal,0
2026-09-10T01:11:30+00:00,server05,50.32,51.63,53.14,217.56,normal,0
2026-09-10T01:11:40+00:00,server05,64.59,50.33,46.67,257.16,normal,0
2026-09-10T01:11:50+00:00,server05,60.22,63.12,50.53,252.74,normal,0
2026-09-10T01:12:00+00:00,server05,75.78,31.52,54.93,274.26,normal,0
2026-09-10T01:12:10+00:00,server05,67.47,31.31,49.18,256.0,normal,0
2026-09-10T01:12:20+00:00,server05,17.47,30.55,35.82,130.81,normal,0
2026-09-10T01:12:30+00:00,server05,78.83,25.5,58.11,281.06,normal,0
2026-09-10T01:12:40+00:00,server05,44.45,66.64,72.5,217.24,cooling_fault,1
2026-09-10T01:12:50+00:00,server05,49.87,53.99,47.72,220.04,normal,0
2026-09-10T01:13:00+00:00,server05,64.67,68.02,77.22,253.17,cooling_fault,1
2026-09-10T01:13:10+00:00,server05,59.68,73.5,53.95,243.48,normal,0
2026-09-10T01:13:20+00:00,server05,74.08,57.73,54.14,271.68,normal,0
2026-09-10T01:13:30+00:00,server05,33.13,50.34,34.87,175.39,normal,0
2026-09-10T01:13:40+00:00,server05,61.42,49.75,50.35,252.54,normal,0
2026-09-10T01:13:50+00:00,server05,14.06,75.74,33.04,136.09,normal,0
2026-09-10T01:14:00+00:00,server05,53.9,60.61,47.64,233.04,normal,0
2026-09-10T01:14:10+00:00,server05,90.24,49.67,58.03,312.37,normal,0
2026-09-10T01:14:20+00:00,server05,46.48,55.67,42.52,204.31,normal,0
2026-09-10T01:14:30+00:00,server05,30.21,41.46,37.28,180.54,normal,0
2026-09-10T01:14:40+00:00,server05,21.66,43.91,38.23,158.88,normal,0
2026-09-10T01:14:50+00:00,server05,79.75,55.43,54.83,282.56,normal,0
2026-09-10T01:15:00+00:00,server05,96.65,98.67,64.31,339.11,overload,1
2026-09-10T01:15:10+00:00,server05,97.07,91.29,60.57,347.55,overload,1
2026-09-10T01:15:20+00:00,server05,12.37,50.54,33.82,130.65,normal,0
2026-09-10T01:15:30+00:00,server05,88.38,44.39,60.35,307.85,normal,0
2026-09-10T01:15:40+00:00,server05,45.11,55.69,45.68,198.74,normal,0
2026-09-10T01:15:50+00:00,server05,87.98,56.94,54.61,306.51,normal,0
2026-09-10T01:16:00+00:00,server05,46.89,91.33,47.16,229.75,normal,0
2026-09-10T01:16:10+00:00,server05,47.98,52.01,51.61,217.54,normal,0
2026-09-10T01:16:20+00:00,server05,21.65,52.95,37.73,147.49,normal,0
2026-09-10T01:16:30+00:00,server05,50.49,36.92,51.1,209.31,normal,0
2026-09-10T01:16:40+00:00,server05,95.0,96.24,62.77,323.03,overload,1
2026-09-10T01:16:50+00:00,server05,48.46,56.26,43.8,202.48,normal,0
2026-09-10T01:17:00+00:00,server05,48.06,37.47,46.72,194.73,normal,0
2026-09-10T01:17:10+00:00,server05,32.46,17.79,39.79,166.99,normal,0
2026-09-10T01:17:20+00:00,server05,67.44,61.49,50.55,260.21,normal,0
2026-09-10T01:17:30+00:00,server05,38.77,51.91,47.02,181.75,normal,0
2026-09-10T01:17:40+00:00,server05,78.71,52.59,58.89,265.45,normal,0
2026-09-10T01:17:50+00:00,server05,78.71,58.39,55.98,277.59,normal,0
2026-09-10T01:18:00+00:00,server05,22.53,63.18,39.03,149.44,normal,0
2026-09-10T01:18:10+00:00,server05,46.73,72.86,50.32,222.41,normal,0
2026-09-10T01:18:20+00:00,server05,50.96,57.28,48.56,219.31,normal,0
2026-09-10T01:18:30+00:00,server05,89.73,46.41,64.16,318.56,normal,0
2026-09-10T01:18:40+00:00,server05,66.34,49.88,45.19,253.26,normal,0
2026-09-10T01:18:50+00:00,server05,87.44,46.15,59.71,313.41,normal,0
2026-09-10T01:19:00+00:00,server05,72.96,46.44,56.19,265.57,normal,0
2026-09-10T01:19:10+00:00,server05,32.62,86.92,40.16,196.58,normal,0
2026-09-10T01:19:20+00:00,server05,66.72,36.7,54.4,242.57,normal,0
2026-09-10T01:19:30+00:00,server05,51.03,53.59,51.15,222.94,normal,0
2026-09-10T01:19:40+00:00,server05,91.52,62.45,66.78,310.67,normal,0
2026-09-10T01:19:50+00:00,server05,73.85,25.62,51.16,271.09,normal,0
2026-09-10T01:20:00+00:00,server05,92.08,37.03,62.58,312.15,normal,0
2026-09-10T01:20:10+00:00,server05,33.34,49.56,42.19,177.3,normal,0
2026-09-10T01:20:20+00:00,server05,47.97,36.98,41.35,214.35,normal,0
2026-09-10T01:20:30+00:00,server05,94.86,93.16,61.3,323.95,overload,1
2026-09-10T01:20:40+00:00,server05,40.46,54.94,45.67,189.62,normal,0
2026-09-10T01:20:50+00:00,server05,86.93,68.54,58.9,292.34,normal,0
2026-09-10T01:21:00+00:00,server05,79.43,46.61,61.4,277.82,normal,0
2026-09-10T01:21:10+00:00,server05,17.43,55.55,35.42,137.66,normal,0
2026-09-10T01:21:20+00:00,server05,67.65,87.16,54.52,263.29,normal,0
2026-09-10T01:21:30+00:00,server05,10.51,24.38,32.25,108.91,normal,0
2026-09-10T01:21:40+00:00,server05,41.48,55.82,38.75,188.99,normal,0
2026-09-10T01:21:50+00:00,server05,85.34,79.37,62.75,316.06,normal,0
2026-09-10T01:22:00+00:00,server05,93.22,41.56,65.53,313.93,normal,0
2026-09-10T01:22:10+00:00,server05,68.21,75.96,52.65,279.0,normal,0
2026-09-10T01:22:20+00:00,server05,89.2,52.8,60.11,304.59,normal,0
2026-09-10T01:22:30+00:00,server05,94.41,93.92,63.88,329.43,overload,1
2026-09-10T01:22:40+00:00,server05,25.45,36.92,41.2,165.82,normal,0
2026-09-10T01:22:50+00:00,server05,66.64,45.38,52.46,262.0,normal,0
2026-09-10T01:23:00+00:00,server05,57.18,66.01,46.6,240.43,normal,0
2026-09-10T01:23:10+00:00,server05,72.44,56.3,53.5,274.06,normal,0
2026-09-10T01:23:20+00:00,server05,22.84,56.09,64.15,142.24,cooling_fault,1
2026-09-10T01:23:30+00:00,server05,93.61,98.09,64.81,339.54,overload,1
2026-09-10T01:23:40+00:00,server05,66.94,46.76,52.37,241.87,normal,0
2026-09-10T01:23:50+00:00,server05,47.42,34.07,43.37,203.22,normal,0
2026-09-10T01:24:00+00:00,server05,80.6,55.91,55.81,297.98,normal,0
2026-09-10T01:24:10+00:00,server05,82.82,58.78,81.13,290.47,cooling_fault,1
2026-09-10T01:24:20+00:00,server05,63.96,51.74,52.64,256.02,normal,0
2026-09-10T01:24:30+00:00,server05,86.84,64.85,55.85,315.81,normal,0
2026-09-10T01:24:40+00:00,server05,23.49,31.02,35.05,156.07,normal,0
2026-09-10T01:24:50+00:00,server05,40.76,33.27,65.06,190.51,cooling_fault,1
2026-09-10T01:25:00+00:00,server05,15.51,46.32,32.03,144.38,normal,0
2026-09-10T01:25:10+00:00,server05,52.97,56.25,51.86,216.4,normal,0
2026-09-10T01:25:20+00:00,server05,19.3,72.49,31.61,147.22,normal,0
2026-09-10T01:25:30+00:00,server05,24.01,61.32,35.26,150.14,normal,0
2026-09-10T01:25:40+00:00,server05,43.69,68.35,45.51,203.11,normal,0
2026-09-10T01:25:50+00:00,server05,21.61,52.45,33.32,155.24,normal,0
2026-09-10T01:26:00+00:00,server05,24.49,72.69,64.55,162.69,cooling_fault,1
2026-09-10T01:26:10+00:00,server05,76.89,59.41,56.35,298.24,normal,0
2026-09-10T01:26:20+00:00,server05,70.41,53.74,56.01,274.96,normal,0
2026-09-10T01:26:30+00:00,server05,68.84,58.98,52.17,272.98,normal,0
2026-09-10T01:26:40+00:00,server05,15.82,71.55,33.04,139.2,normal,0
2026-09-10T01:26:50+00:00,server05,27.29,47.8,41.83,164.6,normal,0
2026-09-10T01:27:00+00:00,server05,59.03,43.82,46.43,241.66,normal,0
2026-09-10T01:27:10+00:00,server05,100.0,95.31,60.89,341.0,overload,1
2026-09-10T01:27:20+00:00,server05,26.92,35.1,40.93,152.69,normal,0
2026-09-10T01:27:30+00:00,server05,44.47,64.35,49.0,200.97,normal,0
2026-09-10T01:27:40+00:00,server05,51.69,57.44,45.76,217.9,normal,0
2026-09-10T01:27:50+00:00,server05,64.99,55.04,54.27,251.65,normal,0
2026-09-10T01:28:00+00:00,server05,43.5,41.24,46.93,194.48,normal,0
2026-09-10T01:28:10+00:00,server05,76.27,79.02,57.84,287.34,normal,0
2026-09-10T01:28:20+00:00,server05,26.1,50.95,34.56,156.38,normal,0
2026-09-10T01:28:30+00:00,server05,77.78,53.23,57.01,282.2,normal,0
2026-09-10T01:28:40+00:00,server05,92.07,100.0,62.12,335.6,overload,1
2026-09-10T01:28:50+00:00,server05,20.11,39.15,35.46,147.95,normal,0
2026-09-10T01:29:00+00:00,server05,68.42,57.47,55.37,264.99,normal,0
2026-09-10T01:29:10+00:00,server05,91.21,96.62,66.22,325.12,overload,1
2026-09-10T01:29:20+00:00,server05,65.04,60.91,52.07,265.64,normal,0
2026-09-10T01:29:30+00:00,server05,64.38,25.69,50.46,237.84,normal,0
2026-09-10T01:29:40+00:00,server05,64.57,58.17,47.58,258.84,normal,0
2026-09-10T01:29:50+00:00,server05,23.82,66.17,36.04,167.09,normal,0
2026-09-10T01:30:00+00:00,server05,15.62,41.59,39.78,122.74,normal,0
2026-09-10T01:30:10+00:00,server05,80.7,70.85,57.16,300.66,normal,0
2026-09-10T01:30:20+00:00,server05,78.46,13.05,64.99,272.81,normal,0
2026-09-10T01:30:30+00:00,server05,96.91,97.07,61.77,336.03,overload,1
2026-09-10T01:30:40+00:00,server05,81.58,56.5,62.94,301.79,normal,0
2026-09-10T01:30:50+00:00,server05,26.85,51.6,40.98,160.4,normal,0
2026-09-10T01:31:00+00:00,server05,90.05,62.96,60.69,319.16,normal,0
2026-09-10T01:31:10+00:00,server05,82.21,62.31,91.1,286.61,cooling_fault,1
2026-09-10T01:31:20+00:00,server05,41.63,32.85,46.71,187.59,normal,0
2026-09-10T01:31:30+00:00,server05,88.73,74.69,60.72,311.65,normal,0
2026-09-10T01:31:40+00:00,server05,44.54,38.81,44.17,199.47,normal,0
2026-09-10T01:31:50+00:00,server05,99.61,95.72,63.44,339.7,overload,1
2026-09-10T01:32:00+00:00,server05,65.2,53.74,53.61,256.75,normal,0
2026-09-10T01:32:10+00:00,server05,12.03,42.98,32.37,128.56,normal,0
2026-09-10T01:32:20+00:00,server05,40.4,72.39,41.31,198.97,normal,0
2026-09-10T01:32:30+00:00,server05,84.42,17.83,86.11,298.56,cooling_fault,1
2026-09-10T01:32:40+00:00,server05,18.34,86.91,32.44,141.46,normal,0
2026-09-10T01:32:50+00:00,server05,45.28,56.21,44.14,216.17,normal,0
2026-09-10T01:33:00+00:00,server05,68.87,73.48,54.76,276.26,normal,0
2026-09-10T01:33:10+00:00,server05,19.89,50.35,37.01,148.6,normal,0
2026-09-10T01:33:20+00:00,server05,80.34,10.79,57.9,275.23,normal,0
2026-09-10T01:33:30+00:00,server05,46.99,68.59,44.93,214.95,normal,0
2026-09-10T01:33:40+00:00,server05,97.5,99.29,64.71,350.52,overload,1
2026-09-10T01:33:50+00:00,server05,33.29,52.88,40.8,180.31,normal,0
2026-09-10T01:34:00+00:00,server05,35.53,51.67,37.86,179.3,normal,0
2026-09-10T01:34:10+00:00,server05,73.49,75.23,52.62,280.56,normal,0
2026-09-10T01:34:20+00:00,server05,65.01,52.5,51.69,266.75,normal,0
2026-09-10T01:34:30+00:00,server05,81.18,17.06,86.71,289.43,cooling_fault,1
2026-09-10T01:34:40+00:00,server05,94.46,96.35,63.12,339.35,overload,1
2026-09-10T01:34:50+00:00,server05,91.89,50.69,67.75,310.39,normal,0
2026-09-10T01:35:00+00:00,server05,37.43,67.48,39.98,197.36,normal,0
2026-09-10T01:35:10+00:00,server05,89.64,90.79,62.45,321.31,overload,1
2026-09-10T01:35:20+00:00,server05,82.01,41.74,57.34,284.17,normal,0
2026-09-10T01:35:30+00:00,server05,79.78,47.53,76.03,283.24,cooling_fault,1
2026-09-10T01:35:40+00:00,server05,47.0,44.09,48.05,204.55,normal,0
2026-09-10T01:35:50+00:00,server05,36.08,10.4,71.21,166.03,cooling_fault,1
2026-09-10T01:36:00+00:00,server05,13.32,33.63,34.89,126.34,normal,0
2026-09-10T01:36:10+00:00,server05,24.9,69.88,59.73,155.72,cooling_fault,1
2026-09-10T01:36:20+00:00,server05,75.72,50.13,60.19,279.12,normal,0
2026-09-10T01:36:30+00:00,server05,96.78,97.2,64.6,326.96,overload,1
2026-09-10T01:36:40+00:00,server05,32.83,65.27,40.27,163.76,normal,0
2026-09-10T01:36:50+00:00,server05,81.51,62.76,62.42,296.86,normal,0
2026-09-10T01:37:00+00:00,server05,19.54,75.41,32.91,166.33,normal,0
2026-09-10T01:37:10+00:00,server05,100.0,96.14,64.82,351.69,overload,1
2026-09-10T01:37:20+00:00,server05,27.88,38.48,38.9,152.27,normal,0
2026-09-10T01:37:30+00:00,server05,90.8,56.43,64.73,325.09,normal,0
2026-09-10T01:37:40+00:00,server05,54.62,39.75,52.19,233.11,normal,0
2026-09-10T01:37:50+00:00,server05,100.0,92.9,67.23,348.49,overload,1
2026-09-10T01:38:00+00:00,server05,24.77,40.11,40.24,149.18,normal,0
2026-09-10T01:38:10+00:00,server05,16.16,35.61,34.08,133.36,normal,0
2026-09-10T01:38:20+00:00,server05,17.13,53.21,35.13,137.2,normal,0
2026-09-10T01:38:30+00:00,server05,92.44,79.85,65.23,325.63,normal,0
2026-09-10T01:38:40+00:00,server05,23.36,59.29,36.55,161.58,normal,0
2026-09-10T01:38:50+00:00,server05,52.91,65.19,77.71,219.97,cooling_fault,1
2026-09-10T01:39:00+00:00,server05,82.62,22.75,56.67,291.79,normal,0
2026-09-10T01:39:10+00:00,server05,36.14,55.83,42.72,188.47,normal,0
2026-09-10T01:39:20+00:00,server05,44.11,56.86,41.34,191.88,normal,0
2026-09-10T01:39:30+00:00,server05,84.48,55.18,57.9,294.53,normal,0
2026-09-10T01:39:40+00:00,server05,33.66,73.67,35.12,187.88,normal,0
2026-09-10T01:39:50+00:00,server05,80.36,72.78,55.86,302.26,normal,0
2026-09-10T01:40:00+00:00,server05,11.11,51.36,34.03,114.17,normal,0
2026-09-10T01:40:10+00:00,server05,30.23,40.42,41.15,171.54,normal,0
2026-09-10T01:40:20+00:00,server05,80.25,48.55,57.74,279.22,normal,0
2026-09-10T01:40:30+00:00,server05,41.89,64.54,42.75,194.44,normal,0
2026-09-10T01:40:40+00:00,server05,72.38,64.44,87.72,277.49,cooling_fault,1
2026-09-10T01:40:50+00:00,server05,13.66,77.32,64.73,127.3,cooling_fault,1
2026-09-10T01:41:00+00:00,server05,55.66,52.09,44.16,216.89,normal,0
2026-09-10T01:41:10+00:00,server05,69.66,49.84,56.52,257.49,normal,0
2026-09-10T01:41:20+00:00,server05,90.25,59.48,63.11,303.05,normal,0
2026-09-10T01:41:30+00:00,server05,81.23,62.64,58.92,293.35,normal,0
2026-09-10T01:41:40+00:00,server05,33.35,60.14,40.19,173.0,normal,0
2026-09-10T01:41:50+00:00,server05,43.2,85.91,43.97,211.77,normal,0
2026-09-10T01:42:00+00:00,server05,40.45,42.83,74.52,188.75,cooling_fault,1
2026-09-10T01:42:10+00:00,server05,86.81,36.57,59.79,310.0,normal,0
2026-09-10T01:42:20+00:00,server05,75.96,65.78,55.55,280.36,normal,0
2026-09-10T01:42:30+00:00,server05,71.94,36.66,55.69,267.5,normal,0
2026-09-10T01:42:40+00:00,server05,90.92,40.02,63.39,303.98,normal,0
2026-09-10T01:42:50+00:00,server05,75.93,41.91,58.47,273.19,normal,0
2026-09-10T01:43:00+00:00,server05,21.13,37.92,34.92,140.0,normal,0
2026-09-10T01:43:10+00:00,server05,38.03,50.39,38.96,181.92,normal,0
2026-09-10T01:43:20+00:00,server05,40.55,61.0,45.92,214.84,normal,0
2026-09-10T01:43:30+00:00,server05,69.35,49.6,53.47,265.93,normal,0
2026-09-10T01:43:40+00:00,server05,36.83,36.33,41.08,174.78,normal,0
2026-09-10T01:43:50+00:00,server05,37.33,69.73,69.95,178.92,cooling_fault,1
2026-09-10T01:44:00+00:00,server05,81.11,75.13,63.23,296.76,normal,0
2026-09-10T01:44:10+00:00,server05,31.25,52.18,38.94,167.02,normal,0
2026-09-10T01:44:20+00:00,server05,27.35,69.33,42.48,167.79,normal,0
2026-09-10T01:44:30+00:00,server05,93.69,95.18,59.19,335.84,overload,1
2026-09-10T01:44:40+00:00,server05,54.99,62.58,43.65,241.42,normal,0
2026-09-10T01:44:50+00:00,server05,86.16,64.28,61.23,295.84,normal,0
2026-09-10T01:45:00+00:00,server05,15.07,62.66,31.95,138.12,normal,0
2026-09-10T01:45:10+00:00,server05,41.09,41.74,44.62,190.43,normal,0
2026-09-10T01:45:20+00:00,server05,75.86,46.01,82.99,293.01,cooling_fault,1
2026-09-10T01:45:30+00:00,server05,95.82,92.5,61.69,343.16,overload,1
2026-09-10T01:45:40+00:00,server05,10.02,76.56,33.96,118.4,normal,0
2026-09-10T01:45:50+00:00,server05,60.65,62.52,55.05,242.18,normal,0
2026-09-10T01:46:00+00:00,server05,47.79,34.67,82.1,193.85,cooling_fault,1
2026-09-10T01:46:10+00:00,server05,86.28,62.74,59.93,305.25,normal,0
2026-09-10T01:46:20+00:00,server05,12.09,54.97,34.03,114.93,normal,0
2026-09-10T01:46:30+00:00,server05,34.86,58.13,64.7,173.08,cooling_fault,1
2026-09-10T01:46:40+00:00,server05,21.76,64.32,33.56,163.88,normal,0
2026-09-10T01:46:50+00:00,server05,85.23,62.01,62.05,292.47,normal,0
2026-09-10T01:47:00+00:00,server05,67.03,44.44,74.08,262.11,cooling_fault,1
2026-09-10T01:47:10+00:00,server05,79.62,55.4,54.86,291.78,normal,0
2026-09-10T01:47:20+00:00,server05,10.26,90.66,36.2,139.22,normal,0
2026-09-10T01:47:30+00:00,server05,81.77,56.8,80.9,289.67,cooling_fault,1
2026-09-10T01:47:40+00:00,server05,98.37,91.2,67.14,343.11,overload,1
2026-09-10T01:47:50+00:00,server05,31.46,75.79,44.64,178.0,normal,0
2026-09-10T01:48:00+00:00,server05,26.8,40.38,34.72,160.42,normal,0
2026-09-10T01:48:10+00:00,server05,65.81,61.07,51.79,262.04,normal,0
2026-09-10T01:48:20+00:00,server05,55.22,39.59,44.96,231.81,normal,0
2026-09-10T01:48:30+00:00,server05,65.46,66.66,75.9,255.76,cooling_fault,1
2026-09-10T01:48:40+00:00,server05,34.18,41.35,41.26,184.65,normal,0
2026-09-10T01:48:50+00:00,server05,85.2,44.32,63.01,284.43,normal,0
2026-09-10T01:49:00+00:00,server05,84.62,74.41,63.8,297.87,normal,0
2026-09-10T01:49:10+00:00,server05,33.53,50.6,43.59,172.98,normal,0
2026-09-10T01:49:20+00:00,server05,16.8,77.73,36.75,144.59,normal,0
2026-09-10T01:49:30+00:00,server05,94.44,62.44,63.46,326.07,normal,0
2026-09-10T01:49:40+00:00,server05,69.82,68.43,59.27,270.04,normal,0
2026-09-10T01:49:50+00:00,server05,91.96,54.1,80.52,317.62,cooling_fault,1
2026-09-10T01:50:00+00:00,server05,24.84,56.24,64.36,164.03,cooling_fault,1
2026-09-10T01:50:10+00:00,server05,93.39,96.71,60.46,318.47,overload,1
2026-09-10T01:50:20+00:00,server05,92.91,83.25,65.14,333.39,normal,0
2026-09-10T01:50:30+00:00,server05,55.79,62.68,47.87,224.14,normal,0
2026-09-10T01:50:40+00:00,server05,28.79,36.51,36.43,164.78,normal,0
2026-09-10T01:50:50+00:00,server05,67.22,69.85,54.91,257.23,normal,0
2026-09-10T01:51:00+00:00,server05,89.29,55.4,61.19,313.91,normal,0
2026-09-10T01:51:10+00:00,server05,91.7,66.25,64.17,301.55,normal,0
2026-09-10T01:51:20+00:00,server05,72.38,38.09,55.11,263.68,normal,0
2026-09-10T01:51:30+00:00,server05,58.08,41.82,51.35,250.36,normal,0
2026-09-10T01:51:40+00:00,server05,31.32,62.7,39.13,188.08,normal,0
2026-09-10T01:51:50+00:00,server05,27.78,47.13,41.68,154.42,normal,0
2026-09-10T01:52:00+00:00,server05,39.78,36.87,42.23,189.33,normal,0
2026-09-10T01:52:10+00:00,server05,24.52,57.28,37.73,161.86,normal,0
2026-09-10T01:52:20+00:00,server05,91.6,62.18,60.82,322.15,normal,0
2026-09-10T01:52:30+00:00,server05,60.82,49.96,50.86,235.78,normal,0
2026-09-10T01:52:40+00:00,server05,27.55,64.98,41.85,167.97,normal,0
2026-09-10T01:52:50+00:00,server05,90.51,41.25,60.01,299.24,normal,0
2026-09-10T01:53:00+00:00,server05,100.0,89.19,66.4,348.94,overload,1
2026-09-10T01:53:10+00:00,server05,38.24,70.34,44.62,201.15,normal,0
2026-09-10T01:53:20+00:00,server05,26.16,61.52,60.3,169.67,cooling_fault,1
2026-09-10T01:53:30+00:00,server05,94.59,93.15,62.11,337.06,overload,1
2026-09-10T01:53:40+00:00,server05,37.97,66.32,42.78,207.9,normal,0
2026-09-10T01:53:50+00:00,server05,95.06,94.59,62.27,339.44,overload,1
2026-09-10T01:54:00+00:00,server05,25.74,22.49,37.81,157.05,normal,0
2026-09-10T01:54:10+00:00,server05,22.43,59.17,34.84,151.78,normal,0
2026-09-10T01:54:20+00:00,server05,12.7,69.67,38.24,136.69,normal,0
2026-09-10T01:54:30+00:00,server05,53.86,83.97,49.79,235.91,normal,0
2026-09-10T01:54:40+00:00,server05,95.73,97.15,63.55,334.73,overload,1
2026-09-10T01:54:50+00:00,server05,56.52,65.02,51.39,238.69,normal,0
2026-09-10T01:55:00+00:00,server05,11.98,71.02,33.41,137.88,normal,0
2026-09-10T01:55:10+00:00,server05,77.91,55.76,59.93,272.0,normal,0
2026-09-10T01:55:20+00:00,server05,77.78,59.44,60.51,283.26,normal,0
2026-09-10T01:55:30+00:00,server05,72.4,50.91,56.89,275.11,normal,0
2026-09-10T01:55:40+00:00,server05,48.73,40.38,46.69,204.51,normal,0
2026-09-10T01:55:50+00:00,server05,63.68,65.17,57.82,255.57,normal,0
2026-09-10T01:56:00+00:00,server05,46.17,84.18,48.13,223.63,normal,0
2026-09-10T01:56:10+00:00,server05,45.82,50.98,44.0,205.08,normal,0
2026-09-10T01:56:20+00:00,server05,51.02,57.83,47.34,225.42,normal,0
2026-09-10T01:56:30+00:00,server05,33.98,60.64,44.83,184.19,normal,0
2026-09-10T01:56:40+00:00,server05,51.9,62.71,45.43,222.68,normal,0
2026-09-10T01:56:50+00:00,server05,49.98,82.63,44.73,214.23,normal,0
2026-09-10T01:57:00+00:00,server05,43.66,36.97,45.23,200.66,normal,0
2026-09-10T01:57:10+00:00,server05,71.56,45.34,54.41,270.9,normal,0
2026-09-10T01:57:20+00:00,server05,74.82,88.69,53.32,280.95,normal,0
2026-09-10T01:57:30+00:00,server05,98.96,96.24,70.06,348.93,overload,1
2026-09-10T01:57:40+00:00,server05,21.27,46.44,41.6,152.69,normal,0
2026-09-10T01:57:50+00:00,server05,40.43,69.09,43.18,197.14,normal,0
2026-09-10T01:58:00+00:00,server05,49.83,61.68,50.72,217.39,normal,0
2026-09-10T01:58:10+00:00,server05,86.53,43.24,82.05,306.33,cooling_fault,1
2026-09-10T01:58:20+00:00,server05,28.88,56.84,38.57,156.77,normal,0
2026-09-10T01:58:30+00:00,server05,81.04,55.3,55.17,294.94,normal,0
2026-09-10T01:58:40+00:00,server05,73.06,76.63,76.55,285.2,cooling_fault,1
2026-09-10T01:58:50+00:00,server05,47.26,59.26,52.3,220.77,normal,0
2026-09-10T01:59:00+00:00,server05,96.04,96.48,58.42,325.88,overload,1
2026-09-10T01:59:10+00:00,server05,86.72,27.42,61.52,305.04,normal,0
2026-09-10T01:59:20+00:00,server05,64.25,63.57,53.8,239.91,normal,0
2026-09-10T01:59:30+00:00,server05,36.17,42.09,47.06,184.52,normal,0
2026-09-10T01:59:40+00:00,server05,95.36,98.39,61.44,345.19,overload,1
2026-09-10T01:59:50+00:00,server05,73.67,57.71,59.54,269.95,normal,0
2026-09-10T02:00:00+00:00,server05,43.18,72.2,44.03,209.29,normal,0
2026-09-10T02:00:10+00:00,server05,58.35,40.62,49.81,241.06,normal,0
2026-09-10T02:00:20+00:00,server05,64.81,74.65,48.99,267.98,normal,0
2026-09-10T02:00:30+00:00,server05,58.17,52.79,55.98,230.33,normal,0
2026-09-10T02:00:40+00:00,server05,61.4,68.98,47.43,257.55,normal,0
2026-09-10T02:00:50+00:00,server05,95.9,95.89,61.16,340.04,overload,1
2026-09-10T02:01:00+00:00,server05,49.41,39.59,48.61,202.18,normal,0
2026-09-10T02:01:10+00:00,server05,94.88,100.0,63.16,331.14,overload,1
2026-09-10T02:01:20+00:00,server05,80.55,52.56,63.74,291.77,normal,0
2026-09-10T02:01:30+00:00,server05,47.65,51.95,47.29,204.14,normal,0
2026-09-10T02:01:40+00:00,server05,35.6,63.14,42.01,193.12,normal,0
2026-09-10T02:01:50+00:00,server05,78.19,76.62,54.05,277.02,normal,0
2026-09-10T02:02:00+00:00,server05,65.03,74.25,50.78,272.88,normal,0
2026-09-10T02:02:10+00:00,server05,32.31,42.25,47.16,169.01,normal,0
2026-09-10T02:02:20+00:00,server05,40.71,60.91,46.64,209.42,normal,0
2026-09-10T02:02:30+00:00,server05,47.49,55.81,48.82,210.44,normal,0
2026-09-10T02:02:40+00:00,server05,53.28,49.05,50.16,226.61,normal,0
2026-09-10T02:02:50+00:00,server05,97.92,100.0,67.43,343.35,overload,1
2026-09-10T02:03:00+00:00,server05,93.19,40.75,68.66,309.69,normal,0
2026-09-10T02:03:10+00:00,server05,31.31,54.24,37.05,178.67,normal,0
2026-09-10T02:03:20+00:00,server05,93.49,72.4,68.09,320.77,normal,0
2026-09-10T02:03:30+00:00,server05,88.06,53.63,64.83,306.12,normal,0
2026-09-10T02:03:40+00:00,server05,69.82,36.83,57.94,263.03,normal,0
2026-09-10T02:03:50+00:00,server05,72.67,83.46,56.75,267.8,normal,0
2026-09-10T02:04:00+00:00,server05,16.03,56.34,32.8,125.8,normal,0
2026-09-10T02:04:10+00:00,server05,54.22,20.52,48.02,221.83,normal,0
2026-09-10T02:04:20+00:00,server05,39.32,53.98,41.28,192.05,normal,0
2026-09-10T02:04:30+00:00,server05,22.16,49.8,37.72,161.2,normal,0
2026-09-10T02:04:40+00:00,server05,35.53,45.63,43.1,176.76,normal,0
2026-09-10T02:04:50+00:00,server05,87.65,47.5,59.48,300.72,normal,0
2026-09-10T02:05:00+00:00,server05,74.73,49.54,60.65,295.64,normal,0
2026-09-10T02:05:10+00:00,server05,14.54,70.57,34.29,128.12,normal,0
2026-09-10T02:05:20+00:00,server05,16.56,59.78,40.15,143.85,normal,0
2026-09-10T02:05:30+00:00,server05,79.84,47.6,61.56,291.36,normal,0
2026-09-10T02:05:40+00:00,server05,80.48,52.64,87.12,290.69,cooling_fault,1
2026-09-10T02:05:50+00:00,server05,27.43,55.69,39.06,162.41,normal,0
2026-09-10T02:06:00+00:00,server05,80.28,59.63,56.5,286.27,normal,0
2026-09-10T02:06:10+00:00,server05,84.63,55.11,64.84,304.95,normal,0
2026-09-10T02:06:20+00:00,server05,44.78,66.76,44.52,203.02,normal,0
2026-09-10T02:06:30+00:00,server05,66.35,21.52,51.1,229.63,normal,0
2026-09-10T02:06:40+00:00,server05,93.42,95.11,56.55,342.32,overload,1
2026-09-10T02:06:50+00:00,server05,76.22,50.14,59.15,280.79,normal,0
2026-09-10T02:07:00+00:00,server05,60.78,48.03,52.51,248.52,normal,0
2026-09-10T02:07:10+00:00,server05,55.1,58.49,49.18,233.07,normal,0
2026-09-10T02:07:20+00:00,server05,28.3,49.53,38.58,165.9,normal,0
2026-09-10T02:07:30+00:00,server05,65.34,68.21,75.77,258.78,cooling_fault,1
2026-09-10T02:07:40+00:00,server05,96.99,88.28,59.72,337.26,overload,1
2026-09-10T02:07:50+00:00,server05,21.3,50.58,67.12,137.55,cooling_fault,1
2026-09-10T02:08:00+00:00,server05,96.65,96.02,64.27,321.48,overload,1
2026-09-10T02:08:10+00:00,server05,23.45,67.96,40.38,158.59,normal,0
2026-09-10T02:08:20+00:00,server05,91.04,72.25,62.69,337.34,normal,0
2026-09-10T02:08:30+00:00,server05,57.62,54.84,49.05,215.02,normal,0
2026-09-10T02:08:40+00:00,server05,13.4,54.13,32.36,128.74,normal,0
2026-09-10T02:08:50+00:00,server05,14.33,45.38,37.64,119.28,normal,0
2026-09-10T02:09:00+00:00,server05,57.73,39.64,48.23,220.43,normal,0
2026-09-10T02:09:10+00:00,server05,12.1,65.6,34.18,126.12,normal,0
2026-09-10T02:09:20+00:00,server05,47.64,31.81,48.88,210.32,normal,0
2026-09-10T02:09:30+00:00,server05,82.02,68.14,59.01,308.43,normal,0
2026-09-10T02:09:40+00:00,server05,64.14,47.98,54.39,236.86,normal,0
2026-09-10T02:09:50+00:00,server05,55.6,81.25,49.34,233.4,normal,0
2026-09-10T02:10:00+00:00,server05,56.58,44.28,43.81,214.48,normal,0
2026-09-10T02:10:10+00:00,server05,73.03,35.49,54.74,263.12,normal,0
2026-09-10T02:10:20+00:00,server05,41.51,61.37,73.12,205.01,cooling_fault,1
2026-09-10T02:10:30+00:00,server05,92.16,39.71,61.74,322.21,normal,0
2026-09-10T02:10:40+00:00,server05,70.62,74.49,49.45,254.42,normal,0
2026-09-10T02:10:50+00:00,server05,27.76,58.85,40.89,171.41,normal,0
2026-09-10T02:11:00+00:00,server05,45.0,69.34,44.71,210.74,normal,0
2026-09-10T02:11:10+00:00,server05,56.47,43.86,56.47,221.56,normal,0
2026-09-10T02:11:20+00:00,server05,57.16,54.19,52.02,236.08,normal,0
2026-09-10T02:11:30+00:00,server05,66.7,46.83,58.57,257.55,normal,0
2026-09-10T02:11:40+00:00,server05,34.12,41.13,42.72,172.43,normal,0
2026-09-10T02:11:50+00:00,server05,72.48,91.52,55.64,277.95,normal,0
2026-09-10T02:12:00+00:00,server05,77.75,45.42,77.83,279.96,cooling_fault,1
2026-09-10T02:12:10+00:00,server05,56.52,41.63,48.61,224.37,normal,0
2026-09-10T02:12:20+00:00,server05,22.92,88.39,42.02,177.06,normal,0
2026-09-10T02:12:30+00:00,server05,91.13,58.41,64.86,319.9,normal,0
2026-09-10T02:12:40+00:00,server05,20.37,62.27,31.82,146.57,normal,0
2026-09-10T02:12:50+00:00,server05,14.06,62.04,56.92,134.41,cooling_fault,1
2026-09-10T02:13:00+00:00,server05,62.77,51.95,49.93,253.54,normal,0
2026-09-10T02:13:10+00:00,server05,44.85,85.76,47.12,222.97,normal,0
2026-09-10T02:13:20+00:00,server05,90.62,39.11,62.44,287.91,normal,0
2026-09-10T02:13:30+00:00,server05,81.41,51.74,58.22,280.89,normal,0
2026-09-10T02:13:40+00:00,server05,22.99,40.42,39.68,148.19,normal,0
2026-09-10T02:13:50+00:00,server05,30.74,54.39,40.74,180.86,normal,0
2026-09-10T02:14:00+00:00,server05,21.01,67.79,37.44,153.98,normal,0
2026-09-10T02:14:10+00:00,server05,16.82,48.34,32.47,142.12,normal,0
2026-09-10T02:14:20+00:00,server05,40.31,57.69,42.76,201.13,normal,0
2026-09-10T02:14:30+00:00,server05,19.04,50.48,41.28,153.92,normal,0
2026-09-10T02:14:40+00:00,server05,31.67,56.42,41.11,181.99,normal,0
2026-09-10T02:14:50+00:00,server05,11.79,50.77,52.22,130.41,cooling_fault,1
2026-09-10T02:15:00+00:00,server05,35.58,70.45,37.7,186.72,normal,0
2026-09-10T02:15:10+00:00,server05,42.78,56.24,44.74,196.43,normal,0
2026-09-10T02:15:20+00:00,server05,91.46,46.32,68.78,308.32,normal,0
2026-09-10T02:15:30+00:00,server05,97.71,94.12,68.35,347.11,overload,1
2026-09-10T02:15:40+00:00,server05,25.66,39.77,37.28,158.01,normal,0
2026-09-10T02:15:50+00:00,server05,22.48,53.09,37.11,158.94,normal,0
2026-09-10T02:16:00+00:00,server05,51.77,41.05,79.17,210.82,cooling_fault,1
2026-09-10T02:16:10+00:00,server05,29.57,63.13,38.08,161.79,normal,0
2026-09-10T02:16:20+00:00,server05,79.77,46.7,59.04,283.7,normal,0
2026-09-10T02:16:30+00:00,server05,80.76,51.84,85.98,294.84,cooling_fault,1
2026-09-10T02:16:40+00:00,server05,92.93,95.64,58.59,342.01,overload,1
2026-09-10T02:16:50+00:00,server05,13.96,39.18,32.99,112.76,normal,0
2026-09-10T02:17:00+00:00,server05,14.04,61.0,36.53,139.71,normal,0
2026-09-10T02:17:10+00:00,server05,82.05,75.79,59.49,302.2,normal,0
2026-09-10T02:17:20+00:00,server05,57.87,74.23,52.07,246.65,normal,0
2026-09-10T02:17:30+00:00,server05,40.08,51.57,65.82,187.08,cooling_fault,1
2026-09-10T02:17:40+00:00,server05,81.72,43.73,67.3,296.77,normal,0
2026-09-10T02:17:50+00:00,server05,18.16,29.91,36.65,138.39,normal,0
2026-09-10T02:18:00+00:00,server05,30.24,35.12,40.22,185.41,normal,0
2026-09-10T02:18:10+00:00,server05,54.0,36.63,42.54,220.91,normal,0
2026-09-10T02:18:20+00:00,server05,76.06,49.29,78.63,269.51,cooling_fault,1
2026-09-10T02:18:30+00:00,server05,69.72,50.86,54.29,268.24,normal,0
2026-09-10T02:18:40+00:00,server05,92.72,46.31,61.97,329.56,normal,0
2026-09-10T02:18:50+00:00,server05,38.59,70.07,44.44,192.71,normal,0
2026-09-10T02:19:00+00:00,server05,31.35,58.06,39.96,173.86,normal,0
2026-09-10T02:19:10+00:00,server05,43.33,23.37,46.7,182.37,normal,0
2026-09-10T02:19:20+00:00,server05,52.51,69.15,45.53,222.48,normal,0
2026-09-10T02:19:30+00:00,server05,51.87,71.67,43.28,234.76,normal,0
2026-09-10T02:19:40+00:00,server05,22.15,60.18,38.71,148.02,normal,0
2026-09-10T02:19:50+00:00,server05,16.24,40.83,36.72,110.2,normal,0
2026-09-10T02:20:00+00:00,server05,97.69,93.75,61.63,342.16,overload,1
2026-09-10T02:20:10+00:00,server05,30.08,30.41,34.62,167.23,normal,0
2026-09-10T02:20:20+00:00,server05,60.59,48.51,52.27,238.97,normal,0
2026-09-10T02:20:30+00:00,server05,10.81,48.31,30.1,126.57,normal,0
2026-09-10T02:20:40+00:00,server05,41.83,46.7,42.44,189.96,normal,0
2026-09-10T02:20:50+00:00,server05,21.31,40.03,33.02,143.55,normal,0
2026-09-10T02:21:00+00:00,server05,34.1,53.49,63.15,184.12,cooling_fault,1
2026-09-10T02:21:10+00:00,server05,58.09,49.8,46.93,227.85,normal,0
2026-09-10T02:21:20+00:00,server05,72.08,75.9,54.23,279.75,normal,0
2026-09-10T02:21:30+00:00,server05,57.78,26.41,53.29,225.32,normal,0
2026-09-10T02:21:40+00:00,server05,31.73,62.03,40.09,173.12,normal,0
2026-09-10T02:21:50+00:00,server05,15.67,61.48,43.92,149.5,normal,0
2026-09-10T02:22:00+00:00,server05,64.47,48.91,56.4,246.87,normal,0
2026-09-10T02:22:10+00:00,server05,29.89,32.3,46.74,161.82,normal,0
2026-09-10T02:22:20+00:00,server05,48.19,39.2,46.02,195.81,normal,0
2026-09-10T02:22:30+00:00,server05,94.75,98.36,64.55,342.02,overload,1
2026-09-10T02:22:40+00:00,server05,47.94,41.9,44.58,210.89,normal,0
2026-09-10T02:22:50+00:00,server05,95.96,94.51,67.35,349.1,overload,1
2026-09-10T02:23:00+00:00,server05,71.53,44.33,52.35,271.64,normal,0
2026-09-10T02:23:10+00:00,server05,18.79,43.68,32.14,139.28,normal,0
2026-09-10T02:23:20+00:00,server05,98.37,96.49,66.26,332.69,overload,1
2026-09-10T02:23:30+00:00,server05,50.89,46.92,42.93,222.68,normal,0
2026-09-10T02:23:40+00:00,server05,49.29,54.72,46.42,225.63,normal,0
2026-09-10T02:23:50+00:00,server05,100.0,93.08,65.59,349.3,overload,1
2026-09-10T02:24:00+00:00,server05,71.33,49.45,51.92,281.72,normal,0
2026-09-10T02:24:10+00:00,server05,99.48,98.08,65.91,347.08,overload,1
2026-09-10T02:24:20+00:00,server05,30.24,56.51,35.88,154.99,normal,0
2026-09-10T02:24:30+00:00,server05,17.66,57.94,35.48,141.05,normal,0
2026-09-10T02:24:40+00:00,server05,91.69,58.09,98.14,318.52,cooling_fault,1
2026-09-10T02:24:50+00:00,server05,30.43,70.3,41.33,176.27,normal,0
2026-09-10T02:25:00+00:00,server05,48.14,58.83,44.5,208.25,normal,0
2026-09-10T02:25:10+00:00,server05,44.24,32.04,72.54,187.14,cooling_fault,1
2026-09-10T02:25:20+00:00,server05,93.58,94.16,61.12,345.0,overload,1
2026-09-10T02:25:30+00:00,server05,30.67,98.43,40.87,195.15,normal,0
2026-09-10T02:25:40+00:00,server05,83.18,42.89,59.06,296.78,normal,0
2026-09-10T02:25:50+00:00,server05,92.18,92.4,64.1,326.02,overload,1
2026-09-10T02:26:00+00:00,server05,10.72,53.22,34.28,125.93,normal,0
2026-09-10T02:26:10+00:00,server05,79.49,48.84,60.61,281.09,normal,0
2026-09-10T02:26:20+00:00,server05,60.39,54.57,52.17,225.5,normal,0
2026-09-10T02:26:30+00:00,server05,69.99,66.83,48.76,267.4,normal,0
2026-09-10T02:26:40+00:00,server05,35.81,48.4,43.57,188.76,normal,0
2026-09-10T02:26:50+00:00,server05,82.18,72.22,59.96,298.63,normal,0
2026-09-10T02:27:00+00:00,server05,54.96,41.87,69.37,223.38,cooling_fault,1
2026-09-10T02:27:10+00:00,server05,13.86,66.09,35.62,129.13,normal,0
2026-09-10T02:27:20+00:00,server05,61.99,51.29,79.03,235.81,cooling_fault,1
2026-09-10T02:27:30+00:00,server05,38.44,13.93,43.71,184.77,normal,0
2026-09-10T02:27:40+00:00,server05,40.24,54.08,44.62,198.95,normal,0
2026-09-10T02:27:50+00:00,server05,80.11,79.58,83.17,308.35,cooling_fault,1
2026-09-10T02:28:00+00:00,server05,26.82,37.04,38.59,164.26,normal,0
2026-09-10T02:28:10+00:00,server05,40.86,54.45,45.77,188.71,normal,0
2026-09-10T02:28:20+00:00,server05,31.44,37.69,42.94,151.72,normal,0
2026-09-10T02:28:30+00:00,server05,32.47,60.59,66.17,191.03,cooling_fault,1
2026-09-10T02:28:40+00:00,server05,38.44,79.14,48.74,195.01,normal,0
2026-09-10T02:28:50+00:00,server05,21.01,45.33,35.72,154.58,normal,0
2026-09-10T02:29:00+00:00,server05,23.19,41.11,35.84,146.67,normal,0
2026-09-10T02:29:10+00:00,server05,93.42,97.71,63.29,334.66,overload,1
2026-09-10T02:29:20+00:00,server05,98.53,90.79,61.23,341.87,overload,1
2026-09-10T02:29:30+00:00,server05,58.59,55.98,55.62,231.75,normal,0
2026-09-10T02:29:40+00:00,server05,88.31,42.74,64.39,282.62,normal,0
2026-09-10T02:29:50+00:00,server05,40.58,50.32,47.42,210.08,normal,0
2026-09-10T02:30:00+00:00,server05,60.05,91.29,52.22,251.11,normal,0
2026-09-10T02:30:10+00:00,server05,99.55,94.88,63.39,361.13,overload,1
2026-09-10T02:30:20+00:00,server05,29.99,58.94,45.98,162.87,normal,0
2026-09-10T02:30:30+00:00,server05,48.86,38.04,47.45,221.06,normal,0
2026-09-10T02:30:40+00:00,server05,87.22,73.18,60.45,303.87,normal,0
2026-09-10T02:30:50+00:00,server05,80.75,56.04,57.43,286.5,normal,0
2026-09-10T02:31:00+00:00,server05,100.0,95.98,69.29,361.43,overload,1
2026-09-10T02:31:10+00:00,server05,85.8,48.63,55.58,303.35,normal,0
2026-09-10T02:31:20+00:00,server05,57.13,31.66,75.68,214.05,cooling_fault,1
2026-09-10T02:31:30+00:00,server05,79.25,47.65,61.12,281.91,normal,0
2026-09-10T02:31:40+00:00,server05,32.26,62.61,44.42,182.9,normal,0
2026-09-10T02:31:50+00:00,server05,61.13,41.25,49.17,238.07,normal,0
2026-09-10T02:32:00+00:00,server05,39.76,68.37,43.75,192.46,normal,0
2026-09-10T02:32:10+00:00,server05,17.17,89.29,35.48,149.18,normal,0
2026-09-10T02:32:20+00:00,server05,10.87,72.83,27.95,124.4,normal,0
2026-09-10T02:32:30+00:00,server05,82.28,66.55,60.82,305.92,normal,0
2026-09-10T02:32:40+00:00,server05,72.45,76.63,52.84,279.37,normal,0
2026-09-10T02:32:50+00:00,server05,10.35,38.41,27.8,108.33,normal,0
2026-09-10T02:33:00+00:00,server05,90.21,41.8,62.83,300.83,normal,0
2026-09-10T02:33:10+00:00,server05,74.5,59.24,52.93,277.7,normal,0
2026-09-10T02:33:20+00:00,server05,62.85,58.22,49.85,249.3,normal,0
2026-09-10T02:33:30+00:00,server05,53.32,68.7,51.03,235.83,normal,0
2026-09-10T02:33:40+00:00,server05,80.06,60.78,76.35,284.04,cooling_fault,1
2026-09-10T02:33:50+00:00,server05,42.54,60.37,66.66,216.27,cooling_fault,1
2026-09-10T02:34:00+00:00,server05,63.21,44.94,49.11,244.18,normal,0
2026-09-10T02:34:10+00:00,server05,53.39,79.83,48.31,231.39,normal,0
2026-09-10T02:34:20+00:00,server05,21.61,63.09,33.73,140.62,normal,0
2026-09-10T02:34:30+00:00,server05,11.5,42.86,34.39,122.14,normal,0
2026-09-10T02:34:40+00:00,server05,23.65,58.25,35.21,149.4,normal,0
2026-09-10T02:34:50+00:00,server05,52.78,47.84,45.76,212.92,normal,0
2026-09-10T02:35:00+00:00,server05,28.73,63.49,36.06,173.65,normal,0
2026-09-10T02:35:10+00:00,server05,63.18,46.17,58.18,236.4,normal,0
2026-09-10T02:35:20+00:00,server05,89.01,66.08,62.04,323.5,normal,0
2026-09-10T02:35:30+00:00,server05,57.36,98.74,51.74,242.89,normal,0
2026-09-10T02:35:40+00:00,server05,78.65,63.89,59.02,295.66,normal,0
2026-09-10T02:35:50+00:00,server05,68.53,86.62,59.89,276.86,normal,0
2026-09-10T02:36:00+00:00,server05,21.09,50.14,36.8,128.17,normal,0
2026-09-10T02:36:10+00:00,server05,93.43,29.85,65.37,313.13,normal,0
2026-09-10T02:36:20+00:00,server05,37.18,28.86,42.98,178.53,normal,0
2026-09-10T02:36:30+00:00,server05,89.99,61.7,64.67,317.74,normal,0
2026-09-10T02:36:40+00:00,server05,82.83,41.13,61.31,293.07,normal,0
2026-09-10T02:36:50+00:00,server05,55.01,64.02,50.77,222.76,normal,0
2026-09-10T02:37:00+00:00,server05,32.55,69.36,42.09,177.27,normal,0
2026-09-10T02:37:10+00:00,server05,61.67,35.56,44.09,248.34,normal,0
2026-09-10T02:37:20+00:00,server05,37.36,53.36,46.14,184.65,normal,0
2026-09-10T02:37:30+00:00,server05,76.96,60.07,61.99,269.72,normal,0
2026-09-10T02:37:40+00:00,server05,53.55,55.72,47.55,220.95,normal,0
2026-09-10T02:37:50+00:00,server05,74.41,91.57,57.63,283.74,normal,0
2026-09-10T02:38:00+00:00,server05,96.33,99.03,60.21,326.48,overload,1
2026-09-10T02:38:10+00:00,server05,69.4,59.29,56.31,268.56,normal,0
2026-09-10T02:38:20+00:00,server05,75.12,74.75,56.81,272.22,normal,0
2026-09-10T02:38:30+00:00,server05,33.77,81.93,35.95,188.51,normal,0
2026-09-10T02:38:40+00:00,server05,22.71,63.82,37.25,158.7,normal,0
2026-09-10T02:38:50+00:00,server05,95.51,90.99,67.7,343.14,overload,1
2026-09-10T02:39:00+00:00,server05,36.34,69.78,75.89,187.19,cooling_fault,1
2026-09-10T02:39:10+00:00,server05,73.67,44.21,52.56,271.11,normal,0
2026-09-10T02:39:20+00:00,server05,78.3,60.59,54.73,284.75,normal,0
2026-09-10T02:39:30+00:00,server05,48.84,30.52,47.55,204.14,normal,0
2026-09-10T02:39:40+00:00,server05,50.9,64.82,46.92,223.34,normal,0
2026-09-10T02:39:50+00:00,server05,15.26,49.15,39.47,135.58,normal,0
2026-09-10T02:40:00+00:00,server05,83.54,38.41,60.07,297.62,normal,0
2026-09-10T02:40:10+00:00,server05,62.34,44.76,52.36,229.5,normal,0
2026-09-10T02:40:20+00:00,server05,52.0,39.38,50.73,228.14,normal,0
2026-09-10T02:40:30+00:00,server05,11.95,78.69,34.87,138.57,normal,0
2026-09-10T02:40:40+00:00,server05,12.9,62.76,30.54,122.07,normal,0
2026-09-10T02:40:50+00:00,server05,64.94,71.68,53.66,257.8,normal,0
2026-09-10T02:41:00+00:00,server05,24.65,67.04,40.23,155.9,normal,0
2026-09-10T02:41:10+00:00,server05,78.58,60.78,57.78,290.82,normal,0
2026-09-10T02:41:20+00:00,server05,96.72,99.92,64.51,342.78,overload,1
2026-09-10T02:41:30+00:00,server05,97.48,94.41,68.05,335.36,overload,1
2026-09-10T02:41:40+00:00,server05,37.11,82.52,42.42,189.45,normal,0
2026-09-10T02:41:50+00:00,server05,29.91,62.92,42.04,165.45,normal,0
2026-09-10T02:42:00+00:00,server05,28.55,95.45,43.44,189.63,normal,0
2026-09-10T02:42:10+00:00,server05,83.57,50.47,56.62,310.38,normal,0
2026-09-10T02:42:20+00:00,server05,55.89,39.92,49.17,210.23,normal,0
2026-09-10T02:42:30+00:00,server05,57.84,37.06,53.43,229.98,normal,0
2026-09-10T02:42:40+00:00,server05,39.51,51.9,46.79,194.02,normal,0
2026-09-10T02:42:50+00:00,server05,15.39,62.81,55.34,138.82,cooling_fault,1
2026-09-10T02:43:00+00:00,server05,91.92,95.78,62.75,330.9,overload,1
2026-09-10T02:43:10+00:00,server05,68.78,63.87,52.01,255.65,normal,0
2026-09-10T02:43:20+00:00,server05,89.79,64.09,60.8,299.2,normal,0
2026-09-10T02:43:30+00:00,server05,71.46,63.79,61.34,271.83,normal,0
2026-09-10T02:43:40+00:00,server05,45.28,57.97,52.9,199.32,normal,0
2026-09-10T02:43:50+00:00,server05,95.02,100.0,61.53,341.48,overload,1
2026-09-10T02:44:00+00:00,server05,16.57,70.27,40.05,143.32,normal,0
2026-09-10T02:44:10+00:00,server05,96.44,93.98,71.32,335.39,overload,1
2026-09-10T02:44:20+00:00,server05,62.44,56.99,50.99,252.37,normal,0
2026-09-10T02:44:30+00:00,server05,19.47,75.06,36.62,141.69,normal,0
2026-09-10T02:44:40+00:00,server05,13.31,57.37,35.43,124.88,normal,0
2026-09-10T02:44:50+00:00,server05,73.36,46.14,52.45,268.24,normal,0
2026-09-10T02:45:00+00:00,server05,11.2,56.52,35.91,121.15,normal,0
2026-09-10T02:45:10+00:00,server05,89.6,38.04,59.97,309.3,normal,0
2026-09-10T02:45:20+00:00,server05,15.21,86.43,36.78,139.14,normal,0
2026-09-10T02:45:30+00:00,server05,21.61,48.88,38.71,149.96,normal,0
2026-09-10T02:45:40+00:00,server05,47.24,27.45,70.64,210.8,cooling_fault,1
2026-09-10T02:45:50+00:00,server05,87.39,84.53,83.82,299.07,cooling_fault,1
2026-09-10T02:46:00+00:00,server05,27.67,42.53,41.55,155.49,normal,0
2026-09-10T02:46:10+00:00,server05,51.98,67.88,66.43,235.66,cooling_fault,1
2026-09-10T02:46:20+00:00,server05,39.65,42.39,49.65,180.22,normal,0
2026-09-10T02:46:30+00:00,server05,63.96,73.51,54.76,264.86,normal,0
2026-09-10T00:00:00+00:00,server06,46.6,66.5,46.59,206.1,normal,0
2026-09-10T00:00:10+00:00,server06,42.51,76.24,43.33,200.4,normal,0
2026-09-10T00:00:20+00:00,server06,28.53,45.36,43.88,153.83,normal,0
2026-09-10T00:00:30+00:00,server06,50.18,73.5,76.92,223.14,cooling_fault,1
2026-09-10T00:00:40+00:00,server06,16.87,45.45,29.1,119.26,normal,0
2026-09-10T00:00:50+00:00,server06,97.79,100.0,58.11,338.43,overload,1
2026-09-10T00:01:00+00:00,server06,51.04,43.18,49.64,213.45,normal,0
2026-09-10T00:01:10+00:00,server06,43.36,60.34,45.43,198.84,normal,0
2026-09-10T00:01:20+00:00,server06,72.13,24.97,54.79,267.13,normal,0
2026-09-10T00:01:30+00:00,server06,74.64,36.69,85.38,275.36,cooling_fault,1
2026-09-10T00:01:40+00:00,server06,96.51,90.82,59.73,337.88,overload,1
2026-09-10T00:01:50+00:00,server06,45.5,49.56,48.16,215.44,normal,0
2026-09-10T00:02:00+00:00,server06,40.02,51.88,43.63,192.97,normal,0
2026-09-10T00:02:10+00:00,server06,12.82,67.38,33.13,123.79,normal,0
2026-09-10T00:02:20+00:00,server06,69.92,80.85,47.11,291.63,normal,0
2026-09-10T00:02:30+00:00,server06,16.55,28.9,35.08,134.97,normal,0
2026-09-10T00:02:40+00:00,server06,40.49,60.03,44.02,206.72,normal,0
2026-09-10T00:02:50+00:00,server06,33.71,65.47,44.9,174.86,normal,0
2026-09-10T00:03:00+00:00,server06,28.54,55.25,42.0,171.82,normal,0
2026-09-10T00:03:10+00:00,server06,57.93,26.95,49.71,234.89,normal,0
2026-09-10T00:03:20+00:00,server06,89.23,54.89,62.16,302.66,normal,0
2026-09-10T00:03:30+00:00,server06,28.01,49.67,41.11,148.39,normal,0
2026-09-10T00:03:40+00:00,server06,31.98,73.89,40.6,185.87,normal,0
2026-09-10T00:03:50+00:00,server06,18.98,51.62,37.23,142.24,normal,0
2026-09-10T00:04:00+00:00,server06,13.2,50.14,31.24,110.75,normal,0
2026-09-10T00:04:10+00:00,server06,35.88,71.2,36.01,189.8,normal,0
2026-09-10T00:04:20+00:00,server06,33.43,54.96,68.41,180.75,cooling_fault,1
2026-09-10T00:04:30+00:00,server06,58.45,64.79,67.83,246.38,cooling_fault,1
2026-09-10T00:04:40+00:00,server06,84.45,47.12,63.85,298.81,normal,0
2026-09-10T00:04:50+00:00,server06,76.69,52.78,91.43,269.34,cooling_fault,1
2026-09-10T00:05:00+00:00,server06,38.32,78.1,45.3,195.42,normal,0
2026-09-10T00:05:10+00:00,server06,32.43,66.32,72.06,178.48,cooling_fault,1
2026-09-10T00:05:20+00:00,server06,57.27,61.76,47.41,233.17,normal,0
2026-09-10T00:05:30+00:00,server06,28.63,43.72,36.16,152.95,normal,0
2026-09-10T00:05:40+00:00,server06,71.2,58.77,54.43,271.47,normal,0
2026-09-10T00:05:50+00:00,server06,50.7,26.38,44.36,214.03,normal,0
2026-09-10T00:06:00+00:00,server06,25.89,31.84,37.64,149.32,normal,0
2026-09-10T00:06:10+00:00,server06,21.28,62.04,37.1,160.65,normal,0
2026-09-10T00:06:20+00:00,server06,14.76,55.68,37.56,136.82,normal,0
2026-09-10T00:06:30+00:00,server06,22.6,31.25,37.85,131.92,normal,0
2026-09-10T00:06:40+00:00,server06,39.11,57.45,44.65,191.71,normal,0
2026-09-10T00:06:50+00:00,server06,32.47,72.72,40.09,179.92,normal,0
2026-09-10T00:07:00+00:00,server06,82.41,56.17,56.55,294.68,normal,0
2026-09-10T00:07:10+00:00,server06,90.35,54.33,57.47,317.13,normal,0
2026-09-10T00:07:20+00:00,server06,20.1,38.46,36.23,139.52,normal,0
2026-09-10T00:07:30+00:00,server06,97.14,93.97,61.25,348.95,overload,1
2026-09-10T00:07:40+00:00,server06,52.48,52.87,44.98,226.7,normal,0
2026-09-10T00:07:50+00:00,server06,98.65,92.64,60.77,341.0,overload,1
2026-09-10T00:08:00+00:00,server06,75.63,29.76,57.91,263.28,normal,0
2026-09-10T00:08:10+00:00,server06,93.97,22.25,89.18,314.74,cooling_fault,1
2026-09-10T00:08:20+00:00,server06,94.66,98.66,69.02,345.3,overload,1
2026-09-10T00:08:30+00:00,server06,68.86,31.3,78.89,261.1,cooling_fault,1
2026-09-10T00:08:40+00:00,server06,29.67,42.77,41.45,165.85,normal,0
2026-09-10T00:08:50+00:00,server06,12.32,37.83,33.03,110.79,normal,0
2026-09-10T00:09:00+00:00,server06,79.03,65.36,57.58,287.47,normal,0
2026-09-10T00:09:10+00:00,server06,13.18,49.48,32.86,117.03,normal,0
2026-09-10T00:09:20+00:00,server06,55.9,26.28,45.47,217.91,normal,0
2026-09-10T00:09:30+00:00,server06,52.84,57.73,48.13,228.55,normal,0
2026-09-10T00:09:40+00:00,server06,32.06,39.95,42.08,169.54,normal,0
2026-09-10T00:09:50+00:00,server06,36.16,54.43,43.5,185.65,normal,0
2026-09-10T00:10:00+00:00,server06,81.65,62.85,56.4,285.67,normal,0
2026-09-10T00:10:10+00:00,server06,81.79,58.12,62.18,305.1,normal,0
2026-09-10T00:10:20+00:00,server06,91.8,56.27,54.94,314.55,normal,0
2026-09-10T00:10:30+00:00,server06,59.77,41.94,52.61,235.18,normal,0
2026-09-10T00:10:40+00:00,server06,46.56,77.97,45.78,222.38,normal,0
2026-09-10T00:10:50+00:00,server06,94.66,91.15,59.67,346.13,overload,1
2026-09-10T00:11:00+00:00,server06,84.34,58.1,62.02,285.56,normal,0
2026-09-10T00:11:10+00:00,server06,74.92,92.81,58.67,283.79,normal,0
2026-09-10T00:11:20+00:00,server06,31.16,53.02,45.17,168.71,normal,0
2026-09-10T00:11:30+00:00,server06,36.34,64.98,45.8,171.21,normal,0
2026-09-10T00:11:40+00:00,server06,72.42,57.26,51.63,260.42,normal,0
2026-09-10T00:11:50+00:00,server06,13.01,54.1,35.85,135.22,normal,0
2026-09-10T00:12:00+00:00,server06,64.86,49.12,55.95,249.86,normal,0
2026-09-10T00:12:10+00:00,server06,76.06,82.47,56.84,285.12,normal,0
2026-09-10T00:12:20+00:00,server06,17.01,72.77,34.45,137.85,normal,0
2026-09-10T00:12:30+00:00,server06,73.18,56.15,50.21,282.1,normal,0
2026-09-10T00:12:40+00:00,server06,48.54,49.94,46.35,199.38,normal,0
2026-09-10T00:12:50+00:00,server06,26.67,54.28,62.66,181.29,cooling_fault,1
2026-09-10T00:13:00+00:00,server06,45.9,65.62,43.02,201.15,normal,0
2026-09-10T00:13:10+00:00,server06,13.6,62.26,60.49,125.79,cooling_fault,1
2026-09-10T00:13:20+00:00,server06,31.95,67.69,42.46,169.56,normal,0
2026-09-10T00:13:30+00:00,server06,94.08,50.19,59.5,313.99,normal,0
2026-09-10T00:13:40+00:00,server06,16.44,42.71,37.28,128.51,normal,0
2026-09-10T00:13:50+00:00,server06,84.14,64.82,58.04,300.32,normal,0
2026-09-10T00:14:00+00:00,server06,94.81,78.42,63.24,333.95,normal,0
2026-09-10T00:14:10+00:00,server06,74.38,45.92,58.26,274.62,normal,0
2026-09-10T00:14:20+00:00,server06,16.03,47.79,35.01,142.45,normal,0
2026-09-10T00:14:30+00:00,server06,36.44,100.0,57.92,199.9,cooling_fault,1
2026-09-10T00:14:40+00:00,server06,95.46,96.63,63.86,335.2,overload,1
2026-09-10T00:14:50+00:00,server06,57.97,61.92,50.86,233.04,normal,0
2026-09-10T00:15:00+00:00,server06,77.53,66.44,55.61,287.51,normal,0
2026-09-10T00:15:10+00:00,server06,19.23,44.25,34.53,134.63,normal,0
2026-09-10T00:15:20+00:00,server06,85.1,75.96,60.17,297.57,normal,0
2026-09-10T00:15:30+00:00,server06,86.55,33.77,61.2,308.66,normal,0
2026-09-10T00:15:40+00:00,server06,31.73,48.57,39.21,172.23,normal,0
2026-09-10T00:15:50+00:00,server06,45.41,30.71,46.09,206.74,normal,0
2026-09-10T00:16:00+00:00,server06,100.0,92.98,67.72,339.07,overload,1
2026-09-10T00:16:10+00:00,server06,100.0,96.5,70.31,344.16,overload,1
2026-09-10T00:16:20+00:00,server06,78.53,55.52,58.29,285.34,normal,0
2026-09-10T00:16:30+00:00,server06,33.92,60.18,41.39,170.24,normal,0
2026-09-10T00:16:40+00:00,server06,46.52,34.27,43.78,198.55,normal,0
2026-09-10T00:16:50+00:00,server06,94.0,100.0,59.12,345.28,overload,1
2026-09-10T00:17:00+00:00,server06,87.92,63.81,59.41,303.69,normal,0
2026-09-10T00:17:10+00:00,server06,61.98,51.33,52.26,255.42,normal,0
2026-09-10T00:17:20+00:00,server06,81.49,66.39,51.42,283.86,normal,0
2026-09-10T00:17:30+00:00,server06,19.7,63.22,35.53,136.68,normal,0
2026-09-10T00:17:40+00:00,server06,78.07,24.66,86.51,283.37,cooling_fault,1
2026-09-10T00:17:50+00:00,server06,18.36,63.34,59.48,130.95,cooling_fault,1
2026-09-10T00:18:00+00:00,server06,50.39,32.92,48.49,210.27,normal,0
2026-09-10T00:18:10+00:00,server06,25.36,49.45,39.88,157.29,normal,0
2026-09-10T00:18:20+00:00,server06,65.25,57.47,51.59,260.5,normal,0
2026-09-10T00:18:30+00:00,server06,84.25,65.28,63.65,296.35,normal,0
2026-09-10T00:18:40+00:00,server06,90.81,44.42,63.4,314.81,normal,0
2026-09-10T00:18:50+00:00,server06,18.88,58.79,42.81,142.53,normal,0
2026-09-10T00:19:00+00:00,server06,48.45,62.07,48.41,216.55,normal,0
2026-09-10T00:19:10+00:00,server06,80.3,84.05,58.19,312.41,normal,0
2026-09-10T00:19:20+00:00,server06,20.08,62.09,37.44,153.56,normal,0
2026-09-10T00:19:30+00:00,server06,23.67,74.96,40.74,159.05,normal,0
2026-09-10T00:19:40+00:00,server06,37.0,65.87,45.2,191.27,normal,0
2026-09-10T00:19:50+00:00,server06,14.69,61.92,37.63,139.44,normal,0
2026-09-10T00:20:00+00:00,server06,26.24,37.39,58.62,154.84,cooling_fault,1
2026-09-10T00:20:10+00:00,server06,32.0,83.62,40.71,182.13,normal,0
2026-09-10T00:20:20+00:00,server06,55.27,37.15,44.71,214.4,normal,0
2026-09-10T00:20:30+00:00,server06,92.05,47.5,63.45,302.79,normal,0
2026-09-10T00:20:40+00:00,server06,98.54,97.8,66.04,345.43,overload,1
2026-09-10T00:20:50+00:00,server06,43.42,79.8,71.29,207.29,cooling_fault,1
2026-09-10T00:21:00+00:00,server06,84.68,58.39,58.9,297.43,normal,0
2026-09-10T00:21:10+00:00,server06,50.89,62.18,46.38,205.56,normal,0
2026-09-10T00:21:20+00:00,server06,74.41,56.52,58.26,281.99,normal,0
2026-09-10T00:21:30+00:00,server06,53.82,65.93,49.5,232.98,normal,0
2026-09-10T00:21:40+00:00,server06,93.03,99.1,61.72,350.78,overload,1
2026-09-10T00:21:50+00:00,server06,49.93,45.84,50.06,211.21,normal,0
2026-09-10T00:22:00+00:00,server06,47.36,45.8,48.98,205.27,normal,0
2026-09-10T00:22:10+00:00,server06,30.91,49.94,44.61,174.72,normal,0
2026-09-10T00:22:20+00:00,server06,63.54,80.14,53.1,251.25,normal,0
2026-09-10T00:22:30+00:00,server06,38.28,64.44,42.19,193.46,normal,0
2026-09-10T00:22:40+00:00,server06,97.43,90.57,62.22,335.61,overload,1
2026-09-10T00:22:50+00:00,server06,89.67,100.0,58.75,318.77,overload,1
2026-09-10T00:23:00+00:00,server06,16.87,53.64,34.85,134.19,normal,0
2026-09-10T00:23:10+00:00,server06,86.79,25.17,56.5,285.09,normal,0
2026-09-10T00:23:20+00:00,server06,38.73,76.99,38.65,201.02,normal,0
2026-09-10T00:23:30+00:00,server06,100.0,99.15,71.78,356.16,overload,1
2026-09-10T00:23:40+00:00,server06,57.69,46.01,47.79,237.19,normal,0
2026-09-10T00:23:50+00:00,server06,45.96,44.16,41.64,205.51,normal,0
2026-09-10T00:24:00+00:00,server06,31.02,75.68,42.1,177.88,normal,0
2026-09-10T00:24:10+00:00,server06,35.21,48.39,47.46,170.42,normal,0
2026-09-10T00:24:20+00:00,server06,97.89,95.25,67.71,355.73,overload,1
2026-09-10T00:24:30+00:00,server06,61.87,41.07,51.18,260.05,normal,0
2026-09-10T00:24:40+00:00,server06,29.7,54.81,40.8,171.06,normal,0
2026-09-10T00:24:50+00:00,server06,27.46,55.56,42.98,167.77,normal,0
2026-09-10T00:25:00+00:00,server06,20.55,70.28,39.01,153.52,normal,0
2026-09-10T00:25:10+00:00,server06,50.1,57.29,44.11,207.01,normal,0
2026-09-10T00:25:20+00:00,server06,71.73,48.05,56.49,271.91,normal,0
2026-09-10T00:25:30+00:00,server06,47.17,69.42,49.02,218.57,normal,0
2026-09-10T00:25:40+00:00,server06,48.53,56.15,49.78,221.65,normal,0
2026-09-10T00:25:50+00:00,server06,78.96,42.94,57.58,282.32,normal,0
2026-09-10T00:26:00+00:00,server06,11.58,49.05,40.22,134.92,normal,0
2026-09-10T00:26:10+00:00,server06,94.96,38.64,59.87,316.02,normal,0
2026-09-10T00:26:20+00:00,server06,53.0,64.3,48.87,231.41,normal,0
2026-09-10T00:26:30+00:00,server06,23.42,56.18,34.03,156.93,normal,0
2026-09-10T00:26:40+00:00,server06,93.86,93.73,61.65,331.42,overload,1
2026-09-10T00:26:50+00:00,server06,100.0,86.82,67.26,353.69,overload,1
2026-09-10T00:27:00+00:00,server06,70.3,79.81,50.49,273.73,normal,0
2026-09-10T00:27:10+00:00,server06,67.61,53.27,52.32,266.65,normal,0
2026-09-10T00:27:20+00:00,server06,32.56,55.48,36.24,186.16,normal,0
2026-09-10T00:27:30+00:00,server06,85.61,69.57,60.56,314.37,normal,0
2026-09-10T00:27:40+00:00,server06,74.51,59.66,52.71,275.52,normal,0
2026-09-10T00:27:50+00:00,server06,93.3,92.85,60.02,333.01,overload,1
2026-09-10T00:28:00+00:00,server06,78.47,22.35,59.41,271.49,normal,0
2026-09-10T00:28:10+00:00,server06,76.21,42.09,56.46,271.99,normal,0
2026-09-10T00:28:20+00:00,server06,60.81,38.13,53.48,246.25,normal,0
2026-09-10T00:28:30+00:00,server06,89.79,43.9,83.7,315.79,cooling_fault,1
2026-09-10T00:28:40+00:00,server06,69.3,64.55,57.97,274.18,normal,0
2026-09-10T00:28:50+00:00,server06,81.7,64.15,58.94,292.34,normal,0
2026-09-10T00:29:00+00:00,server06,32.74,47.06,70.95,169.45,cooling_fault,1
2026-09-10T00:29:10+00:00,server06,60.27,42.7,48.89,242.42,normal,0
2026-09-10T00:29:20+00:00,server06,51.35,59.55,46.07,220.97,normal,0
2026-09-10T00:29:30+00:00,server06,21.26,77.64,37.24,162.36,normal,0
2026-09-10T00:29:40+00:00,server06,77.16,41.01,54.56,275.68,normal,0
2026-09-10T00:29:50+00:00,server06,53.94,50.46,74.82,214.09,cooling_fault,1
2026-09-10T00:30:00+00:00,server06,41.53,77.3,50.25,203.21,normal,0
2026-09-10T00:30:10+00:00,server06,97.46,94.29,58.89,348.75,overload,1
2026-09-10T00:30:20+00:00,server06,80.76,47.38,82.42,288.14,cooling_fault,1
2026-09-10T00:30:30+00:00,server06,19.23,35.67,36.27,129.82,normal,0
2026-09-10T00:30:40+00:00,server06,17.52,49.84,39.28,147.6,normal,0
2026-09-10T00:30:50+00:00,server06,91.07,96.45,62.69,327.09,overload,1
2026-09-10T00:31:00+00:00,server06,83.1,70.58,61.78,302.27,normal,0
2026-09-10T00:31:10+00:00,server06,12.24,30.76,33.49,119.06,normal,0
2026-09-10T00:31:20+00:00,server06,24.01,62.37,33.97,164.99,normal,0
2026-09-10T00:31:30+00:00,server06,69.94,86.97,57.69,265.63,normal,0
2026-09-10T00:31:40+00:00,server06,49.31,84.68,50.03,208.97,normal,0
2026-09-10T00:31:50+00:00,server06,25.76,74.85,36.85,168.19,normal,0
2026-09-10T00:32:00+00:00,server06,77.09,64.33,53.03,303.3,normal,0
2026-09-10T00:32:10+00:00,server06,50.21,64.38,51.45,217.22,normal,0
2026-09-10T00:32:20+00:00,server06,78.97,39.55,83.87,280.83,cooling_fault,1
2026-09-10T00:32:30+00:00,server06,54.25,67.36,47.76,224.51,normal,0
2026-09-10T00:32:40+00:00,server06,63.41,58.79,50.06,254.97,normal,0
2026-09-10T00:32:50+00:00,server06,14.36,71.94,31.63,144.44,normal,0
2026-09-10T00:33:00+00:00,server06,91.24,90.52,62.29,331.98,overload,1
2026-09-10T00:33:10+00:00,server06,79.91,67.94,55.47,285.43,normal,0
2026-09-10T00:33:20+00:00,server06,59.36,39.53,54.66,218.97,normal,0
2026-09-10T00:33:30+00:00,server06,23.91,51.94,38.46,146.14,normal,0
2026-09-10T00:33:40+00:00,server06,74.14,69.03,87.31,279.66,cooling_fault,1
2026-09-10T00:33:50+00:00,server06,93.09,80.47,67.29,334.65,normal,0
2026-09-10T00:34:00+00:00,server06,83.46,74.57,57.36,302.92,normal,0
2026-09-10T00:34:10+00:00,server06,85.3,78.16,89.17,309.25,cooling_fault,1
2026-09-10T00:34:20+00:00,server06,57.2,56.54,49.37,234.51,normal,0
2026-09-10T00:34:30+00:00,server06,77.68,54.89,56.74,277.28,normal,0
2026-09-10T00:34:40+00:00,server06,94.57,88.24,68.45,326.67,overload,1
2026-09-10T00:34:50+00:00,server06,36.44,63.54,42.61,194.52,normal,0
2026-09-10T00:35:00+00:00,server06,87.64,58.86,59.53,292.55,normal,0
2026-09-10T00:35:10+00:00,server06,19.68,27.68,37.61,133.6,normal,0
2026-09-10T00:35:20+00:00,server06,59.15,56.52,52.76,237.47,normal,0
2026-09-10T00:35:30+00:00,server06,63.27,50.36,51.21,254.39,normal,0
2026-09-10T00:35:40+00:00,server06,61.37,59.95,54.36,255.71,normal,0
2026-09-10T00:35:50+00:00,server06,78.82,35.56,50.83,294.45,normal,0
2026-09-10T00:36:00+00:00,server06,68.01,36.62,73.72,248.51,cooling_fault,1
2026-09-10T00:36:10+00:00,server06,30.3,49.96,62.63,177.03,cooling_fault,1
2026-09-10T00:36:20+00:00,server06,94.55,97.05,62.36,333.33,overload,1
2026-09-10T00:36:30+00:00,server06,25.37,41.62,40.39,173.35,normal,0
2026-09-10T00:36:40+00:00,server06,52.75,53.74,49.9,209.84,normal,0
2026-09-10T00:36:50+00:00,server06,31.19,91.17,63.34,182.45,cooling_fault,1
2026-09-10T00:37:00+00:00,server06,76.59,55.92,57.49,272.37,normal,0
2026-09-10T00:37:10+00:00,server06,84.3,46.99,51.57,295.2,normal,0
2026-09-10T00:37:20+00:00,server06,68.44,46.24,53.8,263.58,normal,0
2026-09-10T00:37:30+00:00,server06,26.45,60.98,44.04,158.25,normal,0
2026-09-10T00:37:40+00:00,server06,93.74,84.84,65.04,334.75,overload,1
2026-09-10T00:37:50+00:00,server06,46.76,57.88,45.59,207.83,normal,0
2026-09-10T00:38:00+00:00,server06,44.35,27.83,41.88,193.49,normal,0
2026-09-10T00:38:10+00:00,server06,40.74,49.99,43.87,190.27,normal,0
2026-09-10T00:38:20+00:00,server06,100.0,90.69,62.78,337.11,overload,1
2026-09-10T00:38:30+00:00,server06,75.67,47.9,54.85,277.4,normal,0
2026-09-10T00:38:40+00:00,server06,69.38,46.77,55.84,264.43,normal,0
2026-09-10T00:38:50+00:00,server06,39.15,51.3,39.35,189.98,normal,0
2026-09-10T00:39:00+00:00,server06,68.82,35.57,83.84,252.22,cooling_fault,1
2026-09-10T00:39:10+00:00,server06,96.1,96.05,63.75,342.2,overload,1
2026-09-10T00:39:20+00:00,server06,70.54,28.5,57.25,261.81,normal,0
2026-09-10T00:39:30+00:00,server06,90.58,81.29,64.42,317.42,normal,0
2026-09-10T00:39:40+00:00,server06,76.52,75.39,50.7,294.96,normal,0
2026-09-10T00:39:50+00:00,server06,30.33,62.04,43.34,168.6,normal,0
2026-09-10T00:40:00+00:00,server06,93.11,44.97,66.07,304.84,normal,0
2026-09-10T00:40:10+00:00,server06,13.04,68.1,39.04,125.22,normal,0
2026-09-10T00:40:20+00:00,server06,72.62,34.33,53.68,267.87,normal,0
2026-09-10T00:40:30+00:00,server06,18.84,49.68,37.51,147.65,normal,0
2026-09-10T00:40:40+00:00,server06,21.91,56.14,37.34,147.76,normal,0
2026-09-10T00:40:50+00:00,server06,86.22,48.91,56.77,308.51,normal,0
2026-09-10T00:41:00+00:00,server06,38.76,60.54,42.31,186.17,normal,0
2026-09-10T00:41:10+00:00,server06,11.94,51.33,29.77,118.14,normal,0
2026-09-10T00:41:20+00:00,server06,37.09,32.71,43.78,180.59,normal,0
2026-09-10T00:41:30+00:00,server06,47.56,43.96,47.07,216.36,normal,0
2026-09-10T00:41:40+00:00,server06,61.27,52.2,44.87,243.59,normal,0
2026-09-10T00:41:50+00:00,server06,100.0,89.64,61.99,348.05,overload,1
2026-09-10T00:42:00+00:00,server06,85.52,64.35,56.09,305.6,normal,0
2026-09-10T00:42:10+00:00,server06,28.85,58.1,62.54,156.77,cooling_fault,1
2026-09-10T00:42:20+00:00,server06,47.62,43.43,45.35,201.3,normal,0
2026-09-10T00:42:30+00:00,server06,82.87,74.28,57.87,300.6,normal,0
2026-09-10T00:42:40+00:00,server06,32.5,44.05,44.55,180.0,normal,0
2026-09-10T00:42:50+00:00,server06,80.5,49.65,58.33,300.3,normal,0
2026-09-10T00:43:00+00:00,server06,82.61,61.86,83.14,299.76,cooling_fault,1
2026-09-10T00:43:10+00:00,server06,39.06,45.9,40.53,185.3,normal,0
2026-09-10T00:43:20+00:00,server06,38.65,33.51,42.71,184.68,normal,0
2026-09-10T00:43:30+00:00,server06,77.07,36.44,56.81,280.45,normal,0
2026-09-10T00:43:40+00:00,server06,80.9,81.32,58.02,300.12,normal,0
2026-09-10T00:43:50+00:00,server06,35.41,63.58,43.34,174.86,normal,0
2026-09-10T00:44:00+00:00,server06,70.01,70.22,54.61,268.48,normal,0
2026-09-10T00:44:10+00:00,server06,70.98,46.86,51.28,261.42,normal,0
2026-09-10T00:44:20+00:00,server06,79.44,34.66,56.12,282.58,normal,0
2026-09-10T00:44:30+00:00,server06,67.95,79.29,54.82,265.24,normal,0
2026-09-10T00:44:40+00:00,server06,73.44,29.35,84.61,266.75,cooling_fault,1
2026-09-10T00:44:50+00:00,server06,60.88,74.27,53.32,248.14,normal,0
2026-09-10T00:45:00+00:00,server06,97.04,92.43,62.81,343.28,overload,1
2026-09-10T00:45:10+00:00,server06,41.79,59.42,47.13,206.67,normal,0
2026-09-10T00:45:20+00:00,server06,45.59,69.81,46.2,193.42,normal,0
2026-09-10T00:45:30+00:00,server06,70.54,38.04,51.38,280.58,normal,0
2026-09-10T00:45:40+00:00,server06,52.26,44.75,48.29,223.18,normal,0
2026-09-10T00:45:50+00:00,server06,26.3,59.76,37.37,169.42,normal,0
2026-09-10T00:46:00+00:00,server06,79.54,65.33,58.99,286.69,normal,0
2026-09-10T00:46:10+00:00,server06,78.97,73.03,59.77,289.73,normal,0
2026-09-10T00:46:20+00:00,server06,64.02,60.13,52.56,227.59,normal,0
2026-09-10T00:46:30+00:00,server06,67.82,65.29,58.84,260.33,normal,0
2026-09-10T00:46:40+00:00,server06,52.72,62.88,73.87,221.25,cooling_fault,1
2026-09-10T00:46:50+00:00,server06,29.62,61.58,42.86,172.76,normal,0
2026-09-10T00:47:00+00:00,server06,40.38,56.25,45.65,204.12,normal,0
2026-09-10T00:47:10+00:00,server06,68.91,45.08,50.53,251.66,normal,0
2026-09-10T00:47:20+00:00,server06,62.29,44.87,53.95,243.56,normal,0
2026-09-10T00:47:30+00:00,server06,91.38,70.76,63.52,320.44,normal,0
2026-09-10T00:47:40+00:00,server06,87.02,61.51,85.34,308.84,cooling_fault,1
2026-09-10T00:47:50+00:00,server06,11.88,64.75,31.63,118.16,normal,0
2026-09-10T00:48:00+00:00,server06,71.71,62.78,55.49,268.35,normal,0
2026-09-10T00:48:10+00:00,server06,97.14,96.32,71.82,334.66,overload,1
2026-09-10T00:48:20+00:00,server06,30.02,60.79,36.92,172.74,normal,0
2026-09-10T00:48:30+00:00,server06,31.59,69.6,39.78,160.29,normal,0
2026-09-10T00:48:40+00:00,server06,63.62,47.81,51.03,250.28,normal,0
2026-09-10T00:48:50+00:00,server06,16.82,72.83,42.07,153.45,normal,0
2026-09-10T00:49:00+00:00,server06,32.74,49.0,40.06,180.25,normal,0
2026-09-10T00:49:10+00:00,server06,43.73,40.56,49.42,194.55,normal,0
2026-09-10T00:49:20+00:00,server06,46.54,43.65,50.27,199.78,normal,0
2026-09-10T00:49:30+00:00,server06,30.44,67.85,42.94,167.31,normal,0
2026-09-10T00:49:40+00:00,server06,88.18,74.74,60.66,318.49,normal,0
2026-09-10T00:49:50+00:00,server06,60.95,37.66,49.33,233.54,normal,0
2026-09-10T00:50:00+00:00,server06,54.14,59.68,49.31,227.86,normal,0
2026-09-10T00:50:10+00:00,server06,38.01,40.44,42.86,173.65,normal,0
2026-09-10T00:50:20+00:00,server06,75.09,71.04,56.27,277.97,normal,0
2026-09-10T00:50:30+00:00,server06,70.57,31.45,52.82,259.09,normal,0
2026-09-10T00:50:40+00:00,server06,88.03,54.15,61.58,308.45,normal,0
2026-09-10T00:50:50+00:00,server06,81.02,57.64,53.07,286.37,normal,0
2026-09-10T00:51:00+00:00,server06,14.8,90.24,33.9,135.67,normal,0
2026-09-10T00:51:10+00:00,server06,81.36,77.99,79.34,297.54,cooling_fault,1
2026-09-10T00:51:20+00:00,server06,91.09,63.88,60.54,322.45,normal,0
2026-09-10T00:51:30+00:00,server06,93.94,74.95,65.86,322.01,normal,0
2026-09-10T00:51:40+00:00,server06,98.44,97.55,69.18,345.44,overload,1
2026-09-10T00:51:50+00:00,server06,92.82,71.74,91.57,335.14,cooling_fault,1
2026-09-10T00:52:00+00:00,server06,17.19,70.28,34.06,150.79,normal,0
2026-09-10T00:52:10+00:00,server06,71.74,63.77,52.81,257.91,normal,0
2026-09-10T00:52:20+00:00,server06,74.56,76.06,56.64,288.0,normal,0
2026-09-10T00:52:30+00:00,server06,50.44,41.7,48.25,212.44,normal,0
2026-09-10T00:52:40+00:00,server06,39.35,45.79,42.76,201.35,normal,0
2026-09-10T00:52:50+00:00,server06,98.13,98.72,66.08,360.89,overload,1
2026-09-10T00:53:00+00:00,server06,65.81,48.0,54.24,257.79,normal,0
2026-09-10T00:53:10+00:00,server06,49.23,36.94,47.79,197.38,normal,0
2026-09-10T00:53:20+00:00,server06,29.88,67.5,43.92,172.6,normal,0
2026-09-10T00:53:30+00:00,server06,62.57,62.2,51.56,246.04,normal,0
2026-09-10T00:53:40+00:00,server06,85.91,63.22,61.94,303.31,normal,0
2026-09-10T00:53:50+00:00,server06,95.31,95.06,60.43,335.11,overload,1
2026-09-10T00:54:00+00:00,server06,93.3,96.31,61.29,315.1,overload,1
2026-09-10T00:54:10+00:00,server06,88.06,59.79,63.79,311.15,normal,0
2026-09-10T00:54:20+00:00,server06,23.85,65.6,37.78,140.94,normal,0
2026-09-10T00:54:30+00:00,server06,72.33,77.22,61.83,282.96,normal,0
2026-09-10T00:54:40+00:00,server06,73.17,41.7,50.59,264.3,normal,0
2026-09-10T00:54:50+00:00,server06,94.02,96.4,64.63,336.51,overload,1
2026-09-10T00:55:00+00:00,server06,97.03,93.74,69.07,350.08,overload,1
2026-09-10T00:55:10+00:00,server06,62.36,60.16,46.81,247.08,normal,0
2026-09-10T00:55:20+00:00,server06,48.44,53.98,66.51,202.83,cooling_fault,1
2026-09-10T00:55:30+00:00,server06,63.42,42.49,48.51,240.01,normal,0
2026-09-10T00:55:40+00:00,server06,43.66,65.06,47.64,213.02,normal,0
2026-09-10T00:55:50+00:00,server06,59.75,66.49,49.01,248.95,normal,0
2026-09-10T00:56:00+00:00,server06,19.44,49.65,36.21,137.33,normal,0
2026-09-10T00:56:10+00:00,server06,77.45,54.77,57.6,289.93,normal,0
2026-09-10T00:56:20+00:00,server06,99.35,93.22,61.17,343.98,overload,1
2026-09-10T00:56:30+00:00,server06,94.05,76.9,63.79,334.81,normal,0
2026-09-10T00:56:40+00:00,server06,92.31,51.85,70.62,323.96,normal,0
2026-09-10T00:56:50+00:00,server06,40.57,34.96,42.26,179.75,normal,0
2026-09-10T00:57:00+00:00,server06,86.67,56.43,59.4,291.92,normal,0
2026-09-10T00:57:10+00:00,server06,61.7,44.09,47.65,234.27,normal,0
2026-09-10T00:57:20+00:00,server06,62.49,31.59,74.64,225.45,cooling_fault,1
2026-09-10T00:57:30+00:00,server06,20.98,66.51,30.99,154.72,normal,0
2026-09-10T00:57:40+00:00,server06,59.71,56.01,52.78,239.31,normal,0
2026-09-10T00:57:50+00:00,server06,95.7,92.82,65.31,346.12,overload,1
2026-09-10T00:58:00+00:00,server06,31.57,71.84,37.99,191.58,normal,0
2026-09-10T00:58:10+00:00,server06,71.39,75.48,52.85,274.91,normal,0
2026-09-10T00:58:20+00:00,server06,72.82,82.33,60.13,280.18,normal,0
2026-09-10T00:58:30+00:00,server06,95.84,98.37,62.31,352.21,overload,1
2026-09-10T00:58:40+00:00,server06,22.68,48.0,38.51,145.72,normal,0
2026-09-10T00:58:50+00:00,server06,76.25,66.86,61.24,283.68,normal,0
2026-09-10T00:59:00+00:00,server06,57.3,87.07,74.81,230.36,cooling_fault,1
2026-09-10T00:59:10+00:00,server06,94.19,92.14,56.38,341.89,overload,1
2026-09-10T00:59:20+00:00,server06,24.77,87.78,36.33,168.88,normal,0
2026-09-10T00:59:30+00:00,server06,15.62,37.08,35.07,137.59,normal,0
2026-09-10T00:59:40+00:00,server06,83.69,54.27,54.41,307.07,normal,0
2026-09-10T00:59:50+00:00,server06,85.04,63.74,60.12,323.51,normal,0
2026-09-10T01:00:00+00:00,server06,24.2,64.04,39.1,157.65,normal,0
2026-09-10T01:00:10+00:00,server06,70.1,58.19,53.02,250.54,normal,0
2026-09-10T01:00:20+00:00,server06,57.91,57.12,47.99,230.27,normal,0
2026-09-10T01:00:30+00:00,server06,69.81,72.85,54.51,265.09,normal,0
2026-09-10T01:00:40+00:00,server06,56.84,44.85,46.54,230.12,normal,0
2026-09-10T01:00:50+00:00,server06,37.15,34.29,44.01,174.21,normal,0
2026-09-10T01:01:00+00:00,server06,44.93,70.71,43.23,210.91,normal,0
2026-09-10T01:01:10+00:00,server06,47.86,71.91,41.75,209.78,normal,0
2026-09-10T01:01:20+00:00,server06,69.62,52.68,56.86,261.65,normal,0
2026-09-10T01:01:30+00:00,server06,62.05,36.79,52.65,247.0,normal,0
2026-09-10T01:01:40+00:00,server06,28.38,40.75,38.76,157.88,normal,0
2026-09-10T01:01:50+00:00,server06,53.47,28.02,77.52,231.5,cooling_fault,1
2026-09-10T01:02:00+00:00,server06,56.53,67.96,55.68,242.85,normal,0
2026-09-10T01:02:10+00:00,server06,26.46,61.06,36.4,172.13,normal,0
2026-09-10T01:02:20+00:00,server06,16.22,39.08,36.87,123.48,normal,0
2026-09-10T01:02:30+00:00,server06,94.51,33.6,58.97,324.54,normal,0
2026-09-10T01:02:40+00:00,server06,72.18,42.89,55.42,271.6,normal,0
2026-09-10T01:02:50+00:00,server06,28.46,97.34,40.6,166.77,normal,0
2026-09-10T01:03:00+00:00,server06,88.65,69.91,63.81,312.03,normal,0
2026-09-10T01:03:10+00:00,server06,26.57,30.36,42.95,147.02,normal,0
2026-09-10T01:03:20+00:00,server06,35.29,47.62,39.95,184.72,normal,0
2026-09-10T01:03:30+00:00,server06,26.75,46.07,38.67,158.3,normal,0
2026-09-10T01:03:40+00:00,server06,79.07,65.56,56.86,293.78,normal,0
2026-09-10T01:03:50+00:00,server06,47.56,48.83,44.28,212.21,normal,0
2026-09-10T01:04:00+00:00,server06,49.1,56.01,43.06,209.96,normal,0
2026-09-10T01:04:10+00:00,server06,49.5,66.6,47.14,221.1,normal,0
2026-09-10T01:04:20+00:00,server06,27.58,62.8,41.75,163.5,normal,0
2026-09-10T01:04:30+00:00,server06,98.0,99.65,67.62,357.74,overload,1
2026-09-10T01:04:40+00:00,server06,93.09,92.36,66.72,316.23,overload,1
2026-09-10T01:04:50+00:00,server06,92.4,83.85,62.13,332.7,normal,0
2026-09-10T01:05:00+00:00,server06,64.73,49.8,50.57,242.27,normal,0
2026-09-10T01:05:10+00:00,server06,90.3,36.25,60.97,311.19,normal,0
2026-09-10T01:05:20+00:00,server06,53.41,76.1,44.44,246.47,normal,0
2026-09-10T01:05:30+00:00,server06,86.63,74.19,65.07,313.94,normal,0
2026-09-10T01:05:40+00:00,server06,87.71,46.38,66.37,301.35,normal,0
2026-09-10T01:05:50+00:00,server06,50.15,37.65,47.63,209.05,normal,0
2026-09-10T01:06:00+00:00,server06,27.31,53.9,44.21,154.88,normal,0
2026-09-10T01:06:10+00:00,server06,83.82,43.86,81.13,279.05,cooling_fault,1
2026-09-10T01:06:20+00:00,server06,98.64,91.9,65.39,353.91,overload,1
2026-09-10T01:06:30+00:00,server06,76.05,21.87,53.92,275.2,normal,0
2026-09-10T01:06:40+00:00,server06,84.92,45.9,66.92,300.83,normal,0
2026-09-10T01:06:50+00:00,server06,86.09,70.0,59.92,313.97,normal,0
2026-09-10T01:07:00+00:00,server06,93.52,43.98,61.88,320.31,normal,0
2026-09-10T01:07:10+00:00,server06,94.49,43.92,62.13,314.28,normal,0
2026-09-10T01:07:20+00:00,server06,59.0,48.29,56.85,230.41,normal,0
2026-09-10T01:07:30+00:00,server06,70.4,34.58,56.37,237.53,normal,0
2026-09-10T01:07:40+00:00,server06,36.49,63.51,45.04,195.58,normal,0
2026-09-10T01:07:50+00:00,server06,42.5,49.29,69.58,187.85,cooling_fault,1
2026-09-10T01:08:00+00:00,server06,21.71,43.18,32.37,134.83,normal,0
2026-09-10T01:08:10+00:00,server06,78.03,50.38,58.39,260.93,normal,0
2026-09-10T01:08:20+00:00,server06,76.56,37.35,55.5,283.35,normal,0
2026-09-10T01:08:30+00:00,server06,86.09,60.2,57.67,312.75,normal,0
2026-09-10T01:08:40+00:00,server06,54.99,90.45,52.29,225.63,normal,0
2026-09-10T01:08:50+00:00,server06,94.89,40.27,63.41,329.65,normal,0
2026-09-10T01:09:00+00:00,server06,19.59,66.06,36.93,140.49,normal,0
2026-09-10T01:09:10+00:00,server06,24.67,47.78,43.08,150.49,normal,0
2026-09-10T01:09:20+00:00,server06,96.77,94.52,58.42,357.56,overload,1
2026-09-10T01:09:30+00:00,server06,71.77,69.82,54.97,265.74,normal,0
2026-09-10T01:09:40+00:00,server06,49.73,44.29,46.51,219.45,normal,0
2026-09-10T01:09:50+00:00,server06,22.42,61.9,46.09,152.42,normal,0
2026-09-10T01:10:00+00:00,server06,19.47,84.39,34.68,154.2,normal,0
2026-09-10T01:10:10+00:00,server06,21.43,48.49,38.22,160.04,normal,0
2026-09-10T01:10:20+00:00,server06,22.97,48.26,35.61,171.1,normal,0
2026-09-10T01:10:30+00:00,server06,46.41,65.45,52.87,209.04,normal,0
2026-09-10T01:10:40+00:00,server06,47.6,68.55,48.03,227.09,normal,0
2026-09-10T01:10:50+00:00,server06,100.0,95.74,67.95,352.93,overload,1
2026-09-10T01:11:00+00:00,server06,24.74,49.11,39.46,150.47,normal,0
2026-09-10T01:11:10+00:00,server06,48.63,58.08,47.69,209.61,normal,0
2026-09-10T01:11:20+00:00,server06,80.49,53.2,79.23,289.94,cooling_fault,1
2026-09-10T01:11:30+00:00,server06,93.41,88.79,62.0,342.4,normal,0
2026-09-10T01:11:40+00:00,server06,91.4,37.72,62.52,301.93,normal,0
2026-09-10T01:11:50+00:00,server06,64.37,67.43,53.88,254.5,normal,0
2026-09-10T01:12:00+00:00,server06,15.48,65.02,35.91,140.82,normal,0
2026-09-10T01:12:10+00:00,server06,14.77,27.19,31.88,115.44,normal,0
2026-09-10T01:12:20+00:00,server06,61.26,54.65,52.18,245.31,normal,0
2026-09-10T01:12:30+00:00,server06,36.63,63.02,47.56,193.59,normal,0
2026-09-10T01:12:40+00:00,server06,38.67,59.1,45.93,196.3,normal,0
2026-09-10T01:12:50+00:00,server06,64.64,53.03,50.06,233.88,normal,0
2026-09-10T01:13:00+00:00,server06,96.6,98.26,66.2,339.07,overload,1
2026-09-10T01:13:10+00:00,server06,95.46,92.07,57.07,324.37,overload,1
2026-09-10T01:13:20+00:00,server06,62.56,66.31,76.66,238.88,cooling_fault,1
2026-09-10T01:13:30+00:00,server06,24.03,67.45,40.48,167.57,normal,0
2026-09-10T01:13:40+00:00,server06,65.28,97.08,46.79,259.57,normal,0
2026-09-10T01:13:50+00:00,server06,47.55,52.28,45.16,227.43,normal,0
2026-09-10T01:14:00+00:00,server06,71.54,80.36,57.59,284.57,normal,0
2026-09-10T01:14:10+00:00,server06,29.62,56.27,35.83,169.92,normal,0
2026-09-10T01:14:20+00:00,server06,28.55,53.61,42.24,157.38,normal,0
2026-09-10T01:14:30+00:00,server06,71.61,43.0,56.66,273.49,normal,0
2026-09-10T01:14:40+00:00,server06,56.39,57.67,51.39,225.99,normal,0
2026-09-10T01:14:50+00:00,server06,97.56,97.47,70.6,348.72,overload,1
2026-09-10T01:15:00+00:00,server06,41.5,70.82,38.51,192.61,normal,0
2026-09-10T01:15:10+00:00,server06,27.44,19.31,64.13,157.89,cooling_fault,1
2026-09-10T01:15:20+00:00,server06,77.99,68.0,54.76,278.36,normal,0
2026-09-10T01:15:30+00:00,server06,62.31,50.11,52.47,234.82,normal,0
2026-09-10T01:15:40+00:00,server06,84.99,58.9,58.54,307.59,normal,0
2026-09-10T01:15:50+00:00,server06,45.77,66.42,48.34,213.12,normal,0
2026-09-10T01:16:00+00:00,server06,93.82,93.74,60.51,339.09,overload,1
2026-09-10T01:16:10+00:00,server06,89.34,79.95,66.7,315.78,normal,0
2026-09-10T01:16:20+00:00,server06,100.0,96.41,66.82,349.76,overload,1
2026-09-10T01:16:30+00:00,server06,94.76,97.03,61.82,340.0,overload,1
2026-09-10T01:16:40+00:00,server06,81.03,79.32,60.14,300.92,normal,0
2026-09-10T01:16:50+00:00,server06,40.78,47.6,39.69,193.16,normal,0
2026-09-10T01:17:00+00:00,server06,96.42,98.54,59.26,334.58,overload,1
2026-09-10T01:17:10+00:00,server06,43.07,35.27,48.67,206.31,normal,0
2026-09-10T01:17:20+00:00,server06,62.5,57.4,52.9,245.04,normal,0
2026-09-10T01:17:30+00:00,server06,54.07,86.57,51.28,237.96,normal,0
2026-09-10T01:17:40+00:00,server06,82.19,68.49,58.54,292.51,normal,0
2026-09-10T01:17:50+00:00,server06,72.89,57.61,78.96,269.54,cooling_fault,1
2026-09-10T01:18:00+00:00,server06,12.44,83.43,32.64,127.12,normal,0
2026-09-10T01:18:10+00:00,server06,45.27,72.27,68.47,201.83,cooling_fault,1
2026-09-10T01:18:20+00:00,server06,91.65,98.03,60.36,332.54,overload,1
2026-09-10T01:18:30+00:00,server06,47.09,50.57,50.67,210.5,normal,0
2026-09-10T01:18:40+00:00,server06,18.37,70.71,31.31,131.54,normal,0
2026-09-10T01:18:50+00:00,server06,31.44,66.89,37.71,175.96,normal,0
2026-09-10T01:19:00+00:00,server06,19.36,58.48,32.69,147.18,normal,0
2026-09-10T01:19:10+00:00,server06,91.35,35.53,65.54,299.36,normal,0
2026-09-10T01:19:20+00:00,server06,86.13,48.73,64.54,308.75,normal,0
2026-09-10T01:19:30+00:00,server06,59.77,65.68,47.71,241.37,normal,0
2026-09-10T01:19:40+00:00,server06,29.74,51.2,36.14,178.49,normal,0
2026-09-10T01:19:50+00:00,server06,24.03,77.33,70.3,153.74,cooling_fault,1
2026-09-10T01:20:00+00:00,server06,17.27,51.06,35.53,127.78,normal,0
2026-09-10T01:20:10+00:00,server06,44.19,52.67,41.3,211.53,normal,0
2026-09-10T01:20:20+00:00,server06,57.19,23.45,50.19,218.57,normal,0
2026-09-10T01:20:30+00:00,server06,60.01,60.55,51.06,242.3,normal,0
2026-09-10T01:20:40+00:00,server06,50.98,71.82,46.33,233.01,normal,0
2026-09-10T01:20:50+00:00,server06,71.42,59.99,53.69,268.21,normal,0
2026-09-10T01:21:00+00:00,server06,49.78,73.66,45.92,220.88,normal,0
2026-09-10T01:21:10+00:00,server06,43.14,35.3,45.55,198.87,normal,0
2026-09-10T01:21:20+00:00,server06,92.1,97.69,64.36,332.73,overload,1
2026-09-10T01:21:30+00:00,server06,16.04,36.96,35.2,119.12,normal,0
2026-09-10T01:21:40+00:00,server06,92.91,97.27,63.82,327.6,overload,1
2026-09-10T01:21:50+00:00,server06,40.11,54.47,42.19,198.53,normal,0
2026-09-10T01:22:00+00:00,server06,95.0,51.9,67.15,324.23,normal,0
2026-09-10T01:22:10+00:00,server06,87.95,78.48,59.81,299.29,normal,0
2026-09-10T01:22:20+00:00,server06,13.81,44.09,34.09,119.59,normal,0
2026-09-10T01:22:30+00:00,server06,74.3,37.51,55.98,263.71,normal,0
2026-09-10T01:22:40+00:00,server06,33.85,53.17,42.09,185.3,normal,0
2026-09-10T01:22:50+00:00,server06,13.92,77.16,33.4,149.73,normal,0
2026-09-10T01:23:00+00:00,server06,65.64,48.34,53.68,250.08,normal,0
2026-09-10T01:23:10+00:00,server06,88.45,39.65,59.94,301.57,normal,0
2026-09-10T01:23:20+00:00,server06,57.8,51.57,54.13,232.23,normal,0
2026-09-10T01:23:30+00:00,server06,48.08,55.59,46.96,218.0,normal,0
2026-09-10T01:23:40+00:00,server06,61.96,61.84,48.73,238.68,normal,0
2026-09-10T01:23:50+00:00,server06,70.6,63.92,57.4,275.97,normal,0
2026-09-10T01:24:00+00:00,server06,18.48,59.84,34.64,141.03,normal,0
2026-09-10T01:24:10+00:00,server06,45.71,59.53,50.34,215.29,normal,0
2026-09-10T01:24:20+00:00,server06,74.93,46.93,54.69,261.61,normal,0
2026-09-10T01:24:30+00:00,server06,36.19,53.94,40.03,183.57,normal,0
2026-09-10T01:24:40+00:00,server06,17.15,54.56,42.15,159.12,normal,0
2026-09-10T01:24:50+00:00,server06,64.9,65.4,49.98,262.18,normal,0
2026-09-10T01:25:00+00:00,server06,35.68,46.37,40.12,163.65,normal,0
2026-09-10T01:25:10+00:00,server06,80.04,65.1,59.06,273.2,normal,0
2026-09-10T01:25:20+00:00,server06,86.6,38.78,55.23,291.65,normal,0
2026-09-10T01:25:30+00:00,server06,44.31,47.01,48.23,216.96,normal,0
2026-09-10T01:25:40+00:00,server06,74.79,82.0,51.43,267.47,normal,0
2026-09-10T01:25:50+00:00,server06,29.23,57.53,36.84,161.59,normal,0
2026-09-10T01:26:00+00:00,server06,15.61,78.27,35.03,155.1,normal,0
2026-09-10T01:26:10+00:00,server06,25.14,58.41,41.44,159.91,normal,0
2026-09-10T01:26:20+00:00,server06,66.03,38.63,55.31,249.24,normal,0
2026-09-10T01:26:30+00:00,server06,23.45,68.82,61.27,154.12,cooling_fault,1
2026-09-10T01:26:40+00:00,server06,93.04,51.37,64.94,314.13,normal,0
2026-09-10T01:26:50+00:00,server06,54.42,51.98,48.18,234.06,normal,0
2026-09-10T01:27:00+00:00,server06,95.61,93.36,61.78,337.76,overload,1
2026-09-10T01:27:10+00:00,server06,67.13,54.84,55.16,258.94,normal,0
2026-09-10T01:27:20+00:00,server06,83.32,48.02,82.96,300.33,cooling_fault,1
2026-09-10T01:27:30+00:00,server06,23.19,90.07,35.18,174.93,normal,0
2026-09-10T01:27:40+00:00,server06,82.61,65.29,86.32,296.65,cooling_fault,1
2026-09-10T01:27:50+00:00,server06,79.17,55.09,57.16,288.07,normal,0
2026-09-10T01:28:00+00:00,server06,63.36,73.94,55.01,254.43,normal,0
2026-09-10T01:28:10+00:00,server06,94.27,94.74,58.64,331.44,overload,1
2026-09-10T01:28:20+00:00,server06,23.29,32.08,40.77,148.65,normal,0
2026-09-10T01:28:30+00:00,server06,22.5,39.89,37.32,150.41,normal,0
2026-09-10T01:28:40+00:00,server06,65.23,46.95,54.1,250.6,normal,0
2026-09-10T01:28:50+00:00,server06,42.55,49.2,72.36,203.86,cooling_fault,1
2026-09-10T01:29:00+00:00,server06,19.78,40.53,35.01,133.26,normal,0
2026-09-10T01:29:10+00:00,server06,48.79,65.48,45.81,221.48,normal,0
2026-09-10T01:29:20+00:00,server06,84.8,72.22,82.03,305.61,cooling_fault,1
2026-09-10T01:29:30+00:00,server06,92.13,34.59,83.3,312.15,cooling_fault,1
2026-09-10T01:29:40+00:00,server06,43.86,50.51,50.67,191.31,normal,0
2026-09-10T01:29:50+00:00,server06,27.8,53.92,66.79,167.84,cooling_fault,1
2026-09-10T01:30:00+00:00,server06,53.51,49.06,80.26,200.86,cooling_fault,1
2026-09-10T01:30:10+00:00,server06,76.89,83.11,51.93,286.11,normal,0
2026-09-10T01:30:20+00:00,server06,48.07,51.93,49.32,220.6,normal,0
2026-09-10T01:30:30+00:00,server06,54.44,52.03,76.28,235.5,cooling_fault,1
2026-09-10T01:30:40+00:00,server06,16.17,36.8,37.63,138.12,normal,0
2026-09-10T01:30:50+00:00,server06,26.17,51.91,40.06,161.92,normal,0
2026-09-10T01:31:00+00:00,server06,19.55,35.57,36.12,124.09,normal,0
2026-09-10T01:31:10+00:00,server06,79.32,100.0,60.84,303.01,normal,0
2026-09-10T01:31:20+00:00,server06,44.18,56.96,46.29,187.39,normal,0
2026-09-10T01:31:30+00:00,server06,74.53,81.31,55.69,277.14,normal,0
2026-09-10T01:31:40+00:00,server06,31.7,53.04,37.26,170.74,normal,0
2026-09-10T01:31:50+00:00,server06,66.02,65.98,51.08,256.48,normal,0
2026-09-10T01:32:00+00:00,server06,57.4,94.14,50.84,236.06,normal,0
2026-09-10T01:32:10+00:00,server06,91.98,42.62,63.8,304.68,normal,0
2026-09-10T01:32:20+00:00,server06,89.47,47.2,63.33,295.44,normal,0
2026-09-10T01:32:30+00:00,server06,88.18,59.5,57.76,326.03,normal,0
2026-09-10T01:32:40+00:00,server06,45.51,68.17,46.86,210.11,normal,0
2026-09-10T01:32:50+00:00,server06,69.84,51.89,54.92,258.76,normal,0
2026-09-10T01:33:00+00:00,server06,66.17,58.74,48.33,260.07,normal,0
2026-09-10T01:33:10+00:00,server06,34.45,45.0,43.33,189.04,normal,0
2026-09-10T01:33:20+00:00,server06,27.47,42.52,38.37,163.55,normal,0
2026-09-10T01:33:30+00:00,server06,68.99,62.4,54.03,266.86,normal,0
2026-09-10T01:33:40+00:00,server06,94.38,37.33,62.76,328.14,normal,0
2026-09-10T01:33:50+00:00,server06,66.07,49.51,51.81,249.9,normal,0
2026-09-10T01:34:00+00:00,server06,99.17,100.0,62.22,353.22,overload,1
2026-09-10T01:34:10+00:00,server06,46.18,39.61,46.99,219.67,normal,0
2026-09-10T01:34:20+00:00,server06,93.64,94.53,59.35,333.24,overload,1
2026-09-10T01:34:30+00:00,server06,57.85,6.17,51.08,216.69,normal,0
2026-09-10T01:34:40+00:00,server06,45.24,61.0,44.61,214.33,normal,0
2026-09-10T01:34:50+00:00,server06,80.79,47.19,58.66,286.89,normal,0
2026-09-10T01:35:00+00:00,server06,91.09,65.72,85.03,303.0,cooling_fault,1
2026-09-10T01:35:10+00:00,server06,61.11,54.09,44.9,239.12,normal,0
2026-09-10T01:35:20+00:00,server06,86.95,51.46,60.59,316.29,normal,0
2026-09-10T01:35:30+00:00,server06,28.71,29.09,38.52,146.43,normal,0
2026-09-10T01:35:40+00:00,server06,31.69,69.09,45.49,169.86,normal,0
2026-09-10T01:35:50+00:00,server06,73.47,57.84,57.28,281.94,normal,0
2026-09-10T01:36:00+00:00,server06,29.57,75.95,40.14,177.91,normal,0
2026-09-10T01:36:10+00:00,server06,71.51,44.49,49.98,270.2,normal,0
2026-09-10T01:36:20+00:00,server06,92.64,98.79,65.32,329.24,overload,1
2026-09-10T01:36:30+00:00,server06,26.73,64.94,40.91,167.41,normal,0
2026-09-10T01:36:40+00:00,server06,65.23,38.41,50.74,250.64,normal,0
2026-09-10T01:36:50+00:00,server06,56.43,33.9,44.77,222.57,normal,0
2026-09-10T01:37:00+00:00,server06,89.21,35.35,64.77,298.14,normal,0
2026-09-10T01:37:10+00:00,server06,13.52,39.17,41.02,126.32,normal,0
2026-09-10T01:37:20+00:00,server06,10.25,62.0,35.17,116.29,normal,0
2026-09-10T01:37:30+00:00,server06,74.62,63.74,57.92,279.52,normal,0
2026-09-10T01:37:40+00:00,server06,34.35,37.13,43.8,168.64,normal,0
2026-09-10T01:37:50+00:00,server06,75.38,55.06,56.37,270.19,normal,0
2026-09-10T01:38:00+00:00,server06,95.06,94.74,66.75,340.61,overload,1
2026-09-10T01:38:10+00:00,server06,85.72,78.99,83.77,309.75,cooling_fault,1
2026-09-10T01:38:20+00:00,server06,10.81,49.41,31.55,120.69,normal,0
2026-09-10T01:38:30+00:00,server06,73.34,33.02,60.96,263.61,normal,0
2026-09-10T01:38:40+00:00,server06,39.26,30.84,39.8,180.82,normal,0
2026-09-10T01:38:50+00:00,server06,73.97,51.25,59.24,272.92,normal,0
2026-09-10T01:39:00+00:00,server06,61.55,54.88,49.45,248.02,normal,0
2026-09-10T01:39:10+00:00,server06,22.14,57.35,42.19,161.2,normal,0
2026-09-10T01:39:20+00:00,server06,94.07,96.29,60.98,341.73,overload,1
2026-09-10T01:39:30+00:00,server06,62.43,77.1,48.61,248.81,normal,0
2026-09-10T01:39:40+00:00,server06,37.84,56.71,39.67,200.95,normal,0
2026-09-10T01:39:50+00:00,server06,71.72,50.08,59.56,280.86,normal,0
2026-09-10T01:40:00+00:00,server06,68.64,50.48,55.32,255.77,normal,0
2026-09-10T01:40:10+00:00,server06,49.94,33.91,46.14,198.94,normal,0
2026-09-10T01:40:20+00:00,server06,66.11,44.09,80.22,253.09,cooling_fault,1
2026-09-10T01:40:30+00:00,server06,44.95,51.78,44.68,201.43,normal,0
2026-09-10T01:40:40+00:00,server06,93.37,59.32,84.2,319.17,cooling_fault,1
2026-09-10T01:40:50+00:00,server06,57.59,59.17,51.53,226.47,normal,0
2026-09-10T01:41:00+00:00,server06,60.71,47.59,51.25,223.44,normal,0
2026-09-10T01:41:10+00:00,server06,56.85,69.33,48.1,258.59,normal,0
2026-09-10T01:41:20+00:00,server06,72.92,74.31,75.51,279.93,cooling_fault,1
2026-09-10T01:41:30+00:00,server06,93.21,69.43,61.85,338.35,normal,0
2026-09-10T01:41:40+00:00,server06,92.67,47.81,71.11,323.42,normal,0
2026-09-10T01:41:50+00:00,server06,97.76,93.55,72.4,346.35,overload,1
2026-09-10T01:42:00+00:00,server06,56.95,35.9,47.29,225.48,normal,0
2026-09-10T01:42:10+00:00,server06,30.38,53.99,40.0,156.5,normal,0
2026-09-10T01:42:20+00:00,server06,87.15,32.75,64.74,302.74,normal,0
2026-09-10T01:42:30+00:00,server06,63.17,38.62,50.16,246.09,normal,0
2026-09-10T01:42:40+00:00,server06,43.98,41.52,46.75,202.21,normal,0
2026-09-10T01:42:50+00:00,server06,22.17,32.17,55.31,138.1,cooling_fault,1
2026-09-10T01:43:00+00:00,server06,77.47,75.88,58.94,290.35,normal,0
2026-09-10T01:43:10+00:00,server06,24.57,62.06,42.13,163.17,normal,0
2026-09-10T01:43:20+00:00,server06,66.13,80.38,52.52,279.76,normal,0
2026-09-10T01:43:30+00:00,server06,77.52,37.31,54.71,269.58,normal,0
2026-09-10T01:43:40+00:00,server06,15.82,74.39,35.87,140.86,normal,0
2026-09-10T01:43:50+00:00,server06,73.58,37.52,53.45,250.1,normal,0
2026-09-10T01:44:00+00:00,server06,94.1,34.87,67.17,319.4,normal,0
2026-09-10T01:44:10+00:00,server06,54.28,69.31,49.3,218.71,normal,0
2026-09-10T01:44:20+00:00,server06,97.27,98.51,60.3,337.16,overload,1
2026-09-10T01:44:30+00:00,server06,47.08,19.71,47.07,206.06,normal,0
2026-09-10T01:44:40+00:00,server06,34.6,61.05,42.14,182.44,normal,0
2026-09-10T01:44:50+00:00,server06,73.42,66.6,52.15,269.83,normal,0
2026-09-10T01:45:00+00:00,server06,40.51,51.38,78.62,200.85,cooling_fault,1
2026-09-10T01:45:10+00:00,server06,90.47,52.45,91.91,304.84,cooling_fault,1
2026-09-10T01:45:20+00:00,server06,66.69,29.78,50.61,248.32,normal,0
2026-09-10T01:45:30+00:00,server06,69.78,60.31,56.09,260.27,normal,0
2026-09-10T01:45:40+00:00,server06,85.95,39.93,64.94,294.06,normal,0
2026-09-10T01:45:50+00:00,server06,17.83,64.36,34.79,138.73,normal,0
2026-09-10T01:46:00+00:00,server06,94.49,98.22,59.3,335.95,overload,1
2026-09-10T01:46:10+00:00,server06,85.49,69.52,55.41,310.57,normal,0
2026-09-10T01:46:20+00:00,server06,50.87,34.78,46.81,207.89,normal,0
2026-09-10T01:46:30+00:00,server06,45.68,61.6,42.66,214.02,normal,0
2026-09-10T01:46:40+00:00,server06,59.53,35.32,49.44,234.35,normal,0
2026-09-10T01:46:50+00:00,server06,72.87,47.77,55.38,264.42,normal,0
2026-09-10T01:47:00+00:00,server06,50.39,56.72,46.98,209.37,normal,0
2026-09-10T01:47:10+00:00,server06,21.69,52.2,30.58,146.71,normal,0
2026-09-10T01:47:20+00:00,server06,51.58,69.84,46.45,239.92,normal,0
2026-09-10T01:47:30+00:00,server06,36.08,75.54,47.46,184.79,normal,0
2026-09-10T01:47:40+00:00,server06,83.72,60.71,56.38,302.42,normal,0
2026-09-10T01:47:50+00:00,server06,13.82,46.58,30.94,122.65,normal,0
2026-09-10T01:48:00+00:00,server06,31.47,56.56,61.73,181.3,cooling_fault,1
2026-09-10T01:48:10+00:00,server06,67.93,58.62,53.98,256.7,normal,0
2026-09-10T01:48:20+00:00,server06,20.96,67.88,42.15,144.86,normal,0
2026-09-10T01:48:30+00:00,server06,97.76,96.37,62.91,340.22,overload,1
2026-09-10T01:48:40+00:00,server06,46.21,42.4,45.86,197.55,normal,0
2026-09-10T01:48:50+00:00,server06,10.38,57.54,32.81,122.72,normal,0
2026-09-10T01:49:00+00:00,server06,89.06,48.36,62.3,297.8,normal,0
2026-09-10T01:49:10+00:00,server06,24.71,41.32,35.23,141.96,normal,0
2026-09-10T01:49:20+00:00,server06,29.74,45.35,33.78,167.91,normal,0
2026-09-10T01:49:30+00:00,server06,82.91,48.68,58.2,303.17,normal,0
2026-09-10T01:49:40+00:00,server06,60.76,38.51,45.91,258.2,normal,0
2026-09-10T01:49:50+00:00,server06,28.28,47.02,36.66,162.14,normal,0
2026-09-10T01:50:00+00:00,server06,97.44,97.41,66.55,338.36,overload,1
2026-09-10T01:50:10+00:00,server06,18.7,20.76,35.72,131.03,normal,0
2026-09-10T01:50:20+00:00,server06,92.21,94.95,60.38,328.08,overload,1
2026-09-10T01:50:30+00:00,server06,64.62,46.52,51.15,233.99,normal,0
2026-09-10T01:50:40+00:00,server06,31.77,52.33,46.86,173.25,normal,0
2026-09-10T01:50:50+00:00,server06,34.85,86.69,42.95,171.85,normal,0
2026-09-10T01:51:00+00:00,server06,47.6,26.16,51.75,213.94,normal,0
2026-09-10T01:51:10+00:00,server06,58.28,57.4,47.74,236.01,normal,0
2026-09-10T01:51:20+00:00,server06,16.9,33.93,38.39,140.36,normal,0
2026-09-10T01:51:30+00:00,server06,31.95,64.44,41.19,189.85,normal,0
2026-09-10T01:51:40+00:00,server06,56.79,53.29,46.51,250.25,normal,0
2026-09-10T01:51:50+00:00,server06,13.49,61.67,33.31,128.41,normal,0
2026-09-10T01:52:00+00:00,server06,38.71,82.66,43.43,198.12,normal,0
2026-09-10T01:52:10+00:00,server06,96.57,90.49,61.48,329.32,overload,1
2026-09-10T01:52:20+00:00,server06,61.6,37.31,45.42,231.92,normal,0
2026-09-10T01:52:30+00:00,server06,18.89,51.67,35.38,143.23,normal,0
2026-09-10T01:52:40+00:00,server06,39.71,46.13,45.14,195.75,normal,0
2026-09-10T01:52:50+00:00,server06,32.99,47.49,42.37,174.22,normal,0
2026-09-10T01:53:00+00:00,server06,47.28,82.96,48.31,205.65,normal,0
2026-09-10T01:53:10+00:00,server06,29.62,66.43,40.3,171.05,normal,0
2026-09-10T01:53:20+00:00,server06,79.05,66.81,60.84,296.54,normal,0
2026-09-10T01:53:30+00:00,server06,24.36,58.8,36.32,142.82,normal,0
2026-09-10T01:53:40+00:00,server06,40.22,37.13,69.27,186.42,cooling_fault,1
2026-09-10T01:53:50+00:00,server06,87.13,66.84,60.6,304.17,normal,0
2026-09-10T01:54:00+00:00,server06,25.29,55.77,35.02,161.25,normal,0
2026-09-10T01:54:10+00:00,server06,58.42,62.7,49.23,236.22,normal,0
2026-09-10T01:54:20+00:00,server06,47.38,62.48,75.38,221.79,cooling_fault,1
2026-09-10T01:54:30+00:00,server06,88.88,41.98,63.56,313.42,normal,0
2026-09-10T01:54:40+00:00,server06,97.45,100.0,64.42,351.28,overload,1
2026-09-10T01:54:50+00:00,server06,20.01,58.69,40.76,139.33,normal,0
2026-09-10T01:55:00+00:00,server06,13.65,26.72,29.97,124.21,normal,0
2026-09-10T01:55:10+00:00,server06,90.55,78.36,58.36,322.89,normal,0
2026-09-10T01:55:20+00:00,server06,10.86,68.48,61.83,132.26,cooling_fault,1
2026-09-10T01:55:30+00:00,server06,40.34,72.02,40.94,197.57,normal,0
2026-09-10T01:55:40+00:00,server06,44.42,47.73,45.07,213.88,normal,0
2026-09-10T01:55:50+00:00,server06,41.89,38.29,72.36,186.2,cooling_fault,1
2026-09-10T01:56:00+00:00,server06,83.12,74.37,59.31,302.91,normal,0
2026-09-10T01:56:10+00:00,server06,48.38,45.77,47.44,195.74,normal,0
2026-09-10T01:56:20+00:00,server06,37.17,37.89,41.98,184.75,normal,0
2026-09-10T01:56:30+00:00,server06,18.6,54.66,36.97,140.84,normal,0
2026-09-10T01:56:40+00:00,server06,13.54,68.83,37.49,137.29,normal,0
2026-09-10T01:56:50+00:00,server06,10.2,45.83,32.23,117.39,normal,0
2026-09-10T01:57:00+00:00,server06,55.95,37.9,50.62,228.49,normal,0
2026-09-10T01:57:10+00:00,server06,70.69,82.38,56.63,278.0,normal,0
2026-09-10T01:57:20+00:00,server06,33.81,54.78,39.44,173.64,normal,0
2026-09-10T01:57:30+00:00,server06,39.2,35.15,43.12,177.84,normal,0
2026-09-10T01:57:40+00:00,server06,46.54,50.49,41.47,213.24,normal,0
2026-09-10T01:57:50+00:00,server06,69.27,71.96,56.12,269.96,normal,0
2026-09-10T01:58:00+00:00,server06,93.26,97.07,64.53,329.23,overload,1
2026-09-10T01:58:10+00:00,server06,70.72,45.55,57.08,266.84,normal,0
2026-09-10T01:58:20+00:00,server06,14.72,57.62,29.65,126.55,normal,0
2026-09-10T01:58:30+00:00,server06,41.98,71.33,46.12,198.06,normal,0
2026-09-10T01:58:40+00:00,server06,47.56,84.99,46.85,221.25,normal,0
2026-09-10T01:58:50+00:00,server06,92.46,94.87,60.87,331.42,overload,1
2026-09-10T01:59:00+00:00,server06,67.15,26.96,50.19,248.46,normal,0
2026-09-10T01:59:10+00:00,server06,66.22,56.64,50.94,257.45,normal,0
2026-09-10T01:59:20+00:00,server06,32.17,65.81,34.74,172.27,normal,0
2026-09-10T01:59:30+00:00,server06,29.85,40.0,40.07,163.51,normal,0
2026-09-10T01:59:40+00:00,server06,61.77,59.3,48.91,234.51,normal,0
2026-09-10T01:59:50+00:00,server06,80.28,87.29,59.38,303.33,normal,0
2026-09-10T02:00:00+00:00,server06,20.34,61.02,40.49,127.97,normal,0
2026-09-10T02:00:10+00:00,server06,78.92,77.51,53.92,278.12,normal,0
2026-09-10T02:00:20+00:00,server06,85.79,57.21,59.85,288.24,normal,0
2026-09-10T02:00:30+00:00,server06,53.56,46.78,42.99,227.26,normal,0
2026-09-10T02:00:40+00:00,server06,93.62,94.44,61.27,329.11,overload,1
2026-09-10T02:00:50+00:00,server06,36.44,71.12,45.92,187.43,normal,0
2026-09-10T02:01:00+00:00,server06,17.29,45.13,36.43,119.14,normal,0
2026-09-10T02:01:10+00:00,server06,40.39,96.72,43.77,208.64,normal,0
2026-09-10T02:01:20+00:00,server06,61.6,40.26,59.53,237.39,normal,0
2026-09-10T02:01:30+00:00,server06,44.66,42.86,46.89,186.81,normal,0
2026-09-10T02:01:40+00:00,server06,35.09,77.24,44.32,198.75,normal,0
2026-09-10T02:01:50+00:00,server06,97.18,88.31,63.67,342.83,overload,1
2026-09-10T02:02:00+00:00,server06,80.95,49.15,82.33,285.58,cooling_fault,1
2026-09-10T02:02:10+00:00,server06,21.5,56.49,36.06,157.07,normal,0
2026-09-10T02:02:20+00:00,server06,45.28,97.76,43.55,226.06,normal,0
2026-09-10T02:02:30+00:00,server06,34.72,65.43,63.11,181.91,cooling_fault,1
2026-09-10T02:02:40+00:00,server06,80.89,61.03,59.32,292.11,normal,0
2026-09-10T02:02:50+00:00,server06,77.75,55.17,60.52,285.01,normal,0
2026-09-10T02:03:00+00:00,server06,97.12,92.04,68.67,337.69,overload,1
2026-09-10T02:03:10+00:00,server06,91.75,58.71,61.4,321.12,normal,0
2026-09-10T02:03:20+00:00,server06,74.27,68.83,52.18,281.0,normal,0
2026-09-10T02:03:30+00:00,server06,36.2,21.38,67.16,163.59,cooling_fault,1
2026-09-10T02:03:40+00:00,server06,86.85,72.62,56.75,313.36,normal,0
2026-09-10T02:03:50+00:00,server06,30.48,72.67,44.01,191.19,normal,0
2026-09-10T02:04:00+00:00,server06,84.8,51.8,60.67,276.91,normal,0
2026-09-10T02:04:10+00:00,server06,96.68,94.53,59.25,339.19,overload,1
2026-09-10T02:04:20+00:00,server06,52.35,51.14,42.13,219.33,normal,0
2026-09-10T02:04:30+00:00,server06,55.39,41.29,47.35,223.04,normal,0
2026-09-10T02:04:40+00:00,server06,39.59,53.99,39.86,198.82,normal,0
2026-09-10T02:04:50+00:00,server06,82.87,44.25,82.31,291.91,cooling_fault,1
2026-09-10T02:05:00+00:00,server06,44.98,61.6,50.41,206.92,normal,0
2026-09-10T02:05:10+00:00,server06,71.84,79.54,82.18,277.92,cooling_fault,1
2026-09-10T02:05:20+00:00,server06,10.44,61.5,32.53,131.94,normal,0
2026-09-10T02:05:30+00:00,server06,80.84,29.64,57.58,293.04,normal,0
2026-09-10T02:05:40+00:00,server06,30.25,59.27,38.63,182.77,normal,0
2026-09-10T02:05:50+00:00,server06,19.5,52.39,34.56,133.24,normal,0
2026-09-10T02:06:00+00:00,server06,78.6,53.77,55.96,267.13,normal,0
2026-09-10T02:06:10+00:00,server06,61.37,34.87,55.33,233.09,normal,0
2026-09-10T02:06:20+00:00,server06,34.11,37.36,43.26,168.29,normal,0
2026-09-10T02:06:30+00:00,server06,73.1,74.54,55.6,286.66,normal,0
2026-09-10T02:06:40+00:00,server06,59.8,46.54,46.81,243.58,normal,0
2026-09-10T02:06:50+00:00,server06,36.19,66.14,43.59,191.81,normal,0
2026-09-10T02:07:00+00:00,server06,68.23,54.93,57.13,267.97,normal,0
2026-09-10T02:07:10+00:00,server06,42.4,65.64,48.17,206.31,normal,0
2026-09-10T02:07:20+00:00,server06,79.07,47.11,62.22,270.45,normal,0
2026-09-10T02:07:30+00:00,server06,81.6,45.39,59.48,280.46,normal,0
2026-09-10T02:07:40+00:00,server06,81.43,40.73,55.36,289.24,normal,0
2026-09-10T02:07:50+00:00,server06,14.07,77.09,32.44,142.16,normal,0
2026-09-10T02:08:00+00:00,server06,96.68,98.33,58.76,357.47,overload,1
2026-09-10T02:08:10+00:00,server06,17.08,44.61,36.28,128.83,normal,0
2026-09-10T02:08:20+00:00,server06,75.97,44.17,58.54,267.03,normal,0
2026-09-10T02:08:30+00:00,server06,66.01,57.95,54.97,241.23,normal,0
2026-09-10T02:08:40+00:00,server06,16.79,50.2,35.69,131.62,normal,0
2026-09-10T02:08:50+00:00,server06,75.37,36.22,64.12,260.76,normal,0
2026-09-10T02:09:00+00:00,server06,93.47,92.9,59.54,327.89,overload,1
2026-09-10T02:09:10+00:00,server06,40.53,73.91,47.45,203.52,normal,0
2026-09-10T02:09:20+00:00,server06,22.64,76.35,32.69,163.05,normal,0
2026-09-10T02:09:30+00:00,server06,70.87,45.8,56.92,251.44,normal,0
2026-09-10T02:09:40+00:00,server06,86.03,76.53,61.72,313.67,normal,0
2026-09-10T02:09:50+00:00,server06,34.44,64.16,40.32,179.4,normal,0
2026-09-10T02:10:00+00:00,server06,61.27,54.01,50.68,237.59,normal,0
2026-09-10T02:10:10+00:00,server06,10.92,38.5,35.07,113.81,normal,0
2026-09-10T02:10:20+00:00,server06,41.53,70.76,47.4,192.5,normal,0
2026-09-10T02:10:30+00:00,server06,100.0,92.16,62.51,353.53,overload,1
2026-09-10T02:10:40+00:00,server06,91.91,39.78,64.41,306.98,normal,0
2026-09-10T02:10:50+00:00,server06,25.2,72.23,36.24,150.88,normal,0
2026-09-10T02:11:00+00:00,server06,56.65,66.49,53.57,225.82,normal,0
2026-09-10T02:11:10+00:00,server06,20.27,50.47,35.4,143.62,normal,0
2026-09-10T02:11:20+00:00,server06,67.02,45.78,51.7,252.2,normal,0
2026-09-10T02:11:30+00:00,server06,25.77,82.12,37.8,163.69,normal,0
2026-09-10T02:11:40+00:00,server06,95.76,96.3,62.12,347.83,overload,1
2026-09-10T02:11:50+00:00,server06,85.58,45.01,63.21,297.59,normal,0
2026-09-10T02:12:00+00:00,server06,69.83,44.11,82.92,240.71,cooling_fault,1
2026-09-10T02:12:10+00:00,server06,17.52,55.08,37.93,131.36,normal,0
2026-09-10T02:12:20+00:00,server06,31.28,58.65,47.07,183.1,normal,0
2026-09-10T02:12:30+00:00,server06,39.91,41.36,67.08,175.94,cooling_fault,1
2026-09-10T02:12:40+00:00,server06,45.25,54.56,42.16,204.66,normal,0
2026-09-10T02:12:50+00:00,server06,25.81,77.88,35.06,174.25,normal,0
2026-09-10T02:13:00+00:00,server06,85.33,37.04,57.9,310.39,normal,0
2026-09-10T02:13:10+00:00,server06,92.69,96.46,61.37,332.59,overload,1
2026-09-10T02:13:20+00:00,server06,94.48,43.18,91.26,317.89,cooling_fault,1
2026-09-10T02:13:30+00:00,server06,64.43,56.19,54.27,247.63,normal,0
2026-09-10T02:13:40+00:00,server06,64.03,61.33,49.38,259.17,normal,0
2026-09-10T02:13:50+00:00,server06,79.23,38.37,57.43,277.26,normal,0
2026-09-10T02:14:00+00:00,server06,95.14,95.91,60.75,336.92,overload,1
2026-09-10T02:14:10+00:00,server06,32.77,46.71,63.01,172.51,cooling_fault,1
2026-09-10T02:14:20+00:00,server06,48.76,54.25,65.21,210.02,cooling_fault,1
2026-09-10T02:14:30+00:00,server06,62.45,48.33,52.73,245.42,normal,0
2026-09-10T02:14:40+00:00,server06,81.75,59.35,56.81,299.73,normal,0
2026-09-10T02:14:50+00:00,server06,64.64,56.48,56.67,252.77,normal,0
2026-09-10T02:15:00+00:00,server06,90.84,73.8,60.65,308.94,normal,0
2026-09-10T02:15:10+00:00,server06,76.31,58.35,80.68,275.95,cooling_fault,1
2026-09-10T02:15:20+00:00,server06,66.83,62.2,50.07,244.94,normal,0
2026-09-10T02:15:30+00:00,server06,20.55,33.96,41.9,121.37,normal,0
2026-09-10T02:15:40+00:00,server06,13.95,69.81,35.71,144.97,normal,0
2026-09-10T02:15:50+00:00,server06,76.83,61.71,86.99,276.01,cooling_fault,1
2026-09-10T02:16:00+00:00,server06,87.95,61.91,55.09,321.14,normal,0
2026-09-10T02:16:10+00:00,server06,65.71,19.55,49.88,255.49,normal,0
2026-09-10T02:16:20+00:00,server06,40.29,58.32,46.14,198.45,normal,0
2026-09-10T02:16:30+00:00,server06,62.46,44.47,53.48,244.33,normal,0
2026-09-10T02:16:40+00:00,server06,35.96,49.85,42.68,178.93,normal,0
2026-09-10T02:16:50+00:00,server06,34.58,78.52,40.36,193.91,normal,0
2026-09-10T02:17:00+00:00,server06,11.36,56.15,31.79,119.96,normal,0
2026-09-10T02:17:10+00:00,server06,85.04,72.75,58.4,302.76,normal,0
2026-09-10T02:17:20+00:00,server06,97.93,96.66,67.21,352.3,overload,1
2026-09-10T02:17:30+00:00,server06,49.38,64.15,49.58,203.03,normal,0
2026-09-10T02:17:40+00:00,server06,15.34,74.05,33.02,134.06,normal,0
2026-09-10T02:17:50+00:00,server06,79.44,60.71,51.41,279.44,normal,0
2026-09-10T02:18:00+00:00,server06,61.13,74.49,51.53,258.12,normal,0
2026-09-10T02:18:10+00:00,server06,20.77,40.05,40.06,145.38,normal,0
2026-09-10T02:18:20+00:00,server06,98.49,93.81,65.34,347.88,overload,1
2026-09-10T02:18:30+00:00,server06,89.51,52.57,57.68,295.78,normal,0
2026-09-10T02:18:40+00:00,server06,92.1,77.57,66.79,331.98,normal,0
2026-09-10T02:18:50+00:00,server06,24.11,32.27,35.42,131.27,normal,0
2026-09-10T02:19:00+00:00,server06,91.79,57.5,87.67,312.02,cooling_fault,1
2026-09-10T02:19:10+00:00,server06,90.4,55.15,58.31,322.21,normal,0
2026-09-10T02:19:20+00:00,server06,33.97,36.76,42.41,177.12,normal,0
2026-09-10T02:19:30+00:00,server06,69.53,36.26,54.97,272.06,normal,0
2026-09-10T02:19:40+00:00,server06,91.53,94.47,65.74,321.48,overload,1
2026-09-10T02:19:50+00:00,server06,23.41,63.55,33.58,160.25,normal,0
2026-09-10T02:20:00+00:00,server06,10.05,51.63,35.32,119.44,normal,0
2026-09-10T02:20:10+00:00,server06,39.09,43.07,47.78,189.29,normal,0
2026-09-10T02:20:20+00:00,server06,25.61,39.38,34.83,153.48,normal,0
2026-09-10T02:20:30+00:00,server06,72.77,43.54,55.59,269.24,normal,0
2026-09-10T02:20:40+00:00,server06,49.14,30.82,51.38,207.83,normal,0
2026-09-10T02:20:50+00:00,server06,67.22,70.45,52.39,257.27,normal,0
2026-09-10T02:21:00+00:00,server06,39.46,55.93,41.71,182.37,normal,0
2026-09-10T02:21:10+00:00,server06,59.77,54.16,47.52,249.88,normal,0
2026-09-10T02:21:20+00:00,server06,18.33,51.05,36.73,151.8,normal,0
2026-09-10T02:21:30+00:00,server06,29.58,50.1,64.79,187.16,cooling_fault,1
2026-09-10T02:21:40+00:00,server06,40.16,40.96,44.75,192.6,normal,0
2026-09-10T02:21:50+00:00,server06,31.64,84.18,41.18,183.77,normal,0
2026-09-10T02:22:00+00:00,server06,67.35,43.55,52.16,250.49,normal,0
2026-09-10T02:22:10+00:00,server06,96.41,95.65,63.19,342.07,overload,1
2026-09-10T02:22:20+00:00,server06,69.55,59.33,56.02,251.93,normal,0
2026-09-10T02:22:30+00:00,server06,27.35,37.93,40.18,161.28,normal,0
2026-09-10T02:22:40+00:00,server06,97.68,93.44,64.51,339.94,overload,1
2026-09-10T02:22:50+00:00,server06,10.29,47.43,32.56,104.1,normal,0
2026-09-10T02:23:00+00:00,server06,53.88,20.4,51.24,215.0,normal,0
2026-09-10T02:23:10+00:00,server06,58.28,44.68,47.6,226.89,normal,0
2026-09-10T02:23:20+00:00,server06,44.85,85.54,46.37,217.93,normal,0
2026-09-10T02:23:30+00:00,server06,53.6,53.77,50.62,224.37,normal,0
2026-09-10T02:23:40+00:00,server06,33.93,50.46,40.66,171.21,normal,0
2026-09-10T02:23:50+00:00,server06,49.74,59.93,46.94,225.86,normal,0
2026-09-10T02:24:00+00:00,server06,65.85,36.18,54.22,247.71,normal,0
2026-09-10T02:24:10+00:00,server06,87.12,58.36,59.8,305.76,normal,0
2026-09-10T02:24:20+00:00,server06,48.6,50.29,50.05,211.42,normal,0
2026-09-10T02:24:30+00:00,server06,43.39,45.01,65.79,197.36,cooling_fault,1
2026-09-10T02:24:40+00:00,server06,90.6,41.93,83.95,314.68,cooling_fault,1
2026-09-10T02:24:50+00:00,server06,98.19,98.18,64.13,344.59,overload,1
2026-09-10T02:25:00+00:00,server06,100.0,97.14,68.69,356.01,overload,1
2026-09-10T02:25:10+00:00,server06,63.65,77.45,54.44,255.48,normal,0
2026-09-10T02:25:20+00:00,server06,35.61,66.33,43.59,189.68,normal,0
2026-09-10T02:25:30+00:00,server06,31.03,76.45,39.51,180.25,normal,0
2026-09-10T02:25:40+00:00,server06,11.55,35.37,31.32,111.62,normal,0
2026-09-10T02:25:50+00:00,server06,76.49,70.44,55.94,294.79,normal,0
2026-09-10T02:26:00+00:00,server06,45.42,56.56,48.33,215.13,normal,0
2026-09-10T02:26:10+00:00,server06,50.69,29.77,50.36,199.86,normal,0
2026-09-10T02:26:20+00:00,server06,59.61,68.31,45.94,239.97,normal,0
2026-09-10T02:26:30+00:00,server06,40.47,59.14,37.56,204.45,normal,0
2026-09-10T02:26:40+00:00,server06,74.86,58.43,57.71,288.88,normal,0
2026-09-10T02:26:50+00:00,server06,22.11,60.72,37.71,151.28,normal,0
2026-09-10T02:27:00+00:00,server06,78.92,72.57,60.68,298.8,normal,0
2026-09-10T02:27:10+00:00,server06,10.66,72.87,36.33,139.33,normal,0
2026-09-10T02:27:20+00:00,server06,93.96,94.0,60.06,323.14,overload,1
2026-09-10T02:27:30+00:00,server06,97.2,95.74,65.08,330.3,overload,1
2026-09-10T02:27:40+00:00,server06,18.31,55.73,32.03,133.25,normal,0
2026-09-10T02:27:50+00:00,server06,72.46,58.93,58.43,270.61,normal,0
2026-09-10T02:28:00+00:00,server06,24.46,52.34,36.69,142.5,normal,0
2026-09-10T02:28:10+00:00,server06,79.64,73.91,55.55,279.44,normal,0
2026-09-10T02:28:20+00:00,server06,11.51,34.79,24.7,110.36,normal,0
2026-09-10T02:28:30+00:00,server06,92.55,97.08,59.95,331.33,overload,1
2026-09-10T02:28:40+00:00,server06,63.93,53.27,77.01,254.77,cooling_fault,1
2026-09-10T02:28:50+00:00,server06,68.51,48.83,76.31,256.81,cooling_fault,1
2026-09-10T02:29:00+00:00,server06,66.14,53.8,56.88,256.38,normal,0
2026-09-10T02:29:10+00:00,server06,87.21,30.43,65.51,297.17,normal,0
2026-09-10T02:29:20+00:00,server06,91.2,98.38,57.17,339.19,overload,1
2026-09-10T02:29:30+00:00,server06,35.67,65.71,41.72,189.52,normal,0
2026-09-10T02:29:40+00:00,server06,63.34,39.02,53.25,229.2,normal,0
2026-09-10T02:29:50+00:00,server06,11.41,61.96,26.14,116.96,normal,0
2026-09-10T02:30:00+00:00,server06,26.47,40.86,46.91,153.67,normal,0
2026-09-10T02:30:10+00:00,server06,43.01,40.74,41.5,203.54,normal,0
2026-09-10T02:30:20+00:00,server06,14.35,74.15,36.48,128.16,normal,0
2026-09-10T02:30:30+00:00,server06,92.62,93.57,62.28,329.18,overload,1
2026-09-10T02:30:40+00:00,server06,93.1,94.93,60.75,340.92,overload,1
2026-09-10T02:30:50+00:00,server06,68.12,55.9,58.59,259.2,normal,0
2026-09-10T02:31:00+00:00,server06,11.12,67.9,33.07,137.22,normal,0
2026-09-10T02:31:10+00:00,server06,77.12,66.85,57.29,286.02,normal,0
2026-09-10T02:31:20+00:00,server06,54.83,67.96,71.06,237.59,cooling_fault,1
2026-09-10T02:31:30+00:00,server06,54.58,75.37,72.74,231.45,cooling_fault,1
2026-09-10T02:31:40+00:00,server06,96.24,97.3,59.27,347.11,overload,1
2026-09-10T02:31:50+00:00,server06,70.75,90.88,53.23,267.27,normal,0
2026-09-10T02:32:00+00:00,server06,54.16,68.07,47.34,223.76,normal,0
2026-09-10T02:32:10+00:00,server06,18.35,48.76,36.07,155.2,normal,0
2026-09-10T02:32:20+00:00,server06,23.32,44.11,38.83,144.78,normal,0
2026-09-10T02:32:30+00:00,server06,94.15,53.3,67.27,328.04,normal,0
2026-09-10T02:32:40+00:00,server06,42.33,69.28,42.51,195.41,normal,0
2026-09-10T02:32:50+00:00,server06,92.69,48.46,56.75,310.22,normal,0
2026-09-10T02:33:00+00:00,server06,17.16,59.5,63.17,130.97,cooling_fault,1
2026-09-10T02:33:10+00:00,server06,81.93,80.58,62.44,287.63,normal,0
2026-09-10T02:33:20+00:00,server06,59.39,29.56,54.04,233.21,normal,0
2026-09-10T02:33:30+00:00,server06,53.66,61.65,52.25,236.13,normal,0
2026-09-10T02:33:40+00:00,server06,19.66,56.4,68.17,122.29,cooling_fault,1
2026-09-10T02:33:50+00:00,server06,71.36,34.46,83.92,257.35,cooling_fault,1
2026-09-10T02:34:00+00:00,server06,11.32,85.54,51.74,137.1,cooling_fault,1
2026-09-10T02:34:10+00:00,server06,63.38,83.92,50.21,268.87,normal,0
2026-09-10T02:34:20+00:00,server06,20.86,32.69,58.29,121.12,cooling_fault,1
2026-09-10T02:34:30+00:00,server06,80.7,56.19,57.88,301.39,normal,0
2026-09-10T02:34:40+00:00,server06,89.48,57.21,67.46,316.89,normal,0
2026-09-10T02:34:50+00:00,server06,84.96,61.95,58.47,298.4,normal,0
2026-09-10T02:35:00+00:00,server06,38.27,66.86,42.17,198.87,normal,0
2026-09-10T02:35:10+00:00,server06,11.97,58.8,27.86,101.98,normal,0
2026-09-10T02:35:20+00:00,server06,17.19,30.41,57.73,137.79,cooling_fault,1
2026-09-10T02:35:30+00:00,server06,26.51,61.8,36.52,168.36,normal,0
2026-09-10T02:35:40+00:00,server06,24.34,55.88,40.9,149.19,normal,0
2026-09-10T02:35:50+00:00,server06,68.46,55.03,58.55,250.46,normal,0
2026-09-10T02:36:00+00:00,server06,93.95,96.07,66.43,326.45,overload,1
2026-09-10T02:36:10+00:00,server06,70.94,60.41,54.84,268.75,normal,0
2026-09-10T02:36:20+00:00,server06,25.51,42.19,33.62,144.89,normal,0
2026-09-10T02:36:30+00:00,server06,91.79,24.89,64.57,291.91,normal,0
2026-09-10T02:36:40+00:00,server06,26.4,68.36,40.9,171.7,normal,0
2026-09-10T02:36:50+00:00,server06,85.8,32.51,80.91,303.26,cooling_fault,1
2026-09-10T02:37:00+00:00,server06,31.84,73.93,37.24,184.35,normal,0
2026-09-10T02:37:10+00:00,server06,35.98,63.17,45.49,179.69,normal,0
2026-09-10T02:37:20+00:00,server06,62.45,61.46,55.38,245.9,normal,0
2026-09-10T02:37:30+00:00,server06,90.74,41.21,65.69,318.53,normal,0
2026-09-10T02:37:40+00:00,server06,96.54,97.97,64.61,337.85,overload,1
2026-09-10T02:37:50+00:00,server06,28.22,60.5,48.15,165.12,normal,0
2026-09-10T02:38:00+00:00,server06,55.36,64.76,46.47,231.66,normal,0
2026-09-10T02:38:10+00:00,server06,22.47,66.85,38.16,157.21,normal,0
2026-09-10T02:38:20+00:00,server06,65.64,33.22,52.17,240.89,normal,0
2026-09-10T02:38:30+00:00,server06,44.65,57.99,48.69,195.44,normal,0
2026-09-10T02:38:40+00:00,server06,27.15,46.38,41.11,171.85,normal,0
2026-09-10T02:38:50+00:00,server06,32.26,72.44,64.89,190.26,cooling_fault,1
2026-09-10T02:39:00+00:00,server06,91.86,63.74,67.71,321.99,normal,0
2026-09-10T02:39:10+00:00,server06,94.11,98.06,65.93,332.79,overload,1
2026-09-10T02:39:20+00:00,server06,27.06,61.93,40.77,152.87,normal,0
2026-09-10T02:39:30+00:00,server06,40.21,41.17,45.95,179.62,normal,0
2026-09-10T02:39:40+00:00,server06,72.33,69.12,52.7,284.48,normal,0
2026-09-10T02:39:50+00:00,server06,77.8,61.17,52.38,286.7,normal,0
2026-09-10T02:40:00+00:00,server06,38.61,40.61,41.06,190.12,normal,0
2026-09-10T02:40:10+00:00,server06,71.95,36.47,54.23,255.52,normal,0
2026-09-10T02:40:20+00:00,server06,57.93,69.59,76.13,247.94,cooling_fault,1
2026-09-10T02:40:30+00:00,server06,92.55,74.39,60.23,312.71,normal,0
2026-09-10T02:40:40+00:00,server06,11.32,52.63,35.37,125.61,normal,0
2026-09-10T02:40:50+00:00,server06,51.46,54.79,47.88,226.36,normal,0
2026-09-10T02:41:00+00:00,server06,47.27,53.62,73.3,204.85,cooling_fault,1
2026-09-10T02:41:10+00:00,server06,89.89,11.76,84.97,300.28,cooling_fault,1
2026-09-10T02:41:20+00:00,server06,50.7,39.3,50.48,216.81,normal,0
2026-09-10T02:41:30+00:00,server06,35.71,33.31,45.66,189.27,normal,0
2026-09-10T02:41:40+00:00,server06,82.31,67.9,58.17,278.54,normal,0
2026-09-10T02:41:50+00:00,server06,57.78,77.95,49.96,238.76,normal,0
2026-09-10T02:42:00+00:00,server06,56.23,55.85,47.31,233.82,normal,0
2026-09-10T02:42:10+00:00,server06,20.08,65.02,38.75,149.29,normal,0
2026-09-10T02:42:20+00:00,server06,53.28,67.29,46.75,234.94,normal,0
2026-09-10T02:42:30+00:00,server06,53.7,55.39,51.8,218.13,normal,0
2026-09-10T02:42:40+00:00,server06,70.91,46.5,80.84,249.75,cooling_fault,1
2026-09-10T02:42:50+00:00,server06,87.79,53.46,60.95,294.67,normal,0
2026-09-10T02:43:00+00:00,server06,74.87,55.43,55.71,277.53,normal,0
2026-09-10T02:43:10+00:00,server06,24.08,39.4,67.33,139.81,cooling_fault,1
2026-09-10T02:43:20+00:00,server06,83.35,71.52,60.7,303.49,normal,0
2026-09-10T02:43:30+00:00,server06,70.27,51.19,56.32,267.12,normal,0
2026-09-10T02:43:40+00:00,server06,17.26,52.62,36.62,122.03,normal,0
2026-09-10T02:43:50+00:00,server06,82.77,64.78,82.31,294.58,cooling_fault,1
2026-09-10T02:44:00+00:00,server06,60.14,17.8,80.69,234.04,cooling_fault,1
2026-09-10T02:44:10+00:00,server06,77.23,67.36,54.95,288.85,normal,0
2026-09-10T02:44:20+00:00,server06,50.4,63.0,48.73,234.92,normal,0
2026-09-10T02:44:30+00:00,server06,33.4,50.57,47.76,172.48,normal,0
2026-09-10T02:44:40+00:00,server06,11.17,71.22,37.3,128.0,normal,0
2026-09-10T02:44:50+00:00,server06,58.61,29.09,50.81,230.03,normal,0
2026-09-10T02:45:00+00:00,server06,18.39,58.09,37.43,144.72,normal,0
2026-09-10T02:45:10+00:00,server06,67.63,52.32,56.26,250.2,normal,0
2026-09-10T02:45:20+00:00,server06,83.17,56.74,60.32,302.91,normal,0
2026-09-10T02:45:30+00:00,server06,88.64,57.76,94.13,300.5,cooling_fault,1
2026-09-10T02:45:40+00:00,server06,65.45,54.48,56.56,269.6,normal,0
2026-09-10T02:45:50+00:00,server06,30.0,41.2,38.91,153.53,normal,0
2026-09-10T02:46:00+00:00,server06,78.1,58.18,62.52,301.33,normal,0
2026-09-10T02:46:10+00:00,server06,14.81,72.4,38.98,140.79,normal,0
2026-09-10T02:46:20+00:00,server06,38.0,40.17,39.65,182.85,normal,0
2026-09-10T02:46:30+00:00,server06,56.31,53.03,44.6,214.16,normal,0
